batch_id,source_id,sense_group_id,band,source_number,canonical_word,variants,pinyin,meaning_english,source_pos_label,part_of_speech_normalized,cross_band_status,same_written_form_cross_band_flag,sense_group_size,priority,thai_meaning,example_zh,example_pinyin,example_thai
BATCH-01,B1-0006,S-00006,1,6,白,白,bái,white,形,adjective,same_form_different_sense_or_pos,False,1,P0,,,,
BATCH-01,B1-0022,S-00022,1,22,本,本,běn,(measure word for books or volumes),量,measure_word,unique,False,1,P0,,,,
BATCH-01,B1-0025,S-00025,1,25,别,别,bié,Don’t,副,adverb,same_form_different_sense_or_pos,False,1,P0,,,,
BATCH-01,B1-0053,S-00053,1,53,次,次,cì,"(measure word for times, frequency)",量,measure_word,same_form_different_sense_or_pos,False,1,P0,,,,
BATCH-01,B1-0056,S-00056,1,56,打,打,dǎ,"hit, take",动,verb,same_form_different_sense_or_pos,False,1,P0,,,,
BATCH-01,B1-0068,S-00068,1,68,等,等,děng,wait,动,verb,same_form_different_sense_or_pos,False,1,P0,,,,
BATCH-01,B1-0071,S-00071,1,71,地方,地方,dìfang,local,,,exact_duplicate_cross_band,False,2,P0,,,,
BATCH-01,B1-0092,S-00092,1,92,对,对,duì,right,形,adjective,same_form_different_sense_or_pos,False,1,P0,,,,
BATCH-01,B1-0109,S-00109,1,109,分,分,fēn,minute; point; part; (measure word),名、量,noun|measure_word,same_form_different_sense_or_pos,False,1,P0,,,,
BATCH-01,B1-0125,S-00125,1,125,关,关,guān,shut; close; turn off,动,verb,same_form_different_sense_or_pos,False,1,P0,,,,
BATCH-01,B1-0138,S-00138,1,138,好,好,hǎo,good,形,adjective,same_form_different_sense_or_pos,False,2,P0,,,,
BATCH-01,B1-0150,S-00150,1,150,花,花,huā,flower,名,noun,same_form_different_sense_or_pos,False,1,P0,,,,
BATCH-01,B1-0154,S-00154,1,154,回,回,huí,go back; return,动,verb,same_form_different_sense_or_pos,False,1,P0,,,,
BATCH-01,B1-0160,S-00160,1,160,会,会,huì,can; be able to,动,verb,same_form_different_sense_or_pos,False,1,P0,,,,
BATCH-01,B1-0176,S-00176,1,176,叫,叫,jiào,call; be called,动,verb,same_form_different_sense_or_pos,False,1,P0,,,,
BATCH-01,B1-0207,S-00207,1,207,老,老,lǎo,old; aged,形,adjective,same_form_different_sense_or_pos,False,1,P0,,,,
BATCH-01,B1-0210,S-00210,1,210,了,了,le,past tense marker,,,exact_duplicate_cross_band,False,2,P0,,,,
BATCH-01,B1-0215,S-00215,1,215,两,两,liǎng,two,数,numeral,same_form_different_sense_or_pos,False,1,P0,,,,
BATCH-01,B1-0231,S-00231,1,231,毛,毛,máo,a fractional unit of money in China (measure word),量,measure_word,same_form_different_sense_or_pos,False,1,P0,,,,
BATCH-01,B1-0250,S-00250,1,250,哪,哪,nǎ,which,,,exact_duplicate_cross_band,False,2,P0,,,,
BATCH-01,B1-0254,S-00254,1,254,那,那,nà,that,代,pronoun,same_form_different_sense_or_pos,False,1,P0,,,,
BATCH-01,B1-0416,S-00416,1,416,行,行,xíng,That’s ok,,,exact_duplicate_cross_band,False,2,P0,,,,
BATCH-01,B1-0423,S-00423,1,423,要,要,yào,want,动,verb,same_form_different_sense_or_pos,False,1,P0,,,,
BATCH-01,B1-0461,S-00461,1,461,站,站,zhàn,station,名,noun,same_form_different_sense_or_pos,False,1,P0,,,,
BATCH-01,B1-0469,S-00469,1,469,着,着,zhe,in process of,,,exact_duplicate_cross_band,False,2,P0,,,,
BATCH-01,B1-0472,S-00472,1,472,正,正,zhèng,just; exactly,副,adverb,same_form_different_sense_or_pos,False,1,P0,,,,
BATCH-01,B1-0483,S-00483,1,483,重,重,zhòng,heavy,,,exact_duplicate_cross_band,False,2,P0,,,,
BATCH-01,B2-0017,S-00517,2,17,背,背,bēi,carry on the back; shoulder,动,verb,same_form_different_sense_or_pos,False,1,P0,,,,
BATCH-01,B2-0046,S-00546,2,46,才,才,cái,only; just,副,adverb,same_form_different_sense_or_pos,False,1,P0,,,,
BATCH-01,B2-0062,S-00562,2,62,称¹,称¹,chēng,call; say,动,verb,unique,False,1,P0,,,,
BATCH-01,B2-0063,S-00563,2,63,成,成,chéng,become; finish,动,verb,unique,False,1,P0,,,,
BATCH-01,B2-0070,S-00570,2,70,出口,出口,chū kǒu,export,名,noun,same_form_different_sense_or_pos,False,1,P0,,,,
BATCH-01,B2-0148,S-00648,2,148,多,多,duō,much more; far more,副,adverb,same_form_different_sense_or_pos,False,1,P0,,,,
BATCH-01,B2-0164,S-00664,2,164,分,分,fēn,divide; part; distribute,动,verb,same_form_different_sense_or_pos,False,1,P0,,,,
BATCH-01,B2-0169,S-00669,2,169,封,封,fēng,(measure word),量,measure_word,same_form_different_sense_or_pos,False,1,P0,,,,
BATCH-01,B2-0172,S-00672,2,172,该,该,gāi,deserve; should; owe,动,verb,unique,False,1,P0,,,,
BATCH-01,B2-0209,S-00709,2,209,过去,过去,guòqù,go over; pass by,动,verb,same_form_different_sense_or_pos,False,1,P0,,,,
BATCH-01,B2-0214,S-00714,2,214,好,好,hǎo,well; fine; okay,副,adverb,same_form_different_sense_or_pos,False,1,P0,,,,
BATCH-01,B2-0232,S-00732,2,232,花,花,huā,spend; expend,动,verb,same_form_different_sense_or_pos,False,1,P0,,,,
BATCH-01,B2-0243,S-00743,2,243,回,回,huí,(measure word),量,measure_word,same_form_different_sense_or_pos,False,1,P0,,,,
BATCH-01,B2-0245,S-00745,2,245,会,会,huì,meeting; gathering; conference; union; party,名,noun,same_form_different_sense_or_pos,False,1,P0,,,,
BATCH-01,B2-0288,S-00788,2,288,节,节,jié,festival; holiday; joint; (measure word),名、量,noun|measure_word,unique,False,1,P0,,,,
BATCH-01,B2-0324,S-00824,2,324,刻,刻,kè,a quarter (of an hour),量,measure_word,same_form_different_sense_or_pos,False,1,P0,,,,
BATCH-01,B2-0339,S-00839,2,339,老,老,lǎo,always; constantly,副,adverb,same_form_different_sense_or_pos,False,1,P0,,,,
BATCH-01,B2-0356,S-00856,2,356,两,两,liǎng,a unit of weight (=50 grams),量,measure_word,same_form_different_sense_or_pos,False,1,P0,,,,
BATCH-01,B2-0376,S-00876,2,376,米,米,mǐ,meter,量,measure_word,same_form_different_sense_or_pos,False,1,P0,,,,
BATCH-01,B2-0377,S-00877,2,377,面¹,面¹,miàn ¹,(measure word); side; aspect,名、量,noun|measure_word,unique,False,1,P0,,,,
BATCH-01,B2-0378,S-00878,2,378,面²,面²,miàn ²,face; surface; outside; side; scale; flour,名,noun,unique,False,1,P0,,,,
BATCH-01,B2-0387,S-00887,2,387,那,那,nà,then; in that case,连,conjunction,same_form_different_sense_or_pos,False,1,P0,,,,
BATCH-01,B2-0406,S-00906,2,406,怕,怕,pà,be afraid; fear; dread,动,verb,same_form_different_sense_or_pos,False,1,P0,,,,
BATCH-01,B2-0407,S-00907,2,407,排,排,pái,row; line,名、量,noun|measure_word,same_form_different_sense_or_pos,False,1,P0,,,,
BATCH-01,B2-0477,S-00977,2,477,生,生,shēng,give birth; be born,动,verb,same_form_different_sense_or_pos,False,1,P0,,,,
BATCH-01,B2-0481,S-00981,2,481,省,省,shěng,province,名,noun,unique,False,1,P0,,,,
BATCH-01,B2-0482,S-00982,2,482,省,省,shěng,economize; save; omit; leave out,动,verb,unique,False,1,P0,,,,
BATCH-01,B2-0541,S-01041,2,541,挺,挺,tǐng,very; quite; pretty; rather,副,adverb,same_form_different_sense_or_pos,False,1,P0,,,,
BATCH-01,B2-0549,S-01049,2,549,头,头,tóu,head; beginning or end; side; (measure word),名、量,noun|measure_word,same_form_different_sense_or_pos,False,1,P0,,,,
BATCH-01,B2-0589,S-01089,2,589,下,下,xià,(measure word),量,measure_word,same_form_different_sense_or_pos,False,1,P0,,,,
BATCH-01,B2-0601,S-01101,2,601,像,像,xiàng,be like; resemble; look like; such as,动,verb,unique,False,1,P0,,,,
BATCH-01,B2-0617,S-01117,2,617,信,信,xìn,letter; mail; faith,名,noun,same_form_different_sense_or_pos,False,1,P0,,,,
BATCH-01,B2-0649,S-01149,2,649,一会儿,一会儿,yíhuìr,awhile; in a moment; presently,副,adverb,same_form_different_sense_or_pos,False,1,P0,,,,
BATCH-01,B2-0713,S-01213,2,713,站,站,zhàn,stand; stop; halt,动,verb,same_form_different_sense_or_pos,False,1,P0,,,,
BATCH-01,B3-0006,S-01278,3,6,把,把,bǎ,direct object),介,preposition,unique,False,1,P0,,,,
BATCH-01,B3-0007,S-01279,3,7,把,把,bǎ,(measure word),量,measure_word,unique,False,1,P0,,,,
BATCH-01,B3-0009,S-01281,3,9,白,白,bái,without results; in vain; waste efforts,副,adverb,same_form_different_sense_or_pos,False,1,P0,,,,
BATCH-01,B3-0024,S-01296,3,24,报,报,bào,newspaper; periodical; journal; report;,名,noun,unique,False,1,P0,,,,
BATCH-01,B3-0030,S-01302,3,30,背,背,bèi,back of the body; back side of an object,名,noun,same_form_different_sense_or_pos,False,1,P0,,,,
BATCH-01,B3-0101,S-00483,3,101,重,重,zhòng,heavy,,,exact_duplicate_cross_band,False,2,P0,,,,
BATCH-01,B3-0279,S-01550,3,279,过去,过去,guòqù,past; old; foretime,名,noun,same_form_different_sense_or_pos,False,1,P0,,,,
BATCH-01,B3-0283,S-00416,3,283,行,行,xíng,That’s ok,,,exact_duplicate_cross_band,False,2,P0,,,,
BATCH-01,B3-0311,S-01581,3,311,火,火,huǒ,fire; anger; temper,名,noun,same_form_different_sense_or_pos,False,1,P0,,,,
BATCH-01,B3-0355,S-01625,3,355,叫,叫,jiào,(preposition) compare; comparatively; relatively; fairly;,介,preposition,same_form_different_sense_or_pos,False,1,P0,,,,
BATCH-01,B3-0420,S-01690,3,420,空,空,kōng,empty,,,exact_duplicate_cross_band,False,2,P0,,,,
BATCH-01,B3-0455,S-00210,3,455,了,了,le,past tense marker,,,exact_duplicate_cross_band,False,2,P0,,,,
BATCH-01,B3-0475,S-01744,3,475,毛,毛,máo,a fractional unit of money in China; hair; fur,名,noun,same_form_different_sense_or_pos,False,1,P0,,,,
BATCH-01,B3-0487,S-01756,3,487,米,米,mǐ,meter; rice,名,noun,same_form_different_sense_or_pos,False,1,P0,,,,
BATCH-01,B3-0515,S-01784,3,515,牛,牛,niú,cattle; ox; cow,名,noun,same_form_different_sense_or_pos,False,1,P0,,,,
BATCH-01,B3-0521,S-01790,3,521,怕,怕,pà,perhaps; afraid,副,adverb,same_form_different_sense_or_pos,False,1,P0,,,,
BATCH-01,B3-0523,S-01792,3,523,排,排,pái,arrange; put in order; exclude; rehearse,动,verb,same_form_different_sense_or_pos,False,1,P0,,,,
BATCH-01,B3-0598,S-01867,3,598,任,任,rèn,appoint; assign,动,verb,unique,False,1,P0,,,,
BATCH-01,B3-0599,S-01868,3,599,任,任,rèn,"no matter (how, what, etc.)",连,conjunction,unique,False,1,P0,,,,
BATCH-01,B3-0628,S-01897,3,628,生,生,shēng,unripe; green; living; raw; unfamiliar,形,adjective,same_form_different_sense_or_pos,False,1,P0,,,,
BATCH-01,B3-0691,S-01960,3,691,所,所,suǒ,place; office; spot; (measure word),名、量,noun|measure_word,unique,False,1,P0,,,,
BATCH-01,B3-0722,S-01991,3,722,痛,痛,tòng,sore; painful; sad,形,adjective,unique,False,1,P0,,,,
BATCH-01,B3-0724,S-01993,3,724,头,头,tóu,lead; head,形,adjective,same_form_different_sense_or_pos,False,1,P0,,,,
BATCH-01,B3-0730,S-01999,3,730,土,土,tǔ,soil; earth; land; ground,名,noun,unique,False,1,P0,,,,
BATCH-01,B3-0751,S-02020,3,751,为,为,wéi,act as; become; be; mean,动,verb,same_form_different_sense_or_pos,False,1,P0,,,,
BATCH-01,B3-0752,S-02021,3,752,为,为,wèi,(preposition),介,preposition,same_form_different_sense_or_pos,False,1,P0,,,,
BATCH-01,B3-0772,S-02041,3,772,系,系,xì,department,,,exact_duplicate_cross_band,False,2,P0,,,,
BATCH-01,B3-0800,S-02069,3,800,信,信,xìn,believe; trust,动,verb,same_form_different_sense_or_pos,False,1,P0,,,,
BATCH-01,B3-0896,S-02165,3,896,正,正,zhèng,straight; upright; positive; correct; main,形,adjective,same_form_different_sense_or_pos,False,1,P0,,,,
BATCH-01,B3-0902,S-02171,3,902,支,支,zhī,(measure word),量,measure_word,same_form_different_sense_or_pos,False,1,P0,,,,
BATCH-01,B3-0931,S-02200,3,931,种,种,zhǒng,species,,,exact_duplicate_cross_band,False,2,P0,,,,
BATCH-01,B4-0046,S-02288,4,46,别,别,bié,do not; leave; separate; pin,动,verb,same_form_different_sense_or_pos,False,1,P0,,,,
BATCH-01,B4-0051,S-02293,4,51,并,并,bìng,combine; merge; incorporate,动,verb,same_form_different_sense_or_pos,False,1,P0,,,,
BATCH-01,B4-0059,S-02301,4,59,才,才,cái,ability; talent; gift; endowment,名,noun,same_form_different_sense_or_pos,False,1,P0,,,,
BATCH-01,B4-0124,S-02366,4,124,次,次,cì,second-rate; secondary,形,adjective,same_form_different_sense_or_pos,False,1,P0,,,,
BATCH-01,B4-0181,S-00071,4,181,地方,地方,dìfang,local,,,exact_duplicate_cross_band,False,2,P0,,,,
BATCH-01,B4-0288,S-02529,4,288,关,关,guān,pass; check point; customhouse; mechanism; barrier,名,noun,same_form_different_sense_or_pos,False,1,P0,,,,
BATCH-01,B4-0317,S-00138,4,317,好,好,hǎo,good,,,same_form_different_sense_or_pos,False,2,P0,,,,
BATCH-01,B4-0327,S-02567,4,327,花,花,huā,multicoloured; coloured; flowery,形,adjective,same_form_different_sense_or_pos,False,1,P0,,,,
BATCH-02,B4-0340,S-02580,4,340,火,火,huǒ,fiery; flaming; urgent,形,adjective,same_form_different_sense_or_pos,False,1,P0,,,,
BATCH-02,B4-0364,S-02041,4,364,系,系,xì,department,,,exact_duplicate_cross_band,False,2,P0,,,,
BATCH-02,B4-0422,S-02661,4,422,局,局,jú,bureau; part; portion; innings; gathering,名,noun,unique,False,1,P0,,,,
BATCH-02,B4-0441,S-01690,4,441,空,空,kōng,empty,,,exact_duplicate_cross_band,False,2,P0,,,,
BATCH-02,B4-0531,S-00250,4,531,哪,哪,nǎ,which,,,exact_duplicate_cross_band,False,2,P0,,,,
BATCH-02,B4-0548,S-02785,4,548,盘,盘,pán,tray; plate; dish; current price; game; set; (measure word),名、量,noun|measure_word,unique,False,1,P0,,,,
BATCH-02,B4-0555,S-02792,4,555,批,批,pī,criticize; batch,动,verb,unique,False,1,P0,,,,
BATCH-02,B4-0556,S-02793,4,556,批,批,pī,(measure word),量,measure_word,unique,False,1,P0,,,,
BATCH-02,B4-0660,S-02897,4,660,首,首,shǒu,(measure word),量,measure_word,unique,False,1,P0,,,,
BATCH-02,B4-0718,S-02955,4,718,挺,挺,tǐng,stand; hold out; endure; stick out,动,verb,same_form_different_sense_or_pos,False,1,P0,,,,
BATCH-02,B4-0760,S-02997,4,760,喂,喂,wèi,feed,动,verb,same_form_different_sense_or_pos,False,1,P0,,,,
BATCH-02,B4-0860,S-03097,4,860,要,要,yào,if,连,conjunction,same_form_different_sense_or_pos,False,1,P0,,,,
BATCH-02,B4-0935,S-00469,4,935,着,着,zhe,in process of,,,exact_duplicate_cross_band,False,2,P0,,,,
BATCH-02,B4-0952,S-03188,4,952,支,支,zhī,put up; protrude; support; send away,动,verb,same_form_different_sense_or_pos,False,1,P0,,,,
BATCH-02,B4-0964,S-02200,4,964,种,种,zhǒng,species,,,exact_duplicate_cross_band,False,2,P0,,,,
BATCH-02,B5-0101,S-03336,5,101,称²,称²,chēng,call; say; name; commend; weigh,动,verb,unique,False,1,P0,,,,
BATCH-02,B5-0153,S-03388,5,153,打,打,dǎ,from; since,介,preposition,same_form_different_sense_or_pos,False,1,P0,,,,
BATCH-02,B5-0246,S-03481,5,246,封,封,fēng,seal; confer; envelop,动,verb,same_form_different_sense_or_pos,False,1,P0,,,,
BATCH-02,B5-0295,S-03530,5,295,怪,怪,guài,blame,动,verb,same_form_different_sense_or_pos,False,1,P0,,,,
BATCH-02,B5-0441,S-03676,5,441,刻,刻,kè,carve; engrave; cut,动,verb,same_form_different_sense_or_pos,False,1,P0,,,,
BATCH-02,B5-0530,S-03765,5,530,牛,牛,niú,stubborn; brave; awesome,形,adjective,same_form_different_sense_or_pos,False,1,P0,,,,
BATCH-02,B5-0579,S-03814,5,579,签,签,qiān,sign; autograph; sign one’s name,动,verb,unique,False,1,P0,,,,
BATCH-02,B5-0893,S-04128,5,893,一下儿,一下儿,yí xiàr,a little bit; a little while,副,adverb,same_form_different_sense_or_pos,False,1,P0,,,,
BATCH-02,B1-0001,S-00001,1,1,爱,爱,ài,love,,,unique,False,1,P1,,,,
BATCH-02,B1-0002,S-00002,1,2,爱好,爱好,àihào,hobby,,,unique,False,1,P1,,,,
BATCH-02,B1-0003,S-00003,1,3,八,八,bā,eight,,,unique,False,1,P1,,,,
BATCH-02,B1-0004,S-00004,1,4,爸爸,爸爸 | 爸,bàba ｜ bà,dad,,,unique,False,1,P1,,,,
BATCH-02,B1-0005,S-00005,1,5,吧,吧,ba,(interjection particle),,,unique,False,1,P1,,,,
BATCH-02,B1-0007,S-00007,1,7,白天,白天,bái tiān,day,,,unique,False,1,P1,,,,
BATCH-02,B1-0008,S-00008,1,8,百,百,bǎi,hundred,,,unique,False,1,P1,,,,
BATCH-02,B1-0009,S-00009,1,9,班,班,bān,class,,,unique,False,1,P1,,,,
BATCH-02,B1-0010,S-00010,1,10,半,半,bàn,half,,,unique,False,1,P1,,,,
BATCH-02,B1-0011,S-00011,1,11,半年,半年,bàn nián,half a year,,,unique,False,1,P1,,,,
BATCH-02,B1-0012,S-00012,1,12,半天,半天,bàn tiān,half day,,,unique,False,1,P1,,,,
BATCH-02,B1-0013,S-00013,1,13,帮,帮,bāng,help,,,unique,False,1,P1,,,,
BATCH-02,B1-0014,S-00014,1,14,帮忙,帮忙,bāng máng,help,,,unique,False,1,P1,,,,
BATCH-02,B1-0015,S-00015,1,15,包,包,bāo,package,,,unique,False,1,P1,,,,
BATCH-02,B1-0016,S-00016,1,16,包子,包子,bāozi,bun,,,unique,False,1,P1,,,,
BATCH-02,B1-0017,S-00017,1,17,杯,杯,bēi,cup,,,unique,False,1,P1,,,,
BATCH-02,B1-0018,S-00018,1,18,杯子,杯子,bēizi,cup,,,unique,False,1,P1,,,,
BATCH-02,B1-0019,S-00019,1,19,北,北,běi,north,,,unique,False,1,P1,,,,
BATCH-02,B1-0020,S-00020,1,20,北边,北边,běi biān,North side,,,unique,False,1,P1,,,,
BATCH-02,B1-0021,S-00021,1,21,北京,北京,běi jīng,Beijing,,,unique,False,1,P1,,,,
BATCH-02,B1-0023,S-00023,1,23,本子,本子,běnzi,book,,,unique,False,1,P1,,,,
BATCH-02,B1-0024,S-00024,1,24,比,比,bǐ,particle used for comparison,,,unique,False,1,P1,,,,
BATCH-02,B1-0026,S-00026,1,26,别的,别的,biéde,other,,,unique,False,1,P1,,,,
BATCH-02,B1-0027,S-00027,1,27,别人,别人,bié·rén,other people,,,unique,False,1,P1,,,,
BATCH-02,B1-0028,S-00028,1,28,病,病,bìng,disease,,,unique,False,1,P1,,,,
BATCH-02,B1-0029,S-00029,1,29,病人,病人,bìng rén,patient,,,unique,False,1,P1,,,,
BATCH-02,B1-0030,S-00030,1,30,不大,不大,búdà,not big,,,unique,False,1,P1,,,,
BATCH-02,B1-0031,S-00031,1,31,不对,不对,bú duì,wrong,,,unique,False,1,P1,,,,
BATCH-02,B1-0032,S-00032,1,32,不客气,不客气,bú kè qì,You’re welcome,,,unique,False,1,P1,,,,
BATCH-02,B1-0033,S-00033,1,33,不用,不用,bú yòng,No need to,,,unique,False,1,P1,,,,
BATCH-02,B1-0034,S-00034,1,34,不,不,bù,No,,,unique,False,1,P1,,,,
BATCH-02,B1-0035,S-00035,1,35,菜,菜,cài,dish,,,unique,False,1,P1,,,,
BATCH-02,B1-0036,S-00036,1,36,茶,茶,chá,tea,,,unique,False,1,P1,,,,
BATCH-02,B1-0037,S-00037,1,37,差,差,chà,differ from; bad; short of,,,unique,False,1,P1,,,,
BATCH-02,B1-0038,S-00038,1,38,常,常,cháng,often,,,unique,False,1,P1,,,,
BATCH-02,B1-0039,S-00039,1,39,常常,常常,cháng cháng,often,,,unique,False,1,P1,,,,
BATCH-02,B1-0040,S-00040,1,40,唱,唱,chàng,sing,,,unique,False,1,P1,,,,
BATCH-02,B1-0041,S-00041,1,41,唱歌,唱歌,chàng gē,sing,,,unique,False,1,P1,,,,
BATCH-02,B1-0042,S-00042,1,42,车,车,chē,car,,,unique,False,1,P1,,,,
BATCH-02,B1-0043,S-00043,1,43,车票,车票,chēpiào,ticket,,,unique,False,1,P1,,,,
BATCH-02,B1-0044,S-00044,1,44,车上,车上,chēshàng,in the car,,,unique,False,1,P1,,,,
BATCH-02,B1-0045,S-00045,1,45,车站,车站,chēzhàn,station,,,unique,False,1,P1,,,,
BATCH-02,B1-0046,S-00046,1,46,吃,吃,chī,eat,,,unique,False,1,P1,,,,
BATCH-02,B1-0047,S-00047,1,47,吃饭,吃饭,chī fàn,have meal,,,unique,False,1,P1,,,,
BATCH-02,B1-0048,S-00048,1,48,出,出,chū,out,,,unique,False,1,P1,,,,
BATCH-02,B1-0049,S-00049,1,49,出来,出来,chū lái,come,,,unique,False,1,P1,,,,
BATCH-02,B1-0050,S-00050,1,50,出去,出去,chū qù,go out,,,unique,False,1,P1,,,,
BATCH-02,B1-0051,S-00051,1,51,穿,穿,chuān,wear,,,unique,False,1,P1,,,,
BATCH-02,B1-0052,S-00052,1,52,床,床,chuáng,bed,,,unique,False,1,P1,,,,
BATCH-02,B1-0054,S-00054,1,54,从,从,cóng,from,,,unique,False,1,P1,,,,
BATCH-02,B1-0055,S-00055,1,55,错,错,cuò,wrong,,,unique,False,1,P1,,,,
BATCH-02,B1-0057,S-00057,1,57,打车,打车,dǎchē,take a taxi,,,unique,False,1,P1,,,,
BATCH-02,B1-0058,S-00058,1,58,打电话,打电话,dǎdiàn huà,make a phonecall,,,unique,False,1,P1,,,,
BATCH-02,B1-0059,S-00059,1,59,打开,打开,dǎkāi,turn on,,,unique,False,1,P1,,,,
BATCH-02,B1-0060,S-00060,1,60,打球,打球,dǎqiú,play ball,,,unique,False,1,P1,,,,
BATCH-02,B1-0061,S-00061,1,61,大,大,dà,"large, big",,,unique,False,1,P1,,,,
BATCH-02,B1-0062,S-00062,1,62,大学,大学,dàxué,university,,,unique,False,1,P1,,,,
BATCH-02,B1-0063,S-00063,1,63,大学生,大学生,dàxué shēng,university student,,,unique,False,1,P1,,,,
BATCH-02,B1-0064,S-00064,1,64,到,到,dào,reach,,,unique,False,1,P1,,,,
BATCH-02,B1-0065,S-00065,1,65,得到,得到,dédào,get,,,unique,False,1,P1,,,,
BATCH-02,B1-0066,S-00066,1,66,地,地,de,auxiliary word,,,unique,False,1,P1,,,,
BATCH-02,B1-0067,S-00067,1,67,的,的,de,(aux.),,,unique,False,1,P1,,,,
BATCH-02,B1-0069,S-00069,1,69,地,地,dì,ground,,,unique,False,1,P1,,,,
BATCH-02,B1-0070,S-00070,1,70,地点,地点,dìdiǎn,location,,,unique,False,1,P1,,,,
BATCH-02,B1-0072,S-00072,1,72,地上,地上,dìshàng,on the ground,,,unique,False,1,P1,,,,
BATCH-02,B1-0073,S-00073,1,73,地图,地图,dìtú,Map,,,unique,False,1,P1,,,,
BATCH-02,B1-0074,S-00074,1,74,弟弟,弟弟 | 弟,dì di ｜ dì,younger brother,,,unique,False,1,P1,,,,
BATCH-02,B1-0075,S-00075,1,75,第,第,dì （ dì èr ）,auxiliary word for ordinal numbers (second ),,,unique,False,1,P1,,,,
BATCH-02,B1-0076,S-00076,1,76,点,点,diǎn,spot,,,unique,False,1,P1,,,,
BATCH-02,B1-0077,S-00077,1,77,电,电,diàn,electricity,,,unique,False,1,P1,,,,
BATCH-02,B1-0078,S-00078,1,78,电话,电话,diàn huà,phone,,,unique,False,1,P1,,,,
BATCH-02,B1-0079,S-00079,1,79,电脑,电脑,diànnǎo,Computer,,,unique,False,1,P1,,,,
BATCH-02,B1-0080,S-00080,1,80,电视,电视,diànshì,television,,,unique,False,1,P1,,,,
BATCH-02,B1-0081,S-00081,1,81,电视机,电视机,diàn shì jī,television,,,unique,False,1,P1,,,,
BATCH-02,B1-0082,S-00082,1,82,电影,电影,diànyǐng,Film,,,unique,False,1,P1,,,,
BATCH-02,B1-0083,S-00083,1,83,电影院,电影院,diàn yǐng yuàn,cinema; movie theater,,,unique,False,1,P1,,,,
BATCH-02,B1-0084,S-00084,1,84,东,东,dōng,east,,,unique,False,1,P1,,,,
BATCH-03,B1-0085,S-00085,1,85,东边,东边,dōng biān,east side,,,unique,False,1,P1,,,,
BATCH-03,B1-0086,S-00086,1,86,东西,东西,dōngxi,thing,,,unique,False,1,P1,,,,
BATCH-03,B1-0087,S-00087,1,87,动,动,dòng,move,,,unique,False,1,P1,,,,
BATCH-03,B1-0088,S-00088,1,88,动作,动作,dòngzuò,action,,,unique,False,1,P1,,,,
BATCH-03,B1-0089,S-00089,1,89,都,都,dōu,all,,,unique,False,1,P1,,,,
BATCH-03,B1-0090,S-00090,1,90,读,读,dú,read,,,unique,False,1,P1,,,,
BATCH-03,B1-0091,S-00091,1,91,读书,读书,dúshū,reading; study,,,unique,False,1,P1,,,,
BATCH-03,B1-0093,S-00093,1,93,对不起,对不起,duìbuqǐ,I’m sorry.,,,unique,False,1,P1,,,,
BATCH-03,B1-0094,S-00094,1,94,多,多,duō,many; much; more,,,same_form_different_sense_or_pos,False,1,P1,,,,
BATCH-03,B1-0095,S-00095,1,95,多少,多少,duōshao,how much,,,unique,False,1,P1,,,,
BATCH-03,B1-0096,S-00096,1,96,饿,饿,è,hungry,,,unique,False,1,P1,,,,
BATCH-03,B1-0097,S-00097,1,97,儿子,儿子,érzi,Son,,,unique,False,1,P1,,,,
BATCH-03,B1-0098,S-00098,1,98,二,二,èr,Two,,,unique,False,1,P1,,,,
BATCH-03,B1-0099,S-00099,1,99,饭,饭,fàn,rice; meal,,,unique,False,1,P1,,,,
BATCH-03,B1-0100,S-00100,1,100,饭店,饭店,fàndiàn,restaurant,,,unique,False,1,P1,,,,
BATCH-03,B1-0101,S-00101,1,101,房间,房间,fángjiān,Room,,,unique,False,1,P1,,,,
BATCH-03,B1-0102,S-00102,1,102,房子,房子,fángzi,house; building,,,unique,False,1,P1,,,,
BATCH-03,B1-0103,S-00103,1,103,放,放,fàng,discharge,,,unique,False,1,P1,,,,
BATCH-03,B1-0104,S-00104,1,104,放假,放假,fàngjià,holiday; have a holiday,,,unique,False,1,P1,,,,
BATCH-03,B1-0105,S-00105,1,105,放学,放学,fàng xué,off school,,,unique,False,1,P1,,,,
BATCH-03,B1-0106,S-00106,1,106,飞,飞,fēi,fly,,,unique,False,1,P1,,,,
BATCH-03,B1-0107,S-00107,1,107,飞机,飞机,fēijī,aircraft,,,unique,False,1,P1,,,,
BATCH-03,B1-0108,S-00108,1,108,非常,非常,fēicháng,very,,,unique,False,1,P1,,,,
BATCH-03,B1-0110,S-00110,1,110,风,风,fēng,wind,,,unique,False,1,P1,,,,
BATCH-03,B1-0111,S-00111,1,111,干,干,gān,dry,,,unique,False,1,P1,,,,
BATCH-03,B1-0112,S-00112,1,112,干净,干净,gānjìng,clean,,,unique,False,1,P1,,,,
BATCH-03,B1-0113,S-00113,1,113,干,干,gàn,do,,,unique,False,1,P1,,,,
BATCH-03,B1-0114,S-00114,1,114,干什么,干什么,gànshénme,What to do,,,unique,False,1,P1,,,,
BATCH-03,B1-0115,S-00115,1,115,高,高,gāo,high,,,unique,False,1,P1,,,,
BATCH-03,B1-0116,S-00116,1,116,高兴,高兴,gāoxìng,happy,,,unique,False,1,P1,,,,
BATCH-03,B1-0117,S-00117,1,117,告诉,告诉,gàosu,tell,,,unique,False,1,P1,,,,
BATCH-03,B1-0118,S-00118,1,118,哥哥,哥哥 | 哥,gē ge ｜ gē,elder brother,,,unique,False,1,P1,,,,
BATCH-03,B1-0119,S-00119,1,119,歌,歌,gē,song,,,unique,False,1,P1,,,,
BATCH-03,B1-0120,S-00120,1,120,个,个,gè,individual,,,unique,False,1,P1,,,,
BATCH-03,B1-0121,S-00121,1,121,给,给,gěi,give,,,unique,False,1,P1,,,,
BATCH-03,B1-0122,S-00122,1,122,跟,跟,gēn,with,,,unique,False,1,P1,,,,
BATCH-03,B1-0123,S-00123,1,123,工人,工人,gōngrén,Worker,,,unique,False,1,P1,,,,
BATCH-03,B1-0124,S-00124,1,124,工作,工作,gōngzuò,work,,,unique,False,1,P1,,,,
BATCH-03,B1-0126,S-00126,1,126,关上,关上,guānshàng,close;shut to; turn off,,,unique,False,1,P1,,,,
BATCH-03,B1-0127,S-00127,1,127,贵,贵,guì,noble,,,unique,False,1,P1,,,,
BATCH-03,B1-0128,S-00128,1,128,国,国,guó,country; state; nation,,,unique,False,1,P1,,,,
BATCH-03,B1-0129,S-00129,1,129,国家,国家,guójiā,Country,,,unique,False,1,P1,,,,
BATCH-03,B1-0130,S-00130,1,130,国外,国外,guó wài,foreign; oversea; abroad,,,unique,False,1,P1,,,,
BATCH-03,B1-0131,S-00131,1,131,过,过,guò,pass,,,same_form_different_sense_or_pos,False,1,P1,,,,
BATCH-03,B1-0132,S-00132,1,132,还,还,hái,also; still; yet,,,unique,False,1,P1,,,,
BATCH-03,B1-0133,S-00133,1,133,还是,还是,háishi,still,,,unique,False,1,P1,,,,
BATCH-03,B1-0134,S-00134,1,134,还有,还有,háiyǒu,also; in addition; besides,,,unique,False,1,P1,,,,
BATCH-03,B1-0135,S-00135,1,135,孩子,孩子,háizi,Children,,,unique,False,1,P1,,,,
BATCH-03,B1-0136,S-00136,1,136,汉语,汉语,hànyǔ,Chinese,,,unique,False,1,P1,,,,
BATCH-03,B1-0137,S-00137,1,137,汉字,汉字,hàn zì,Chinese character,,,unique,False,1,P1,,,,
BATCH-03,B1-0139,S-00139,1,139,好吃,好吃,hǎochī,Yummy,,,unique,False,1,P1,,,,
BATCH-03,B1-0140,S-00140,1,140,好看,好看,hǎokàn,good looking,,,unique,False,1,P1,,,,
BATCH-03,B1-0141,S-00141,1,141,好听,好听,hǎotīng,pleasant to hear,,,unique,False,1,P1,,,,
BATCH-03,B1-0142,S-00142,1,142,好玩儿,好玩儿,hǎowánr,fun; interesting,,,unique,False,1,P1,,,,
BATCH-03,B1-0143,S-00143,1,143,号,号,hào,Number/date,,,unique,False,1,P1,,,,
BATCH-03,B1-0144,S-00144,1,144,喝,喝,hē,drink,,,unique,False,1,P1,,,,
BATCH-03,B1-0145,S-00145,1,145,和,和,hé,and,,,unique,False,1,P1,,,,
BATCH-03,B1-0146,S-00146,1,146,很,很,hěn,very,,,unique,False,1,P1,,,,
BATCH-03,B1-0147,S-00147,1,147,后,后,hòu,back; behind; after; later,,,unique,False,1,P1,,,,
BATCH-03,B1-0148,S-00148,1,148,后边,后边,hòu biān,behind; back,,,unique,False,1,P1,,,,
BATCH-03,B1-0149,S-00149,1,149,后天,后天,hòu tiān,day after tomorrow,,,unique,False,1,P1,,,,
BATCH-03,B1-0151,S-00151,1,151,话,话,huà,word; words,,,unique,False,1,P1,,,,
BATCH-03,B1-0152,S-00152,1,152,坏,坏,huài,bad,,,unique,False,1,P1,,,,
BATCH-03,B1-0153,S-00153,1,153,还,还,huán,return; pay back,,,unique,False,1,P1,,,,
BATCH-03,B1-0155,S-00155,1,155,回答,回答,huídá,Answer,,,unique,False,1,P1,,,,
BATCH-03,B1-0156,S-00156,1,156,回到,回到,huí dào,back to,,,unique,False,1,P1,,,,
BATCH-03,B1-0157,S-00157,1,157,回家,回家,huíjiā,go home; return home,,,unique,False,1,P1,,,,
BATCH-03,B1-0158,S-00158,1,158,回来,回来,huí lái,come back; return,,,unique,False,1,P1,,,,
BATCH-03,B1-0159,S-00159,1,159,回去,回去,huí qù,go back,,,unique,False,1,P1,,,,
BATCH-03,B1-0161,S-00161,1,161,火车,火车,huǒchē,train,,,unique,False,1,P1,,,,
BATCH-03,B1-0162,S-00162,1,162,机场,机场,jīchǎng,Airport,,,unique,False,1,P1,,,,
BATCH-03,B1-0163,S-00163,1,163,机票,机票,jī piào,air ticket,,,unique,False,1,P1,,,,
BATCH-03,B1-0164,S-00164,1,164,鸡蛋,鸡蛋,jīdàn,Egg,,,unique,False,1,P1,,,,
BATCH-03,B1-0165,S-00165,1,165,几,几,jǐ,several,,,unique,False,1,P1,,,,
BATCH-03,B1-0166,S-00166,1,166,记,记,jì,remember,,,unique,False,1,P1,,,,
BATCH-03,B1-0167,S-00167,1,167,记得,记得,jìdé,remember,,,unique,False,1,P1,,,,
BATCH-03,B1-0168,S-00168,1,168,记住,记住,jì zhù,remember; keep in mind,,,unique,False,1,P1,,,,
BATCH-03,B1-0169,S-00169,1,169,家,家,jiā,home,,,same_form_different_sense_or_pos,False,1,P1,,,,
BATCH-03,B1-0170,S-00170,1,170,家里,家里,jiālǐ,In the home,,,unique,False,1,P1,,,,
BATCH-03,B1-0171,S-00171,1,171,家人,家人,jiārén,family,,,unique,False,1,P1,,,,
BATCH-03,B1-0172,S-00172,1,172,间,间,jiān,between; measure word for rooms,,,unique,False,1,P1,,,,
BATCH-03,B1-0173,S-00173,1,173,见,见,jiàn,see; meet,,,unique,False,1,P1,,,,
BATCH-03,B1-0174,S-00174,1,174,见面,见面,jiànmiàn,meet,,,unique,False,1,P1,,,,
BATCH-03,B1-0175,S-00175,1,175,教,教,jiāo,teach,,,unique,False,1,P1,,,,
BATCH-03,B1-0177,S-00177,1,177,教学楼,教学楼,jiàoxué lóu,teaching building,,,unique,False,1,P1,,,,
BATCH-03,B1-0178,S-00178,1,178,姐姐,姐姐 | 姐,jiě jie ｜ jiě,elder sister,,,unique,False,1,P1,,,,
BATCH-03,B1-0179,S-00179,1,179,介绍,介绍,jièshào,introduce,,,unique,False,1,P1,,,,
BATCH-03,B1-0180,S-00180,1,180,今年,今年,jīn nián,this year,,,unique,False,1,P1,,,,
BATCH-03,B1-0181,S-00181,1,181,今天,今天,jīntiān,Today,,,unique,False,1,P1,,,,
BATCH-03,B1-0182,S-00182,1,182,进,进,jìn,enter,,,unique,False,1,P1,,,,
BATCH-03,B1-0183,S-00183,1,183,进来,进来,jìn lái,come in,,,unique,False,1,P1,,,,
BATCH-03,B1-0184,S-00184,1,184,进去,进去,jìn qù,go in,,,unique,False,1,P1,,,,
BATCH-03,B1-0185,S-00185,1,185,九,九,jiǔ,Nine,,,unique,False,1,P1,,,,
BATCH-03,B1-0186,S-00186,1,186,就,就,jiù,as soon as; right away; then,,,unique,False,1,P1,,,,
BATCH-03,B1-0187,S-00187,1,187,觉得,觉得,juéde,Think,,,unique,False,1,P1,,,,
BATCH-03,B1-0188,S-00188,1,188,开,开,kāi,open,,,unique,False,1,P1,,,,
BATCH-03,B1-0189,S-00189,1,189,开车,开车,kāichē,drive; drive a car,,,unique,False,1,P1,,,,
BATCH-03,B1-0190,S-00190,1,190,开会,开会,kāihuì,have a meeting,,,unique,False,1,P1,,,,
BATCH-03,B1-0191,S-00191,1,191,开玩笑,开玩笑,kāiwánxiào,Make fun of,,,unique,False,1,P1,,,,
BATCH-03,B1-0192,S-00192,1,192,看,看,kàn,see,,,unique,False,1,P1,,,,
BATCH-04,B1-0193,S-00193,1,193,看病,看病,kànbìng,see a doctor,,,unique,False,1,P1,,,,
BATCH-04,B1-0194,S-00194,1,194,看到,看到,kàndào,see,,,unique,False,1,P1,,,,
BATCH-04,B1-0195,S-00195,1,195,看见,看见,kànjiàn,seeing,,,unique,False,1,P1,,,,
BATCH-04,B1-0196,S-00196,1,196,考,考,kǎo,test; examine,,,unique,False,1,P1,,,,
BATCH-04,B1-0197,S-00197,1,197,考试,考试,kǎoshì,Examination,,,unique,False,1,P1,,,,
BATCH-04,B1-0198,S-00198,1,198,渴,渴,kě,thirsty,,,unique,False,1,P1,,,,
BATCH-04,B1-0199,S-00199,1,199,课,课,kè,course,,,unique,False,1,P1,,,,
BATCH-04,B1-0200,S-00200,1,200,课本,课本,kè běn,textbook,,,unique,False,1,P1,,,,
BATCH-04,B1-0201,S-00201,1,201,课文,课文,kè wén,text,,,unique,False,1,P1,,,,
BATCH-04,B1-0202,S-00202,1,202,口,口,kǒu,mouth,,,unique,False,1,P1,,,,
BATCH-04,B1-0203,S-00203,1,203,块,块,kuài,block,,,unique,False,1,P1,,,,
BATCH-04,B1-0204,S-00204,1,204,快,快,kuài,fast,,,unique,False,1,P1,,,,
BATCH-04,B1-0205,S-00205,1,205,来,来,lái,come,,,unique,False,1,P1,,,,
BATCH-04,B1-0206,S-00206,1,206,来到,来到,lái dào,come; arrive,,,unique,False,1,P1,,,,
BATCH-04,B1-0208,S-00208,1,208,老人,老人,lǎo rén,old people; the aged,,,unique,False,1,P1,,,,
BATCH-04,B1-0209,S-00209,1,209,老师,老师,lǎoshī,Teacher,,,unique,False,1,P1,,,,
BATCH-04,B1-0211,S-00211,1,211,累,累,lèi,tired,,,unique,False,1,P1,,,,
BATCH-04,B1-0212,S-00212,1,212,冷,冷,lěng,cold,,,unique,False,1,P1,,,,
BATCH-04,B1-0213,S-00213,1,213,里,里,lǐ,in,,,unique,False,1,P1,,,,
BATCH-04,B1-0214,S-00214,1,214,里边,里边,lǐbiān,inside,,,unique,False,1,P1,,,,
BATCH-04,B1-0216,S-00216,1,216,零,零 | 〇,líng ｜ líng,zero,,,unique,False,1,P1,,,,
BATCH-04,B1-0217,S-00217,1,217,六,六,liù,Six,,,unique,False,1,P1,,,,
BATCH-04,B1-0218,S-00218,1,218,楼,楼,lóu,floor,,,unique,False,1,P1,,,,
BATCH-04,B1-0219,S-00219,1,219,楼上,楼上,lóushàng,upstairs,,,unique,False,1,P1,,,,
BATCH-04,B1-0220,S-00220,1,220,楼下,楼下,lóu xià,downstairs,,,unique,False,1,P1,,,,
BATCH-04,B1-0221,S-00221,1,221,路,路,lù,road,,,unique,False,1,P1,,,,
BATCH-04,B1-0222,S-00222,1,222,路口,路口,lù kǒu,intersection; crossing,,,unique,False,1,P1,,,,
BATCH-04,B1-0223,S-00223,1,223,路上,路上,lùshàng,on the road,,,unique,False,1,P1,,,,
BATCH-04,B1-0224,S-00224,1,224,妈妈,妈妈 | 妈,mā ma ｜ mā,mom; mother,,,unique,False,1,P1,,,,
BATCH-04,B1-0225,S-00225,1,225,马路,马路,mǎ lù,road; street,,,unique,False,1,P1,,,,
BATCH-04,B1-0226,S-00226,1,226,马上,马上,mǎshàng,Right off,,,unique,False,1,P1,,,,
BATCH-04,B1-0227,S-00227,1,227,吗,吗,ma,auxiliary word,,,unique,False,1,P1,,,,
BATCH-04,B1-0228,S-00228,1,228,买,买,mǎi,buy,,,unique,False,1,P1,,,,
BATCH-04,B1-0229,S-00229,1,229,慢,慢,màn,slow,,,unique,False,1,P1,,,,
BATCH-04,B1-0230,S-00230,1,230,忙,忙,máng,busy,,,unique,False,1,P1,,,,
BATCH-04,B1-0232,S-00232,1,232,没,没,méi,no,,,unique,False,1,P1,,,,
BATCH-04,B1-0233,S-00233,1,233,没关系,没关系,méiguānxi,No problem,,,unique,False,1,P1,,,,
BATCH-04,B1-0234,S-00234,1,234,没什么,没什么,méishénme,It’s nothing,,,unique,False,1,P1,,,,
BATCH-04,B1-0235,S-00235,1,235,没事儿,没事儿,méishìr,It’s okay,,,unique,False,1,P1,,,,
BATCH-04,B1-0236,S-00236,1,236,没有,没有,méiyǒu,have not; no,,,unique,False,1,P1,,,,
BATCH-04,B1-0237,S-00237,1,237,妹妹,妹妹 | 妹,mèi mei ｜ mèi,younger sister,,,unique,False,1,P1,,,,
BATCH-04,B1-0238,S-00238,1,238,门,门,mén,door,,,unique,False,1,P1,,,,
BATCH-04,B1-0239,S-00239,1,239,门口,门口,mén kǒu,doorway,,,unique,False,1,P1,,,,
BATCH-04,B1-0240,S-00240,1,240,门票,门票,mén piào,tickets,,,unique,False,1,P1,,,,
BATCH-04,B1-0241,S-00241,1,241,们,们,men （ péng yǒu men ）plural marker for pronouns and a few animate nouns (fr,,,,unique,False,1,P1,,,,
BATCH-04,B1-0242,S-00242,1,242,米饭,米饭,mǐfàn,Steamed Rice,,,unique,False,1,P1,,,,
BATCH-04,B1-0243,S-00243,1,243,面包,面包,miànbāo,Bread,,,unique,False,1,P1,,,,
BATCH-04,B1-0244,S-00244,1,244,面条儿,面条儿,miàn tiáor,noodles,,,unique,False,1,P1,,,,
BATCH-04,B1-0245,S-00245,1,245,名字,名字,míngzi,Name,,,unique,False,1,P1,,,,
BATCH-04,B1-0246,S-00246,1,246,明白,明白,míngbai,clear,,,unique,False,1,P1,,,,
BATCH-04,B1-0247,S-00247,1,247,明年,明年,míng nián,next year,,,unique,False,1,P1,,,,
BATCH-04,B1-0248,S-00248,1,248,明天,明天,míngtiān,Tomorrow,,,unique,False,1,P1,,,,
BATCH-04,B1-0249,S-00249,1,249,拿,拿,ná,take,,,unique,False,1,P1,,,,
BATCH-04,B1-0251,S-00251,1,251,哪里,哪里,nǎlǐ,where,,,unique,False,1,P1,,,,
BATCH-04,B1-0252,S-00252,1,252,哪儿,哪儿,nǎr,where,,,unique,False,1,P1,,,,
BATCH-04,B1-0253,S-00253,1,253,哪些,哪些,nǎxiē,which,,,unique,False,1,P1,,,,
BATCH-04,B1-0255,S-00255,1,255,那边,那边,nàbiān,there,,,unique,False,1,P1,,,,
BATCH-04,B1-0256,S-00256,1,256,那里,那里,nàlǐ,there,,,unique,False,1,P1,,,,
BATCH-04,B1-0257,S-00257,1,257,那儿,那儿,nàr,there,,,unique,False,1,P1,,,,
BATCH-04,B1-0258,S-00258,1,258,那些,那些,nàxiē,those,,,unique,False,1,P1,,,,
BATCH-04,B1-0259,S-00259,1,259,奶,奶,nǎi,milk,,,unique,False,1,P1,,,,
BATCH-04,B1-0260,S-00260,1,260,奶奶,奶奶,nǎinai,grandma,,,unique,False,1,P1,,,,
BATCH-04,B1-0261,S-00261,1,261,男,男,nán,Man,,,unique,False,1,P1,,,,
BATCH-04,B1-0262,S-00262,1,262,男孩儿,男孩儿,nán háir,boy,,,unique,False,1,P1,,,,
BATCH-04,B1-0263,S-00263,1,263,男朋友,男朋友,nán péng yǒu,boyfriend,,,unique,False,1,P1,,,,
BATCH-04,B1-0264,S-00264,1,264,男人,男人,nán ren,man,,,unique,False,1,P1,,,,
BATCH-04,B1-0265,S-00265,1,265,男生,男生,nán shēng,boy,,,unique,False,1,P1,,,,
BATCH-04,B1-0266,S-00266,1,266,南,南,nán,south,,,unique,False,1,P1,,,,
BATCH-04,B1-0267,S-00267,1,267,南边,南边,nánbiān,south; south side,,,unique,False,1,P1,,,,
BATCH-04,B1-0268,S-00268,1,268,难,难,nán,disaster; blame,,,unique,False,1,P1,,,,
BATCH-04,B1-0269,S-00269,1,269,呢,呢,ne,auxiliary word,,,unique,False,1,P1,,,,
BATCH-04,B1-0270,S-00270,1,270,能,能,néng,can,,,unique,False,1,P1,,,,
BATCH-04,B1-0271,S-00271,1,271,你,你,nǐ,you,,,unique,False,1,P1,,,,
BATCH-04,B1-0272,S-00272,1,272,你们,你们,nǐ men,you,,,unique,False,1,P1,,,,
BATCH-04,B1-0273,S-00273,1,273,年,年,nián,year,,,unique,False,1,P1,,,,
BATCH-04,B1-0274,S-00274,1,274,您,您,nín,you,,,unique,False,1,P1,,,,
BATCH-04,B1-0275,S-00275,1,275,牛奶,牛奶,niúnǎi,milk,,,unique,False,1,P1,,,,
BATCH-04,B1-0276,S-00276,1,276,女,女,nǚ,woman,,,unique,False,1,P1,,,,
BATCH-04,B1-0277,S-00277,1,277,女儿,女儿,nǚ’ér,daughter,,,unique,False,1,P1,,,,
BATCH-04,B1-0278,S-00278,1,278,女孩儿,女孩儿,nǚ háir,girl,,,unique,False,1,P1,,,,
BATCH-04,B1-0279,S-00279,1,279,女朋友,女朋友,nǚ péng yǒu,girlfriend,,,unique,False,1,P1,,,,
BATCH-04,B1-0280,S-00280,1,280,女人,女人,nǚ ren,woman,,,unique,False,1,P1,,,,
BATCH-04,B1-0281,S-00281,1,281,女生,女生,nǚ shēng,girl,,,unique,False,1,P1,,,,
BATCH-04,B1-0282,S-00282,1,282,旁边,旁边,pángbiān,Side,,,unique,False,1,P1,,,,
BATCH-04,B1-0283,S-00283,1,283,跑,跑,pǎo,run,,,unique,False,1,P1,,,,
BATCH-04,B1-0284,S-00284,1,284,朋友,朋友,péngyou,Friend,,,unique,False,1,P1,,,,
BATCH-04,B1-0285,S-00285,1,285,票,票,piào,ticket,,,unique,False,1,P1,,,,
BATCH-04,B1-0286,S-00286,1,286,七,七,qī,Seven,,,unique,False,1,P1,,,,
BATCH-04,B1-0287,S-00287,1,287,起,起,qǐ,get up; start; rise,,,unique,False,1,P1,,,,
BATCH-04,B1-0288,S-00288,1,288,起床,起床,qǐchuáng,Get up,,,unique,False,1,P1,,,,
BATCH-04,B1-0289,S-00289,1,289,起来,起来,qǐlái,get up,,,unique,False,1,P1,,,,
BATCH-04,B1-0290,S-00290,1,290,汽车,汽车,qìchē,car,,,unique,False,1,P1,,,,
BATCH-04,B1-0291,S-00291,1,291,前,前,qián,front,,,unique,False,1,P1,,,,
BATCH-04,B1-0292,S-00292,1,292,前边,前边,qián biān,in front,,,unique,False,1,P1,,,,
BATCH-04,B1-0293,S-00293,1,293,前天,前天,qián tiān,the day before yesterday,,,unique,False,1,P1,,,,
BATCH-04,B1-0294,S-00294,1,294,钱,钱,qián,money,,,unique,False,1,P1,,,,
BATCH-04,B1-0295,S-00295,1,295,钱包,钱包,qián bāo,wallet,,,unique,False,1,P1,,,,
BATCH-04,B1-0296,S-00296,1,296,请,请,qǐng,please,,,unique,False,1,P1,,,,
BATCH-04,B1-0297,S-00297,1,297,请假,请假,qǐngjià,ask for leave,,,unique,False,1,P1,,,,
BATCH-04,B1-0298,S-00298,1,298,请进,请进,qǐng jìn,please come in,,,unique,False,1,P1,,,,
BATCH-05,B1-0299,S-00299,1,299,请问,请问,qǐng wèn,excuse me,,,unique,False,1,P1,,,,
BATCH-05,B1-0300,S-00300,1,300,请坐,请坐,qǐng zuò,please have a seat,,,unique,False,1,P1,,,,
BATCH-05,B1-0301,S-00301,1,301,球,球,qiú,ball,,,unique,False,1,P1,,,,
BATCH-05,B1-0302,S-00302,1,302,去,去,qù,go,,,unique,False,1,P1,,,,
BATCH-05,B1-0303,S-00303,1,303,去年,去年,qùnián,Last year,,,unique,False,1,P1,,,,
BATCH-05,B1-0304,S-00304,1,304,热,热,rè,heat,,,unique,False,1,P1,,,,
BATCH-05,B1-0305,S-00305,1,305,人,人,rén,people,,,unique,False,1,P1,,,,
BATCH-05,B1-0306,S-00306,1,306,认识,认识,rènshi,know,,,unique,False,1,P1,,,,
BATCH-05,B1-0307,S-00307,1,307,认真,认真,rènzhēn,earnest,,,unique,False,1,P1,,,,
BATCH-05,B1-0308,S-00308,1,308,日,日,rì,date,,,unique,False,1,P1,,,,
BATCH-05,B1-0309,S-00309,1,309,日期,日期,rìqī,Date,,,unique,False,1,P1,,,,
BATCH-05,B1-0310,S-00310,1,310,肉,肉,ròu,meat,,,unique,False,1,P1,,,,
BATCH-05,B1-0311,S-00311,1,311,三,三,sān,Three,,,unique,False,1,P1,,,,
BATCH-05,B1-0312,S-00312,1,312,山,山,shān,mountain,,,unique,False,1,P1,,,,
BATCH-05,B1-0313,S-00313,1,313,商场,商场,shāngchǎng,mall; shopping mall,,,unique,False,1,P1,,,,
BATCH-05,B1-0314,S-00314,1,314,商店,商店,shāngdiàn,Shop,,,unique,False,1,P1,,,,
BATCH-05,B1-0315,S-00315,1,315,上,上,shàng,upper,,,unique,False,1,P1,,,,
BATCH-05,B1-0316,S-00316,1,316,上班,上班,shàngbān,go to work,,,unique,False,1,P1,,,,
BATCH-05,B1-0317,S-00317,1,317,上边,上边,shàngbiān,above; on,,,unique,False,1,P1,,,,
BATCH-05,B1-0318,S-00318,1,318,上车,上车,shàngchē,get on,,,unique,False,1,P1,,,,
BATCH-05,B1-0319,S-00319,1,319,上次,上次,shàngcì,last time,,,unique,False,1,P1,,,,
BATCH-05,B1-0320,S-00320,1,320,上课,上课,shàngkè,attend class; have a class,,,unique,False,1,P1,,,,
BATCH-05,B1-0321,S-00321,1,321,上网,上网,shàngwǎng,Surf the Internet,,,unique,False,1,P1,,,,
BATCH-05,B1-0322,S-00322,1,322,上午,上午,shàngwǔ,morning,,,unique,False,1,P1,,,,
BATCH-05,B1-0323,S-00323,1,323,上学,上学,shàngxué,go to school,,,unique,False,1,P1,,,,
BATCH-05,B1-0324,S-00324,1,324,少,少,shǎo,less,,,unique,False,1,P1,,,,
BATCH-05,B1-0325,S-00325,1,325,谁,谁,shéi,who,,,unique,False,1,P1,,,,
BATCH-05,B1-0326,S-00326,1,326,身上,身上,shēnshàng,body; on one’s body,,,unique,False,1,P1,,,,
BATCH-05,B1-0327,S-00327,1,327,身体,身体,shēntǐ,body,,,unique,False,1,P1,,,,
BATCH-05,B1-0328,S-00328,1,328,什么,什么,shénme,What,,,unique,False,1,P1,,,,
BATCH-05,B1-0329,S-00329,1,329,生病,生病,shēngbìng,Fall ill,,,unique,False,1,P1,,,,
BATCH-05,B1-0330,S-00330,1,330,生气,生气,shēngqì,get angry,,,unique,False,1,P1,,,,
BATCH-05,B1-0331,S-00331,1,331,生日,生日,shēngrì,Birthday,,,unique,False,1,P1,,,,
BATCH-05,B1-0332,S-00332,1,332,十,十,shí,Ten,,,unique,False,1,P1,,,,
BATCH-05,B1-0333,S-00333,1,333,时候,时候,shíhou,time,,,unique,False,1,P1,,,,
BATCH-05,B1-0334,S-00334,1,334,时间,时间,shíjiān,time,,,unique,False,1,P1,,,,
BATCH-05,B1-0335,S-00335,1,335,事,事,shì,thing,,,unique,False,1,P1,,,,
BATCH-05,B1-0336,S-00336,1,336,试,试,shì,try,,,unique,False,1,P1,,,,
BATCH-05,B1-0337,S-00337,1,337,是,是,shì,yes,,,unique,False,1,P1,,,,
BATCH-05,B1-0338,S-00338,1,338,是不是,是不是,shì bú shì,isn’t it?,,,unique,False,1,P1,,,,
BATCH-05,B1-0339,S-00339,1,339,手,手,shǒu,hand,,,unique,False,1,P1,,,,
BATCH-05,B1-0340,S-00340,1,340,手机,手机,shǒujī,Mobile phone,,,unique,False,1,P1,,,,
BATCH-05,B1-0341,S-00341,1,341,书,书,shū,book,,,unique,False,1,P1,,,,
BATCH-05,B1-0342,S-00342,1,342,书包,书包,shū bāo,school bag,,,unique,False,1,P1,,,,
BATCH-05,B1-0343,S-00343,1,343,书店,书店,shū diàn,bookstore,,,unique,False,1,P1,,,,
BATCH-05,B1-0344,S-00344,1,344,树,树,shù,tree,,,unique,False,1,P1,,,,
BATCH-05,B1-0345,S-00345,1,345,水,水,shuǐ,water,,,unique,False,1,P1,,,,
BATCH-05,B1-0346,S-00346,1,346,水果,水果,shuǐguǒ,Fruits,,,unique,False,1,P1,,,,
BATCH-05,B1-0347,S-00347,1,347,睡,睡,shuì,sleep,,,unique,False,1,P1,,,,
BATCH-05,B1-0348,S-00348,1,348,睡觉,睡觉,shuìjiào,sleep,,,unique,False,1,P1,,,,
BATCH-05,B1-0349,S-00349,1,349,说,说,shuō,speak,,,unique,False,1,P1,,,,
BATCH-05,B1-0350,S-00350,1,350,说话,说话,shuōhuà,talk,,,unique,False,1,P1,,,,
BATCH-05,B1-0351,S-00351,1,351,四,四,sì,Four,,,unique,False,1,P1,,,,
BATCH-05,B1-0352,S-00352,1,352,送,送,sòng,give,,,unique,False,1,P1,,,,
BATCH-05,B1-0353,S-00353,1,353,岁,岁,suì,"year, age",,,unique,False,1,P1,,,,
BATCH-05,B1-0354,S-00354,1,354,他,他,tā,he,,,unique,False,1,P1,,,,
BATCH-05,B1-0355,S-00355,1,355,他们,他们,tā men,they,,,unique,False,1,P1,,,,
BATCH-05,B1-0356,S-00356,1,356,她,她,tā,she,,,unique,False,1,P1,,,,
BATCH-05,B1-0357,S-00357,1,357,她们,她们,tā men,they,,,unique,False,1,P1,,,,
BATCH-05,B1-0358,S-00358,1,358,太,太,tài,too,,,unique,False,1,P1,,,,
BATCH-05,B1-0359,S-00359,1,359,天,天,tiān,day,,,unique,False,1,P1,,,,
BATCH-05,B1-0360,S-00360,1,360,天气,天气,tiānqì,weather,,,unique,False,1,P1,,,,
BATCH-05,B1-0361,S-00361,1,361,听,听,tīng,hear,,,unique,False,1,P1,,,,
BATCH-05,B1-0362,S-00362,1,362,听到,听到,tīng dào,hear,,,unique,False,1,P1,,,,
BATCH-05,B1-0363,S-00363,1,363,听见,听见,tīngjiàn,hear,,,unique,False,1,P1,,,,
BATCH-05,B1-0364,S-00364,1,364,听写,听写,tīngxiě,dictation; dictate,,,unique,False,1,P1,,,,
BATCH-05,B1-0365,S-00365,1,365,同学,同学,tóngxué,Classmate,,,unique,False,1,P1,,,,
BATCH-05,B1-0366,S-00366,1,366,图书馆,图书馆,túshūguǎn,Library,,,unique,False,1,P1,,,,
BATCH-05,B1-0367,S-00367,1,367,外,外,wài,"abroad, outside",,,unique,False,1,P1,,,,
BATCH-05,B1-0368,S-00368,1,368,外边,外边,wài biān,outside,,,unique,False,1,P1,,,,
BATCH-05,B1-0369,S-00369,1,369,外国,外国,wài guó,foreign country,,,unique,False,1,P1,,,,
BATCH-05,B1-0370,S-00370,1,370,外语,外语,wàiyǔ,foreign language,,,unique,False,1,P1,,,,
BATCH-05,B1-0371,S-00371,1,371,玩儿,玩儿,wánr,play,,,unique,False,1,P1,,,,
BATCH-05,B1-0372,S-00372,1,372,晚,晚,wǎn,late,,,unique,False,1,P1,,,,
BATCH-05,B1-0373,S-00373,1,373,晚饭,晚饭,wǎn fàn,dinner,,,unique,False,1,P1,,,,
BATCH-05,B1-0374,S-00374,1,374,晚上,晚上,wǎnshang,Night,,,unique,False,1,P1,,,,
BATCH-05,B1-0375,S-00375,1,375,网上,网上,wǎngshàng,online,,,unique,False,1,P1,,,,
BATCH-05,B1-0376,S-00376,1,376,网友,网友,wǎng yǒu,net friend,,,unique,False,1,P1,,,,
BATCH-05,B1-0377,S-00377,1,377,忘,忘,wàng,forget,,,unique,False,1,P1,,,,
BATCH-05,B1-0378,S-00378,1,378,忘记,忘记,wàngjì,forget,,,unique,False,1,P1,,,,
BATCH-05,B1-0379,S-00379,1,379,问,问,wèn,ask,,,unique,False,1,P1,,,,
BATCH-05,B1-0380,S-00380,1,380,我,我,wǒ,I,,,unique,False,1,P1,,,,
BATCH-05,B1-0381,S-00381,1,381,我们,我们,wǒmen,We,,,unique,False,1,P1,,,,
BATCH-05,B1-0382,S-00382,1,382,五,五,wǔ,Five,,,unique,False,1,P1,,,,
BATCH-05,B1-0383,S-00383,1,383,午饭,午饭,wǔ fàn,lunch,,,unique,False,1,P1,,,,
BATCH-05,B1-0384,S-00384,1,384,西,西,xī,west,,,unique,False,1,P1,,,,
BATCH-05,B1-0385,S-00385,1,385,西边,西边,xī biān,west; west side,,,unique,False,1,P1,,,,
BATCH-05,B1-0386,S-00386,1,386,洗,洗,xǐ,wash,,,unique,False,1,P1,,,,
BATCH-05,B1-0387,S-00387,1,387,洗手间,洗手间,xǐshǒujiān,Restroom,,,unique,False,1,P1,,,,
BATCH-05,B1-0388,S-00388,1,388,喜欢,喜欢,xǐhuan,like,,,unique,False,1,P1,,,,
BATCH-05,B1-0389,S-00389,1,389,下,下,xià,below; under; next; go down; get off,,,same_form_different_sense_or_pos,False,1,P1,,,,
BATCH-05,B1-0390,S-00390,1,390,下班,下班,xià bān,get off work,,,unique,False,1,P1,,,,
BATCH-05,B1-0391,S-00391,1,391,下边,下边,xià biān,below; under,,,unique,False,1,P1,,,,
BATCH-05,B1-0392,S-00392,1,392,下车,下车,xiàchē,get off,,,unique,False,1,P1,,,,
BATCH-05,B1-0393,S-00393,1,393,下次,下次,xià cì,next time,,,unique,False,1,P1,,,,
BATCH-05,B1-0394,S-00394,1,394,下课,下课,xià kè,finish class,,,unique,False,1,P1,,,,
BATCH-05,B1-0395,S-00395,1,395,下午,下午,xiàwǔ,Afternoon,,,unique,False,1,P1,,,,
BATCH-05,B1-0396,S-00396,1,396,下雨,下雨,xiàyǔ,rain,,,unique,False,1,P1,,,,
BATCH-05,B1-0397,S-00397,1,397,先,先,xiān,before,,,unique,False,1,P1,,,,
BATCH-05,B1-0398,S-00398,1,398,先生,先生,xiānsheng,Sir,,,unique,False,1,P1,,,,
BATCH-06,B1-0399,S-00399,1,399,现在,现在,xiànzài,Now,,,unique,False,1,P1,,,,
BATCH-06,B1-0400,S-00400,1,400,想,想,xiǎng,think,,,unique,False,1,P1,,,,
BATCH-06,B1-0401,S-00401,1,401,小,小,xiǎo,Small,,,same_form_different_sense_or_pos,False,1,P1,,,,
BATCH-06,B1-0402,S-00402,1,402,小孩儿,小孩儿,xiǎo háir,child; kid,,,unique,False,1,P1,,,,
BATCH-06,B1-0403,S-00403,1,403,小姐,小姐,xiǎojiě,Miss,,,unique,False,1,P1,,,,
BATCH-06,B1-0404,S-00404,1,404,小朋友,小朋友,xiǎo péng yǒu,child; kid,,,unique,False,1,P1,,,,
BATCH-06,B1-0405,S-00405,1,405,小时,小时,xiǎoshí,hour,,,unique,False,1,P1,,,,
BATCH-06,B1-0406,S-00406,1,406,小学,小学,xiǎo xué,primary school; elementary schoo,,,unique,False,1,P1,,,,
BATCH-06,B1-0407,S-00407,1,407,小学生,小学生,xiǎo xué shēng,elementary school student,,,unique,False,1,P1,,,,
BATCH-06,B1-0408,S-00408,1,408,笑,笑,xiào,laugh,,,unique,False,1,P1,,,,
BATCH-06,B1-0409,S-00409,1,409,写,写,xiě,write,,,unique,False,1,P1,,,,
BATCH-06,B1-0410,S-00410,1,410,谢谢,谢谢,xièxie,Thank you,,,unique,False,1,P1,,,,
BATCH-06,B1-0411,S-00411,1,411,新,新,xīn,new,,,unique,False,1,P1,,,,
BATCH-06,B1-0412,S-00412,1,412,新年,新年,xīn nián,New Year,,,unique,False,1,P1,,,,
BATCH-06,B1-0413,S-00413,1,413,星期,星期,xīngqī,week,,,unique,False,1,P1,,,,
BATCH-06,B1-0414,S-00414,1,414,星期日,星期日,xīngqīrì,Sunday,,,unique,False,1,P1,,,,
BATCH-06,B1-0415,S-00415,1,415,星期天,星期天,xīngqītiān,Sunday,,,unique,False,1,P1,,,,
BATCH-06,B1-0417,S-00417,1,417,休息,休息,xiūxi,Rest,,,unique,False,1,P1,,,,
BATCH-06,B1-0418,S-00418,1,418,学,学,xué,learn; study,,,unique,False,1,P1,,,,
BATCH-06,B1-0419,S-00419,1,419,学生,学生,xuésheng,Student,,,unique,False,1,P1,,,,
BATCH-06,B1-0420,S-00420,1,420,学习,学习,xuéxí,Study,,,unique,False,1,P1,,,,
BATCH-06,B1-0421,S-00421,1,421,学校,学校,xuéxiào,School,,,unique,False,1,P1,,,,
BATCH-06,B1-0422,S-00422,1,422,学院,学院,xué yuàn,college; academy,,,unique,False,1,P1,,,,
BATCH-06,B1-0424,S-00424,1,424,爷爷,爷爷,yéye,grandpa,,,unique,False,1,P1,,,,
BATCH-06,B1-0425,S-00425,1,425,也,也,yě,also,,,unique,False,1,P1,,,,
BATCH-06,B1-0426,S-00426,1,426,页,页,yè,page,,,unique,False,1,P1,,,,
BATCH-06,B1-0427,S-00427,1,427,一,一,yī,One,,,unique,False,1,P1,,,,
BATCH-06,B1-0428,S-00428,1,428,衣服,衣服,yīfu,clothes,,,unique,False,1,P1,,,,
BATCH-06,B1-0429,S-00429,1,429,医生,医生,yīshēng,Doctor,,,unique,False,1,P1,,,,
BATCH-06,B1-0430,S-00430,1,430,医院,医院,yīyuàn,Hospital,,,unique,False,1,P1,,,,
BATCH-06,B1-0431,S-00431,1,431,一半,一半,yí bàn,half,,,unique,False,1,P1,,,,
BATCH-06,B1-0432,S-00432,1,432,一会儿,一会儿,yíhuìr,A little while,,,same_form_different_sense_or_pos,False,1,P1,,,,
BATCH-06,B1-0433,S-00433,1,433,一块儿,一块儿,yí kuàir,together,,,unique,False,1,P1,,,,
BATCH-06,B1-0434,S-00434,1,434,一下儿,一下儿,yí xiàr,a little bit,,,same_form_different_sense_or_pos,False,1,P1,,,,
BATCH-06,B1-0435,S-00435,1,435,一样,一样,yíyàng,equally,,,unique,False,1,P1,,,,
BATCH-06,B1-0436,S-00436,1,436,一边,一边,yìbiān,One side,,,unique,False,1,P1,,,,
BATCH-06,B1-0437,S-00437,1,437,一点儿,一点儿,yīdiǎnr,a little bit,,,unique,False,1,P1,,,,
BATCH-06,B1-0438,S-00438,1,438,一起,一起,yìqǐ,together,,,unique,False,1,P1,,,,
BATCH-06,B1-0439,S-00439,1,439,一些,一些,yì xiē,some,,,unique,False,1,P1,,,,
BATCH-06,B1-0440,S-00440,1,440,用,用,yòng,use,,,unique,False,1,P1,,,,
BATCH-06,B1-0441,S-00441,1,441,有,有,yǒu,have,,,unique,False,1,P1,,,,
BATCH-06,B1-0442,S-00442,1,442,有的,有的,yǒude,some,,,unique,False,1,P1,,,,
BATCH-06,B1-0443,S-00443,1,443,有名,有名,yǒumíng,Famous,,,unique,False,1,P1,,,,
BATCH-06,B1-0444,S-00444,1,444,有时候,有时候 | 有时,yǒushí hòu ｜yǒushí,sometimes,,,unique,False,1,P1,,,,
BATCH-06,B1-0445,S-00445,1,445,有些,有些,yǒu（ yì ） xiē,some,,,unique,False,1,P1,,,,
BATCH-06,B1-0446,S-00446,1,446,有用,有用,yǒuyòng,useful,,,unique,False,1,P1,,,,
BATCH-06,B1-0447,S-00447,1,447,右,右,yòu,right,,,unique,False,1,P1,,,,
BATCH-06,B1-0448,S-00448,1,448,右边,右边,yòubian,Right,,,unique,False,1,P1,,,,
BATCH-06,B1-0449,S-00449,1,449,雨,雨,yǔ,rain,,,unique,False,1,P1,,,,
BATCH-06,B1-0450,S-00450,1,450,元,元,yuán,element; Yuan,,,unique,False,1,P1,,,,
BATCH-06,B1-0451,S-00451,1,451,远,远,yuǎn,far,,,unique,False,1,P1,,,,
BATCH-06,B1-0452,S-00452,1,452,月,月,yuè,month,,,unique,False,1,P1,,,,
BATCH-06,B1-0453,S-00453,1,453,再,再,zài,again,,,unique,False,1,P1,,,,
BATCH-06,B1-0454,S-00454,1,454,再见,再见,zàijiàn,Bye,,,unique,False,1,P1,,,,
BATCH-06,B1-0455,S-00455,1,455,在,在,zài,stay; in process of,,,unique,False,1,P1,,,,
BATCH-06,B1-0456,S-00456,1,456,在家,在家,zàijiā,at home,,,unique,False,1,P1,,,,
BATCH-06,B1-0457,S-00457,1,457,早,早,zǎo,early,,,unique,False,1,P1,,,,
BATCH-06,B1-0458,S-00458,1,458,早饭,早饭,zǎo fàn,breakfast,,,unique,False,1,P1,,,,
BATCH-06,B1-0459,S-00459,1,459,早上,早上,zǎoshang,Morning,,,unique,False,1,P1,,,,
BATCH-06,B1-0460,S-00460,1,460,怎么,怎么,zěnme,How,,,unique,False,1,P1,,,,
BATCH-06,B1-0462,S-00462,1,462,找,找,zhǎo,look for,,,unique,False,1,P1,,,,
BATCH-06,B1-0463,S-00463,1,463,找到,找到,zhǎo dào,find,,,unique,False,1,P1,,,,
BATCH-06,B1-0464,S-00464,1,464,这,这,zhè,Here (here),,,unique,False,1,P1,,,,
BATCH-06,B1-0465,S-00465,1,465,这边,这边,zhèbiān,here,,,unique,False,1,P1,,,,
BATCH-06,B1-0466,S-00466,1,466,这里,这里,zhèlǐ,here,,,unique,False,1,P1,,,,
BATCH-06,B1-0467,S-00467,1,467,这儿,这儿,zhèr,here,,,unique,False,1,P1,,,,
BATCH-06,B1-0468,S-00468,1,468,这些,这些,zhèxiē,these,,,unique,False,1,P1,,,,
BATCH-06,B1-0470,S-00470,1,470,真,真,zhēn,really,,,unique,False,1,P1,,,,
BATCH-06,B1-0471,S-00471,1,471,真的,真的,zhēnde,really,,,unique,False,1,P1,,,,
BATCH-06,B1-0473,S-00473,1,473,正在,正在,zhèngzài,in process of,,,unique,False,1,P1,,,,
BATCH-06,B1-0474,S-00474,1,474,知道,知道,zhīdào,know,,,unique,False,1,P1,,,,
BATCH-06,B1-0475,S-00475,1,475,知识,知识,zhīshi,knowledge,,,unique,False,1,P1,,,,
BATCH-06,B1-0476,S-00476,1,476,中,中,zhōng,middle; in,,,unique,False,1,P1,,,,
BATCH-06,B1-0477,S-00477,1,477,中国,中国,zhōngguó,China,,,unique,False,1,P1,,,,
BATCH-06,B1-0478,S-00478,1,478,中间,中间,zhōngjiān,Middle,,,unique,False,1,P1,,,,
BATCH-06,B1-0479,S-00479,1,479,中文,中文,zhōngwén,Chinese,,,unique,False,1,P1,,,,
BATCH-06,B1-0480,S-00480,1,480,中午,中午,zhōngwǔ,Noon,,,unique,False,1,P1,,,,
BATCH-06,B1-0481,S-00481,1,481,中学,中学,zhōngxué,middle school,,,unique,False,1,P1,,,,
BATCH-06,B1-0482,S-00482,1,482,中学生,中学生,zhōngxué shēng,middle School student,,,unique,False,1,P1,,,,
BATCH-06,B1-0484,S-00484,1,484,重要,重要,zhòngyào,important,,,unique,False,1,P1,,,,
BATCH-06,B1-0485,S-00485,1,485,住,住,zhù,live,,,unique,False,1,P1,,,,
BATCH-06,B1-0486,S-00486,1,486,准备,准备,zhǔnbèi,Get ready,,,unique,False,1,P1,,,,
BATCH-06,B1-0487,S-00487,1,487,桌子,桌子,zhuōzi,Table,,,unique,False,1,P1,,,,
BATCH-06,B1-0488,S-00488,1,488,字,字,zì,"word, character",,,unique,False,1,P1,,,,
BATCH-06,B1-0489,S-00489,1,489,子,子,zi（ zhuōzi）,noun suffix (table),,,unique,False,1,P1,,,,
BATCH-06,B1-0490,S-00490,1,490,走,走,zǒu,"go, walk",,,unique,False,1,P1,,,,
BATCH-06,B1-0491,S-00491,1,491,走路,走路,zǒu lù,walk,,,unique,False,1,P1,,,,
BATCH-06,B1-0492,S-00492,1,492,最,最,zuì,most,,,unique,False,1,P1,,,,
BATCH-06,B1-0493,S-00493,1,493,最好,最好,zuìhǎo,Best,,,unique,False,1,P1,,,,
BATCH-06,B1-0494,S-00494,1,494,最后,最后,zuìhòu,Last,,,unique,False,1,P1,,,,
BATCH-06,B1-0495,S-00495,1,495,昨天,昨天,zuótiān,Yesterday,,,unique,False,1,P1,,,,
BATCH-06,B1-0496,S-00496,1,496,左,左,zuǒ,left,,,unique,False,1,P1,,,,
BATCH-06,B1-0497,S-00497,1,497,左边,左边,zuǒbian,left,,,unique,False,1,P1,,,,
BATCH-06,B1-0498,S-00498,1,498,坐,坐,zuò,sit,,,unique,False,1,P1,,,,
BATCH-06,B1-0499,S-00499,1,499,坐下,坐下,zuò xià,sit down,,,unique,False,1,P1,,,,
BATCH-06,B1-0500,S-00500,1,500,做,做,zuò,do,,,unique,False,1,P1,,,,
BATCH-06,B2-0001,S-00501,2,1,啊,啊,a,auxiliary word,,,same_form_different_sense_or_pos,False,1,P1,,,,
BATCH-06,B2-0002,S-00502,2,2,爱情,爱情,àiqíng,Love,,,unique,False,1,P1,,,,
BATCH-06,B2-0003,S-00503,2,3,爱人,爱人,ài rén,lover,,,unique,False,1,P1,,,,
BATCH-06,B2-0004,S-00504,2,4,安静,安静,ānjìng,Be quiet,,,unique,False,1,P1,,,,
BATCH-07,B2-0005,S-00505,2,5,安全,安全,ānquán,security,,,unique,False,1,P1,,,,
BATCH-07,B2-0006,S-00506,2,6,白色,白色,báisè,white,,,unique,False,1,P1,,,,
BATCH-07,B2-0007,S-00507,2,7,班长,班长,bānzhǎng,monitor; squad leader,,,unique,False,1,P1,,,,
BATCH-07,B2-0008,S-00508,2,8,办,办,bàn,do,,,unique,False,1,P1,,,,
BATCH-07,B2-0009,S-00509,2,9,办法,办法,bànfǎ,Way,,,unique,False,1,P1,,,,
BATCH-07,B2-0010,S-00510,2,10,办公室,办公室,bàngōngshì,Office,,,unique,False,1,P1,,,,
BATCH-07,B2-0011,S-00511,2,11,半夜,半夜,bàn yè,midnight,,,unique,False,1,P1,,,,
BATCH-07,B2-0012,S-00512,2,12,帮助,帮助,bāngzhù,Help,,,unique,False,1,P1,,,,
BATCH-07,B2-0013,S-00513,2,13,饱,饱,bǎo,full,,,unique,False,1,P1,,,,
BATCH-07,B2-0014,S-00514,2,14,报名,报名,bàomíng,sign up,,,unique,False,1,P1,,,,
BATCH-07,B2-0015,S-00515,2,15,报纸,报纸,bàozhǐ,Newspaper,,,unique,False,1,P1,,,,
BATCH-07,B2-0016,S-00516,2,16,北方,北方,běifāng,north,,,unique,False,1,P1,,,,
BATCH-07,B2-0018,S-00518,2,18,比如,比如,bǐrú,such as,,,unique,False,1,P1,,,,
BATCH-07,B2-0019,S-00519,2,19,比如说,比如说,bǐ rúshuō,for example,,,unique,False,1,P1,,,,
BATCH-07,B2-0020,S-00520,2,20,笔,笔,bǐ,pen,,,unique,False,1,P1,,,,
BATCH-07,B2-0021,S-00521,2,21,笔记,笔记,bǐ jì,note; notes,,,unique,False,1,P1,,,,
BATCH-07,B2-0022,S-00522,2,22,笔记本,笔记本,bǐjìběn,Notebook,,,unique,False,1,P1,,,,
BATCH-07,B2-0023,S-00523,2,23,必须,必须,bìxū,Must,,,unique,False,1,P1,,,,
BATCH-07,B2-0024,S-00524,2,24,边,边,biān,side,,,unique,False,1,P1,,,,
BATCH-07,B2-0025,S-00525,2,25,变,变,biàn,change,,,unique,False,1,P1,,,,
BATCH-07,B2-0026,S-00526,2,26,变成,变成,biàn chéng,become; change into,,,unique,False,1,P1,,,,
BATCH-07,B2-0027,S-00527,2,27,遍,遍,biàn,Times,,,unique,False,1,P1,,,,
BATCH-07,B2-0028,S-00528,2,28,表,表,biǎo,watch,,,unique,False,1,P1,,,,
BATCH-07,B2-0029,S-00529,2,29,表示,表示,biǎoshì,Express,,,unique,False,1,P1,,,,
BATCH-07,B2-0030,S-00530,2,30,不错,不错,bú cuò,not bad; pretty good,,,unique,False,1,P1,,,,
BATCH-07,B2-0031,S-00531,2,31,不但,不但,bú dàn,not only,,,unique,False,1,P1,,,,
BATCH-07,B2-0032,S-00532,2,32,不够,不够,bú gòu,not enough,,,unique,False,1,P1,,,,
BATCH-07,B2-0033,S-00533,2,33,不过,不过,búguò,However,,,unique,False,1,P1,,,,
BATCH-07,B2-0034,S-00534,2,34,不太,不太,bú tài,not too; not very much,,,unique,False,1,P1,,,,
BATCH-07,B2-0035,S-00535,2,35,不要,不要,búyào,don’t,,,unique,False,1,P1,,,,
BATCH-07,B2-0036,S-00536,2,36,不好意思,不好意思,bùhǎoyì sī,sorry; feel embarrassed,,,unique,False,1,P1,,,,
BATCH-07,B2-0037,S-00537,2,37,不久,不久,bù jiǔ,soon,,,unique,False,1,P1,,,,
BATCH-07,B2-0038,S-00538,2,38,不满,不满,bù mǎn,dissatisfied,,,unique,False,1,P1,,,,
BATCH-07,B2-0039,S-00539,2,39,不如,不如,bùrú,not as good as,,,unique,False,1,P1,,,,
BATCH-07,B2-0040,S-00540,2,40,不少,不少,bùshǎo,not a few; a lot,,,unique,False,1,P1,,,,
BATCH-07,B2-0041,S-00541,2,41,不同,不同,bùtóng,different,,,unique,False,1,P1,,,,
BATCH-07,B2-0042,S-00542,2,42,不行,不行,bùxíng,no way; be out of the question,,,unique,False,1,P1,,,,
BATCH-07,B2-0043,S-00543,2,43,不一定,不一定,bù yī dìng,not necessarily; uncertain,,,unique,False,1,P1,,,,
BATCH-07,B2-0044,S-00544,2,44,不一会儿,不一会儿,bù yīhuìr,in a moment; in a little while; soon,,,unique,False,1,P1,,,,
BATCH-07,B2-0045,S-00545,2,45,部分,部分,bùfen,Part,,,unique,False,1,P1,,,,
BATCH-07,B2-0047,S-00547,2,47,菜单,菜单,càidān,menu,,,unique,False,1,P1,,,,
BATCH-07,B2-0048,S-00548,2,48,参观,参观,cānguān,visit,,,unique,False,1,P1,,,,
BATCH-07,B2-0049,S-00549,2,49,参加,参加,cānjiā,participate in,,,unique,False,1,P1,,,,
BATCH-07,B2-0050,S-00550,2,50,草,草,cǎo,grass,,,unique,False,1,P1,,,,
BATCH-07,B2-0051,S-00551,2,51,草地,草地,cǎodì,grass; lawn,,,unique,False,1,P1,,,,
BATCH-07,B2-0052,S-00552,2,52,层,层,céng,layer,,,unique,False,1,P1,,,,
BATCH-07,B2-0053,S-00553,2,53,查,查,chá,search; check,,,unique,False,1,P1,,,,
BATCH-07,B2-0054,S-00554,2,54,差不多,差不多,chàbuduō,Almost,,,unique,False,1,P1,,,,
BATCH-07,B2-0055,S-00555,2,55,长,长,cháng,long,,,unique,False,1,P1,,,,
BATCH-07,B2-0056,S-00556,2,56,常见,常见,chángjiàn,common,,,unique,False,1,P1,,,,
BATCH-07,B2-0057,S-00557,2,57,常用,常用,cháng yòng,in common use,,,unique,False,1,P1,,,,
BATCH-07,B2-0058,S-00558,2,58,场,场,chǎng,site,,,unique,False,1,P1,,,,
BATCH-07,B2-0059,S-00559,2,59,超过,超过,chāoguò,Exceed,,,unique,False,1,P1,,,,
BATCH-07,B2-0060,S-00560,2,60,超市,超市,chāoshì,Supermarket,,,unique,False,1,P1,,,,
BATCH-07,B2-0061,S-00561,2,61,车辆,车辆,chēliàng,car; vehicle,,,unique,False,1,P1,,,,
BATCH-07,B2-0064,S-00564,2,64,成绩,成绩,chéngjì,achievement,,,unique,False,1,P1,,,,
BATCH-07,B2-0065,S-00565,2,65,成为,成为,chéngwéi,Become,,,unique,False,1,P1,,,,
BATCH-07,B2-0066,S-00566,2,66,重复,重复,chóngfù,repeat,,,unique,False,1,P1,,,,
BATCH-07,B2-0067,S-00567,2,67,重新,重新,chóngxīn,again,,,unique,False,1,P1,,,,
BATCH-07,B2-0068,S-00568,2,68,出发,出发,chūfā,Set out,,,unique,False,1,P1,,,,
BATCH-07,B2-0069,S-00569,2,69,出国,出国,chū guó,go abroad,,,unique,False,1,P1,,,,
BATCH-07,B2-0071,S-00571,2,71,出门,出门,chū mén,go out,,,unique,False,1,P1,,,,
BATCH-07,B2-0072,S-00572,2,72,出生,出生,chūshēng,Birth,,,unique,False,1,P1,,,,
BATCH-07,B2-0073,S-00573,2,73,出现,出现,chūxiàn,Appear,,,unique,False,1,P1,,,,
BATCH-07,B2-0074,S-00574,2,74,出院,出院,chū yuàn,discharged; leave hospital,,,unique,False,1,P1,,,,
BATCH-07,B2-0075,S-00575,2,75,出租,出租,chū zū,rent,,,unique,False,1,P1,,,,
BATCH-07,B2-0076,S-00576,2,76,出租车,出租车,chūzūchē,Taxi,,,unique,False,1,P1,,,,
BATCH-07,B2-0077,S-00577,2,77,船,船,chuán,ship,,,unique,False,1,P1,,,,
BATCH-07,B2-0078,S-00578,2,78,吹,吹,chuī,blow,,,unique,False,1,P1,,,,
BATCH-07,B2-0079,S-00579,2,79,春节,春节,chūnjié,Spring Festival; Chinese New Year,,,unique,False,1,P1,,,,
BATCH-07,B2-0080,S-00580,2,80,春天,春天,chūn tiān,spring,,,unique,False,1,P1,,,,
BATCH-07,B2-0081,S-00581,2,81,词,词,cí,word,,,unique,False,1,P1,,,,
BATCH-07,B2-0082,S-00582,2,82,词典,词典,cídiǎn,Dictionary,,,unique,False,1,P1,,,,
BATCH-07,B2-0083,S-00583,2,83,词语,词语,cíyǔ,terms,,,unique,False,1,P1,,,,
BATCH-07,B2-0084,S-00584,2,84,从小,从小,cóng xiǎo,from childhood,,,unique,False,1,P1,,,,
BATCH-07,B2-0085,S-00585,2,85,答应,答应,dāying,promise,,,unique,False,1,P1,,,,
BATCH-07,B2-0086,S-00586,2,86,打工,打工,dǎgōng,Work,,,unique,False,1,P1,,,,
BATCH-07,B2-0087,S-00587,2,87,打算,打算,dǎsuàn,Plan,,,unique,False,1,P1,,,,
BATCH-07,B2-0088,S-00588,2,88,打印,打印,dǎyìn,Print,,,unique,False,1,P1,,,,
BATCH-07,B2-0089,S-00589,2,89,大部分,大部分,dàbùfèn,most,,,unique,False,1,P1,,,,
BATCH-07,B2-0090,S-00590,2,90,大大,大大,dàdà,greatly; enormously,,,unique,False,1,P1,,,,
BATCH-07,B2-0091,S-00591,2,91,大多数,大多数,dàduōshù,most; great majority,,,unique,False,1,P1,,,,
BATCH-07,B2-0092,S-00592,2,92,大海,大海,dàhǎi,sea,,,unique,False,1,P1,,,,
BATCH-07,B2-0093,S-00593,2,93,大家,大家,dàjiā,everybody,,,unique,False,1,P1,,,,
BATCH-07,B2-0094,S-00594,2,94,大量,大量,dàliàng,a lot of; lots of,,,unique,False,1,P1,,,,
BATCH-07,B2-0095,S-00595,2,95,大门,大门,dàmén,door; gate,,,unique,False,1,P1,,,,
BATCH-07,B2-0096,S-00596,2,96,大人,大人,dàrén,adult,,,unique,False,1,P1,,,,
BATCH-07,B2-0097,S-00597,2,97,大声,大声,dàshēng,loud,,,unique,False,1,P1,,,,
BATCH-07,B2-0098,S-00598,2,98,大小,大小,dàxiǎo,size,,,unique,False,1,P1,,,,
BATCH-07,B2-0099,S-00599,2,99,大衣,大衣,dàyī,overcoat,,,unique,False,1,P1,,,,
BATCH-07,B2-0100,S-00600,2,100,大自然,大自然,dàzì rán,nature,,,unique,False,1,P1,,,,
BATCH-07,B2-0101,S-00601,2,101,带,带,dài,belt,,,unique,False,1,P1,,,,
BATCH-07,B2-0102,S-00602,2,102,带来,带来,dài lái,bring,,,unique,False,1,P1,,,,
BATCH-07,B2-0103,S-00603,2,103,单位,单位,dānwèi,Company,,,unique,False,1,P1,,,,
BATCH-07,B2-0104,S-00604,2,104,但,但,dàn,but; however,,,unique,False,1,P1,,,,
BATCH-07,B2-0105,S-00605,2,105,但是,但是,dàn shì,but; however,,,unique,False,1,P1,,,,
BATCH-07,B2-0106,S-00606,2,106,蛋,蛋,dàn,egg,,,unique,False,1,P1,,,,
BATCH-07,B2-0107,S-00607,2,107,当,当,dāng,When,,,unique,False,1,P1,,,,
BATCH-07,B2-0108,S-00608,2,108,当时,当时,dāngshí,at that time,,,unique,False,1,P1,,,,
BATCH-07,B2-0109,S-00609,2,109,倒,倒,dǎo,"fall, topple, fail",,,unique,False,1,P1,,,,
BATCH-08,B2-0110,S-00610,2,110,到处,到处,dàochù,everywhere,,,unique,False,1,P1,,,,
BATCH-08,B2-0111,S-00611,2,111,倒,倒,dào,inverted,,,unique,False,1,P1,,,,
BATCH-08,B2-0112,S-00612,2,112,道,道,dào,road; way; path,,,unique,False,1,P1,,,,
BATCH-08,B2-0113,S-00613,2,113,道理,道理,dàolǐ,truth,,,unique,False,1,P1,,,,
BATCH-08,B2-0114,S-00614,2,114,道路,道路,dào lù,road; way; path,,,unique,False,1,P1,,,,
BATCH-08,B2-0115,S-00615,2,115,得,得,dé,get,,,same_form_different_sense_or_pos,False,1,P1,,,,
BATCH-08,B2-0116,S-00616,2,116,得出,得出,déchū,obtain results; reach conclusion,,,unique,False,1,P1,,,,
BATCH-08,B2-0117,S-00617,2,117,的话,的话,dehuà,if,,,unique,False,1,P1,,,,
BATCH-08,B2-0118,S-00618,2,118,得,得,de,auxiliary verb,,,same_form_different_sense_or_pos,False,1,P1,,,,
BATCH-08,B2-0119,S-00619,2,119,灯,灯,dēng,lamp,,,unique,False,1,P1,,,,
BATCH-08,B2-0120,S-00620,2,120,等,等,děng,etc.; and so on,,,same_form_different_sense_or_pos,False,1,P1,,,,
BATCH-08,B2-0121,S-00621,2,121,等到,等到,děng dào,wait until; by the time,,,unique,False,1,P1,,,,
BATCH-08,B2-0122,S-00622,2,122,等于,等于,děngyú,Be equal to,,,unique,False,1,P1,,,,
BATCH-08,B2-0123,S-00623,2,123,低,低,dī,low,,,unique,False,1,P1,,,,
BATCH-08,B2-0124,S-00624,2,124,地球,地球,dìqiú,earth,,,unique,False,1,P1,,,,
BATCH-08,B2-0125,S-00625,2,125,地铁,地铁,dìtiě,metro,,,unique,False,1,P1,,,,
BATCH-08,B2-0126,S-00626,2,126,地铁站,地铁站,dìtiě zhàn,subway station,,,unique,False,1,P1,,,,
BATCH-08,B2-0127,S-00627,2,127,点头,点头,diǎntóu,nod,,,unique,False,1,P1,,,,
BATCH-08,B2-0128,S-00628,2,128,店,店,diàn,shop; store,,,unique,False,1,P1,,,,
BATCH-08,B2-0129,S-00629,2,129,掉,掉,diào,fall,,,unique,False,1,P1,,,,
BATCH-08,B2-0130,S-00630,2,130,东北,东北,dōng běi,northeast,,,unique,False,1,P1,,,,
BATCH-08,B2-0131,S-00631,2,131,东方,东方,dōng fāng,east,,,unique,False,1,P1,,,,
BATCH-08,B2-0132,S-00632,2,132,东南,东南,dōngnán,southeast,,,unique,False,1,P1,,,,
BATCH-08,B2-0133,S-00633,2,133,冬天,冬天,dōng tiān,winter,,,unique,False,1,P1,,,,
BATCH-08,B2-0134,S-00634,2,134,懂,懂,dǒng,understand,,,unique,False,1,P1,,,,
BATCH-08,B2-0135,S-00635,2,135,懂得,懂得,dǒngde,know; understand; comprehend,,,unique,False,1,P1,,,,
BATCH-08,B2-0136,S-00636,2,136,动物,动物,dòngwù,Animal,,,unique,False,1,P1,,,,
BATCH-08,B2-0137,S-00637,2,137,动物园,动物园,dòng wù yuán,zoo,,,unique,False,1,P1,,,,
BATCH-08,B2-0138,S-00638,2,138,读音,读音,dúyīn,pronunciation,,,unique,False,1,P1,,,,
BATCH-08,B2-0139,S-00639,2,139,度,度,dù,degree; limit,,,unique,False,1,P1,,,,
BATCH-08,B2-0140,S-00640,2,140,短,短,duǎn,short,,,unique,False,1,P1,,,,
BATCH-08,B2-0141,S-00641,2,141,短信,短信,duǎnxìn,message,,,unique,False,1,P1,,,,
BATCH-08,B2-0142,S-00642,2,142,段,段,duàn,paragraph,,,unique,False,1,P1,,,,
BATCH-08,B2-0143,S-00643,2,143,队,队,duì,team,,,unique,False,1,P1,,,,
BATCH-08,B2-0144,S-00644,2,144,队长,队长,duìzhǎng,team leader; captain,,,unique,False,1,P1,,,,
BATCH-08,B2-0145,S-00645,2,145,对,对,duì,to; at; face; be opposite; answer,,,same_form_different_sense_or_pos,False,1,P1,,,,
BATCH-08,B2-0146,S-00646,2,146,对话,对话,duìhuà,dialogue,,,unique,False,1,P1,,,,
BATCH-08,B2-0147,S-00647,2,147,对面,对面,duìmiàn,Opposite side,,,unique,False,1,P1,,,,
BATCH-08,B2-0149,S-00649,2,149,多久,多久,duō jiǔ,how long,,,unique,False,1,P1,,,,
BATCH-08,B2-0150,S-00650,2,150,多么,多么,duōme,what,,,unique,False,1,P1,,,,
BATCH-08,B2-0151,S-00651,2,151,多数,多数,duōshù,most; majority,,,unique,False,1,P1,,,,
BATCH-08,B2-0152,S-00652,2,152,多云,多云,duō yún,cloudy,,,unique,False,1,P1,,,,
BATCH-08,B2-0153,S-00653,2,153,而且,而且,érqiě,and,,,unique,False,1,P1,,,,
BATCH-08,B2-0154,S-00654,2,154,发,发,fā,send out,,,unique,False,1,P1,,,,
BATCH-08,B2-0155,S-00655,2,155,发现,发现,fāxiàn,find,,,unique,False,1,P1,,,,
BATCH-08,B2-0156,S-00656,2,156,饭馆,饭馆,fàn guǎn,restaurant,,,unique,False,1,P1,,,,
BATCH-08,B2-0157,S-00657,2,157,方便,方便,fāngbiàn,convenient,,,unique,False,1,P1,,,,
BATCH-08,B2-0158,S-00658,2,158,方便面,方便面,fāngbiànmiàn,Instant noodles,,,unique,False,1,P1,,,,
BATCH-08,B2-0159,S-00659,2,159,方法,方法,fāngfǎ,Method,,,unique,False,1,P1,,,,
BATCH-08,B2-0160,S-00660,2,160,方面,方面,fāngmiàn,Aspect,,,unique,False,1,P1,,,,
BATCH-08,B2-0161,S-00661,2,161,方向,方向,fāngxiàng,direction,,,unique,False,1,P1,,,,
BATCH-08,B2-0162,S-00662,2,162,放下,放下,fàng xià,put down; lay down; drop,,,unique,False,1,P1,,,,
BATCH-08,B2-0163,S-00663,2,163,放心,放心,fàngxīn,Don’t worry,,,unique,False,1,P1,,,,
BATCH-08,B2-0165,S-00665,2,165,分开,分开,fēnkāi,separate; part,,,unique,False,1,P1,,,,
BATCH-08,B2-0166,S-00666,2,166,分数,分数,fēnshù,score; mark; fraction,,,unique,False,1,P1,,,,
BATCH-08,B2-0167,S-00667,2,167,分钟,分钟,fēnzhōng,Minute,,,unique,False,1,P1,,,,
BATCH-08,B2-0168,S-00668,2,168,份,份,fèn,share,,,unique,False,1,P1,,,,
BATCH-08,B2-0170,S-00670,2,170,服务,服务,fúwù,service,,,unique,False,1,P1,,,,
BATCH-08,B2-0171,S-00671,2,171,复习,复习,fùxí,Review,,,unique,False,1,P1,,,,
BATCH-08,B2-0173,S-00673,2,173,改,改,gǎi,change; correct; revise; switch over,,,unique,False,1,P1,,,,
BATCH-08,B2-0174,S-00674,2,174,改变,改变,gǎibiàn,change,,,unique,False,1,P1,,,,
BATCH-08,B2-0175,S-00675,2,175,干杯,干杯,gānbēi,Cheers!,,,unique,False,1,P1,,,,
BATCH-08,B2-0176,S-00676,2,176,感到,感到,gǎn dào,feel; sense,,,unique,False,1,P1,,,,
BATCH-08,B2-0177,S-00677,2,177,感动,感动,gǎndòng,Be moved,,,unique,False,1,P1,,,,
BATCH-08,B2-0178,S-00678,2,178,感觉,感觉,gǎnjué,feel,,,unique,False,1,P1,,,,
BATCH-08,B2-0179,S-00679,2,179,感谢,感谢,gǎnxiè,Thank,,,unique,False,1,P1,,,,
BATCH-08,B2-0180,S-00680,2,180,干活儿,干活儿,gànhuór,work on a job,,,unique,False,1,P1,,,,
BATCH-08,B2-0181,S-00681,2,181,刚,刚,gāng,just,,,unique,False,1,P1,,,,
BATCH-08,B2-0182,S-00682,2,182,刚才,刚才,gāngcái,just,,,unique,False,1,P1,,,,
BATCH-08,B2-0183,S-00683,2,183,刚刚,刚刚,gāng gāng,just; only; just a moment ago,,,unique,False,1,P1,,,,
BATCH-08,B2-0184,S-00684,2,184,高级,高级,gāojí,senior,,,unique,False,1,P1,,,,
BATCH-08,B2-0185,S-00685,2,185,高中,高中,gāozhōng,senior high school,,,unique,False,1,P1,,,,
BATCH-08,B2-0186,S-00686,2,186,个子,个子,gèzi,Height,,,unique,False,1,P1,,,,
BATCH-08,B2-0187,S-00687,2,187,更,更,gèng,more,,,unique,False,1,P1,,,,
BATCH-08,B2-0188,S-00688,2,188,公共汽车,公共汽车,gōnggòngqìchē,Bus,,,unique,False,1,P1,,,,
BATCH-08,B2-0189,S-00689,2,189,公交车,公交车,gōng jiāochē,bus,,,unique,False,1,P1,,,,
BATCH-08,B2-0190,S-00690,2,190,公斤,公斤,gōngjīn,Kg.,,,unique,False,1,P1,,,,
BATCH-08,B2-0191,S-00691,2,191,公里,公里,gōnglǐ,kilometre,,,unique,False,1,P1,,,,
BATCH-08,B2-0192,S-00692,2,192,公路,公路,gōng lù,highway; highroad,,,unique,False,1,P1,,,,
BATCH-08,B2-0193,S-00693,2,193,公平,公平,gōngpíng,fair,,,unique,False,1,P1,,,,
BATCH-08,B2-0194,S-00694,2,194,公司,公司,gōngsī,company,,,unique,False,1,P1,,,,
BATCH-08,B2-0195,S-00695,2,195,公园,公园,gōngyuán,Park,,,unique,False,1,P1,,,,
BATCH-08,B2-0196,S-00696,2,196,狗,狗,gǒu,Dog,,,unique,False,1,P1,,,,
BATCH-08,B2-0197,S-00697,2,197,够,够,gòu,enough,,,unique,False,1,P1,,,,
BATCH-08,B2-0198,S-00698,2,198,故事,故事,gùshi,Story,,,unique,False,1,P1,,,,
BATCH-08,B2-0199,S-00699,2,199,故意,故意,gùyì,deliberately,,,unique,False,1,P1,,,,
BATCH-08,B2-0200,S-00700,2,200,顾客,顾客,gùkè,customer,,,unique,False,1,P1,,,,
BATCH-08,B2-0201,S-00701,2,201,关机,关机,guān jī,shutdown,,,unique,False,1,P1,,,,
BATCH-08,B2-0202,S-00702,2,202,关心,关心,guānxīn,Care for,,,unique,False,1,P1,,,,
BATCH-08,B2-0203,S-00703,2,203,观点,观点,guāndiǎn,viewpoint,,,unique,False,1,P1,,,,
BATCH-08,B2-0204,S-00704,2,204,广场,广场,guǎngchǎng,square,,,unique,False,1,P1,,,,
BATCH-08,B2-0205,S-00705,2,205,广告,广告,guǎnggào,Advertisement,,,unique,False,1,P1,,,,
BATCH-08,B2-0206,S-00706,2,206,国际,国际,guójì,international,,,unique,False,1,P1,,,,
BATCH-08,B2-0207,S-00707,2,207,过来,过来,guòlái,come; come over,,,unique,False,1,P1,,,,
BATCH-08,B2-0208,S-00708,2,208,过年,过年,guònián,celebrate the New Year,,,unique,False,1,P1,,,,
BATCH-08,B2-0210,S-00710,2,210,过,过,guò,cross; pass; spend; live,,,same_form_different_sense_or_pos,False,1,P1,,,,
BATCH-08,B2-0211,S-00711,2,211,海,海,hǎi,sea,,,unique,False,1,P1,,,,
BATCH-08,B2-0212,S-00712,2,212,海边,海边,hǎi biān,seaside,,,unique,False,1,P1,,,,
BATCH-08,B2-0213,S-00713,2,213,喊,喊,hǎn,shout,,,unique,False,1,P1,,,,
BATCH-08,B2-0215,S-00715,2,215,好处,好处,hǎochu,benefit,,,unique,False,1,P1,,,,
BATCH-09,B2-0216,S-00716,2,216,好多,好多,hǎoduō,many; a lot of,,,unique,False,1,P1,,,,
BATCH-09,B2-0217,S-00717,2,217,好久,好久,hǎojiǔ,for a long time; long,,,unique,False,1,P1,,,,
BATCH-09,B2-0218,S-00718,2,218,好人,好人,hǎorén,good person,,,unique,False,1,P1,,,,
BATCH-09,B2-0219,S-00719,2,219,好事,好事,hǎoshì,good deed; good thing,,,unique,False,1,P1,,,,
BATCH-09,B2-0220,S-00720,2,220,好像,好像,hǎoxiàng,Be like,,,unique,False,1,P1,,,,
BATCH-09,B2-0221,S-00721,2,221,合适,合适,héshì,appropriate,,,unique,False,1,P1,,,,
BATCH-09,B2-0222,S-00722,2,222,河,河,hé,river,,,unique,False,1,P1,,,,
BATCH-09,B2-0223,S-00723,2,223,黑,黑,hēi,black,,,unique,False,1,P1,,,,
BATCH-09,B2-0224,S-00724,2,224,黑板,黑板,hēibǎn,blackboard,,,unique,False,1,P1,,,,
BATCH-09,B2-0225,S-00725,2,225,黑色,黑色,hēisè,black,,,unique,False,1,P1,,,,
BATCH-09,B2-0226,S-00726,2,226,红,红,hóng,red,,,unique,False,1,P1,,,,
BATCH-09,B2-0227,S-00727,2,227,红色,红色,hóngsè,red,,,unique,False,1,P1,,,,
BATCH-09,B2-0228,S-00728,2,228,后来,后来,hòulái,later,,,unique,False,1,P1,,,,
BATCH-09,B2-0229,S-00729,2,229,忽然,忽然,hūrán,suddenly,,,unique,False,1,P1,,,,
BATCH-09,B2-0230,S-00730,2,230,湖,湖,hú,lake,,,unique,False,1,P1,,,,
BATCH-09,B2-0231,S-00731,2,231,护照,护照,hùzhào,passport,,,unique,False,1,P1,,,,
BATCH-09,B2-0233,S-00733,2,233,花园,花园,huā yuán,garden,,,unique,False,1,P1,,,,
BATCH-09,B2-0234,S-00734,2,234,画,画,huà,painting,,,unique,False,1,P1,,,,
BATCH-09,B2-0235,S-00735,2,235,画家,画家,huàjiā,painter; artist,,,unique,False,1,P1,,,,
BATCH-09,B2-0236,S-00736,2,236,画儿,画儿,huàr,painting; drawing,,,unique,False,1,P1,,,,
BATCH-09,B2-0237,S-00737,2,237,坏处,坏处,huàichù,disadvantage; harm,,,unique,False,1,P1,,,,
BATCH-09,B2-0238,S-00738,2,238,坏人,坏人,huài rén,bad person,,,unique,False,1,P1,,,,
BATCH-09,B2-0239,S-00739,2,239,欢迎,欢迎,huānyíng,Welcome,,,unique,False,1,P1,,,,
BATCH-09,B2-0240,S-00740,2,240,换,换,huàn,change,,,unique,False,1,P1,,,,
BATCH-09,B2-0241,S-00741,2,241,黄,黄,huáng,yellow,,,unique,False,1,P1,,,,
BATCH-09,B2-0242,S-00742,2,242,黄色,黄色,huángsè,yellow,,,unique,False,1,P1,,,,
BATCH-09,B2-0244,S-00744,2,244,回国,回国,huí guó,return home from abroad,,,unique,False,1,P1,,,,
BATCH-09,B2-0246,S-00746,2,246,活动,活动,huódòng,activity,,,unique,False,1,P1,,,,
BATCH-09,B2-0247,S-00747,2,247,或,或,huò,or,,,unique,False,1,P1,,,,
BATCH-09,B2-0248,S-00748,2,248,或者,或者,huòzhě,perhaps,,,unique,False,1,P1,,,,
BATCH-09,B2-0249,S-00749,2,249,机会,机会,jīhuì,Opportunity,,,unique,False,1,P1,,,,
BATCH-09,B2-0250,S-00750,2,250,鸡,鸡,jī,chicken,,,unique,False,1,P1,,,,
BATCH-09,B2-0251,S-00751,2,251,级,级,jí,level; rank; grade; degree; step,,,unique,False,1,P1,,,,
BATCH-09,B2-0252,S-00752,2,252,急,急,jí,fast; anxious; urgent; annoyed,,,unique,False,1,P1,,,,
BATCH-09,B2-0253,S-00753,2,253,计划,计划,jìhuà,plan,,,unique,False,1,P1,,,,
BATCH-09,B2-0254,S-00754,2,254,计算机,计算机,jì suàn jī,computer,,,unique,False,1,P1,,,,
BATCH-09,B2-0255,S-00755,2,255,加,加,jiā,add; increase; put in,,,unique,False,1,P1,,,,
BATCH-09,B2-0256,S-00756,2,256,加油,加油,jiā yóu,oil; refuel; make an all-out effort,,,unique,False,1,P1,,,,
BATCH-09,B2-0257,S-00757,2,257,家,家,jiā,noun suffix (scientist),,,same_form_different_sense_or_pos,False,1,P1,,,,
BATCH-09,B2-0258,S-00758,2,258,家庭,家庭,jiātíng,Family,,,unique,False,1,P1,,,,
BATCH-09,B2-0259,S-00759,2,259,家长,家长,jiāzhǎng,parent; the head of the family,,,unique,False,1,P1,,,,
BATCH-09,B2-0260,S-00760,2,260,假,假,jiǎ,false,,,unique,False,1,P1,,,,
BATCH-09,B2-0261,S-00761,2,261,假期,假期,jiàqī,holiday; vacation,,,unique,False,1,P1,,,,
BATCH-09,B2-0262,S-00762,2,262,检查,检查,jiǎnchá,inspect; check,,,unique,False,1,P1,,,,
BATCH-09,B2-0263,S-00763,2,263,见到,见到,jiàndào,see,,,unique,False,1,P1,,,,
BATCH-09,B2-0264,S-00764,2,264,见过,见过,jiànguò,seen; have seen,,,unique,False,1,P1,,,,
BATCH-09,B2-0265,S-00765,2,265,件,件,jiàn,piece,,,unique,False,1,P1,,,,
BATCH-09,B2-0266,S-00766,2,266,健康,健康,jiànkāng,Healthy,,,unique,False,1,P1,,,,
BATCH-09,B2-0267,S-00767,2,267,讲,讲,jiǎng,speak,,,unique,False,1,P1,,,,
BATCH-09,B2-0268,S-00768,2,268,讲话,讲话,jiǎng huà,speak; talk,,,unique,False,1,P1,,,,
BATCH-09,B2-0269,S-00769,2,269,交,交,jiāo,hand over,,,unique,False,1,P1,,,,
BATCH-09,B2-0270,S-00770,2,270,交给,交给,jiāogěi,hand over,,,unique,False,1,P1,,,,
BATCH-09,B2-0271,S-00771,2,271,交朋友,交朋友,jiāo péng yǒu,make friends,,,unique,False,1,P1,,,,
BATCH-09,B2-0272,S-00772,2,272,交通,交通,jiāotōng,traffic,,,unique,False,1,P1,,,,
BATCH-09,B2-0273,S-00773,2,273,角,角,jiǎo,horn,,,unique,False,1,P1,,,,
BATCH-09,B2-0274,S-00774,2,274,角度,角度,jiǎodù,angle,,,unique,False,1,P1,,,,
BATCH-09,B2-0275,S-00775,2,275,饺子,饺子,jiǎozi,Dumplings,,,unique,False,1,P1,,,,
BATCH-09,B2-0276,S-00776,2,276,脚,脚,jiǎo,foot,,,unique,False,1,P1,,,,
BATCH-09,B2-0277,S-00777,2,277,叫作,叫作,jiàozuò,be called; be known as,,,unique,False,1,P1,,,,
BATCH-09,B2-0278,S-00778,2,278,教师,教师,jiàoshī,teacher,,,unique,False,1,P1,,,,
BATCH-09,B2-0279,S-00779,2,279,教室,教室,jiàoshì,Classroom,,,unique,False,1,P1,,,,
BATCH-09,B2-0280,S-00780,2,280,教学,教学,jiàoxué,teach,,,unique,False,1,P1,,,,
BATCH-09,B2-0281,S-00781,2,281,教育,教育,jiàoyù,education,,,unique,False,1,P1,,,,
BATCH-09,B2-0282,S-00782,2,282,接,接,jiē,meet， pick,,,unique,False,1,P1,,,,
BATCH-09,B2-0283,S-00783,2,283,接到,接到,jiē dào,receive,,,unique,False,1,P1,,,,
BATCH-09,B2-0284,S-00784,2,284,接受,接受,jiēshòu,accept,,,unique,False,1,P1,,,,
BATCH-09,B2-0285,S-00785,2,285,接下来,接下来,jiē xià lái,next,,,unique,False,1,P1,,,,
BATCH-09,B2-0286,S-00786,2,286,接着,接着,jiēzhe,Next,,,unique,False,1,P1,,,,
BATCH-09,B2-0287,S-00787,2,287,街,街,jiē,street,,,unique,False,1,P1,,,,
BATCH-09,B2-0289,S-00789,2,289,节目,节目,jiémù,program,,,unique,False,1,P1,,,,
BATCH-09,B2-0290,S-00790,2,290,节日,节日,jiérì,festival,,,unique,False,1,P1,,,,
BATCH-09,B2-0291,S-00791,2,291,结果,结果,jiéguǒ,Result,,,unique,False,1,P1,,,,
BATCH-09,B2-0292,S-00792,2,292,借,借,jiè,borrow,,,unique,False,1,P1,,,,
BATCH-09,B2-0293,S-00793,2,293,斤,斤,jīn,a unit of weight (=1/2 kilogram),,,unique,False,1,P1,,,,
BATCH-09,B2-0294,S-00794,2,294,今后,今后,jīn hòu,from now on; in the future,,,unique,False,1,P1,,,,
BATCH-09,B2-0295,S-00795,2,295,进入,进入,jìn rù,enter; go in; join,,,unique,False,1,P1,,,,
BATCH-09,B2-0296,S-00796,2,296,进行,进行,jìnxíng,Conduct,,,unique,False,1,P1,,,,
BATCH-09,B2-0297,S-00797,2,297,近,近,jìn,near,,,unique,False,1,P1,,,,
BATCH-09,B2-0298,S-00798,2,298,经常,经常,jīngcháng,Often,,,unique,False,1,P1,,,,
BATCH-09,B2-0299,S-00799,2,299,经过,经过,jīngguò,"after, through",,,unique,False,1,P1,,,,
BATCH-09,B2-0300,S-00800,2,300,经理,经理,jīnglǐ,manager,,,unique,False,1,P1,,,,
BATCH-09,B2-0301,S-00801,2,301,酒,酒,jiǔ,alcohol; liqueur,,,unique,False,1,P1,,,,
BATCH-09,B2-0302,S-00802,2,302,酒店,酒店,jiǔ diàn,hotel,,,unique,False,1,P1,,,,
BATCH-09,B2-0303,S-00803,2,303,就要,就要,jiùyào,be going to; be about to,,,unique,False,1,P1,,,,
BATCH-09,B2-0304,S-00804,2,304,举,举,jǔ,lift,,,unique,False,1,P1,,,,
BATCH-09,B2-0305,S-00805,2,305,举手,举手,jǔ shǒu,raise one’s hand or hands,,,unique,False,1,P1,,,,
BATCH-09,B2-0306,S-00806,2,306,举行,举行,jǔxíng,hold,,,unique,False,1,P1,,,,
BATCH-09,B2-0307,S-00807,2,307,句,句,jù,sentence,,,unique,False,1,P1,,,,
BATCH-09,B2-0308,S-00808,2,308,句子,句子,jùzi,sentence,,,unique,False,1,P1,,,,
BATCH-09,B2-0309,S-00809,2,309,卡,卡,kǎ,card,,,unique,False,1,P1,,,,
BATCH-09,B2-0310,S-00810,2,310,开机,开机,kāi jī,starting up,,,unique,False,1,P1,,,,
BATCH-09,B2-0311,S-00811,2,311,开心,开心,kāixīn,Happy,,,unique,False,1,P1,,,,
BATCH-09,B2-0312,S-00812,2,312,开学,开学,kāi xué,school opens; term begins,,,unique,False,1,P1,,,,
BATCH-09,B2-0313,S-00813,2,313,看法,看法,kànfǎ,view,,,unique,False,1,P1,,,,
BATCH-09,B2-0314,S-00814,2,314,考生,考生,kǎo shēng,examinee,,,unique,False,1,P1,,,,
BATCH-09,B2-0315,S-00815,2,315,靠,靠,kào,lean,,,unique,False,1,P1,,,,
BATCH-09,B2-0316,S-00816,2,316,科,科,kē,subject; family; section,,,unique,False,1,P1,,,,
BATCH-09,B2-0317,S-00817,2,317,科学,科学,kēxué,science,,,unique,False,1,P1,,,,
BATCH-09,B2-0318,S-00818,2,318,可爱,可爱,kě’ài,Lovely,,,unique,False,1,P1,,,,
BATCH-09,B2-0319,S-00819,2,319,可能,可能,kěnéng,Probably,,,unique,False,1,P1,,,,
BATCH-10,B2-0320,S-00820,2,320,可怕,可怕,kěpà,dreadful,,,unique,False,1,P1,,,,
BATCH-10,B2-0321,S-00821,2,321,可是,可是,kěshì,however,,,unique,False,1,P1,,,,
BATCH-10,B2-0322,S-00822,2,322,可以,可以,kěyǐ,Sure,,,unique,False,1,P1,,,,
BATCH-10,B2-0323,S-00823,2,323,克,克,kè,gram,,,unique,False,1,P1,,,,
BATCH-10,B2-0325,S-00825,2,325,客人,客人,kèrén,Guest,,,unique,False,1,P1,,,,
BATCH-10,B2-0326,S-00826,2,326,课堂,课堂,kè táng,classroom,,,unique,False,1,P1,,,,
BATCH-10,B2-0327,S-00827,2,327,空气,空气,kōngqì,atmosphere,,,unique,False,1,P1,,,,
BATCH-10,B2-0328,S-00828,2,328,哭,哭,kū,cry,,,unique,False,1,P1,,,,
BATCH-10,B2-0329,S-00829,2,329,快餐,快餐,kuài cān,fast food,,,unique,False,1,P1,,,,
BATCH-10,B2-0330,S-00830,2,330,快点儿,快点儿,kuài diǎnr,hurry up,,,unique,False,1,P1,,,,
BATCH-10,B2-0331,S-00831,2,331,快乐,快乐,kuàilè,happy,,,unique,False,1,P1,,,,
BATCH-10,B2-0332,S-00832,2,332,快要,快要,kuàiyào,be about to; be going to,,,unique,False,1,P1,,,,
BATCH-10,B2-0333,S-00833,2,333,筷子,筷子,kuàizi,chopsticks,,,unique,False,1,P1,,,,
BATCH-10,B2-0334,S-00834,2,334,拉,拉,lā,pull,,,unique,False,1,P1,,,,
BATCH-10,B2-0335,S-00835,2,335,来自,来自,láizì,Come from,,,unique,False,1,P1,,,,
BATCH-10,B2-0336,S-00836,2,336,蓝,蓝,lán,blue,,,unique,False,1,P1,,,,
BATCH-10,B2-0337,S-00837,2,337,蓝色,蓝色,lánsè,blue,,,unique,False,1,P1,,,,
BATCH-10,B2-0338,S-00838,2,338,篮球,篮球,lán qiú,basketball,,,unique,False,1,P1,,,,
BATCH-10,B2-0340,S-00840,2,340,老,老,lǎo （ lǎowáng）,noun prefix (Lao Wang),,,same_form_different_sense_or_pos,False,1,P1,,,,
BATCH-10,B2-0341,S-00841,2,341,老年,老年,lǎo nián,elderly,,,unique,False,1,P1,,,,
BATCH-10,B2-0342,S-00842,2,342,老朋友,老朋友,lǎo péng yǒu,old friend,,,unique,False,1,P1,,,,
BATCH-10,B2-0343,S-00843,2,343,老是,老是,lǎo shì,always; all times,,,unique,False,1,P1,,,,
BATCH-10,B2-0344,S-00844,2,344,离,离,lí,leave,,,unique,False,1,P1,,,,
BATCH-10,B2-0345,S-00845,2,345,离开,离开,líkāi,leave,,,unique,False,1,P1,,,,
BATCH-10,B2-0346,S-00846,2,346,礼物,礼物,lǐwù,gift,,,unique,False,1,P1,,,,
BATCH-10,B2-0347,S-00847,2,347,里头,里头,lǐtou,inside,,,unique,False,1,P1,,,,
BATCH-10,B2-0348,S-00848,2,348,理想,理想,lǐxiǎng,ideal,,,unique,False,1,P1,,,,
BATCH-10,B2-0349,S-00849,2,349,例如,例如,lìrú,for example,,,unique,False,1,P1,,,,
BATCH-10,B2-0350,S-00850,2,350,例子,例子,lìzi,example,,,unique,False,1,P1,,,,
BATCH-10,B2-0351,S-00851,2,351,脸,脸,liǎn,face,,,unique,False,1,P1,,,,
BATCH-10,B2-0352,S-00852,2,352,练,练,liàn,practice; train,,,unique,False,1,P1,,,,
BATCH-10,B2-0353,S-00853,2,353,练习,练习,liànxí,Practice,,,unique,False,1,P1,,,,
BATCH-10,B2-0354,S-00854,2,354,凉,凉,liáng,cool,,,unique,False,1,P1,,,,
BATCH-10,B2-0355,S-00855,2,355,凉快,凉快,liángkuai,Pleasantly cool,,,unique,False,1,P1,,,,
BATCH-10,B2-0357,S-00857,2,357,亮,亮,liàng,bright,,,unique,False,1,P1,,,,
BATCH-10,B2-0358,S-00858,2,358,辆,辆,liàng,Car (measure word),,,unique,False,1,P1,,,,
BATCH-10,B2-0359,S-00859,2,359,零下,零下,líng xià,below zero,,,unique,False,1,P1,,,,
BATCH-10,B2-0360,S-00860,2,360,留,留,liú,stay,,,unique,False,1,P1,,,,
BATCH-10,B2-0361,S-00861,2,361,留下,留下,liú xià,stay; remain,,,unique,False,1,P1,,,,
BATCH-10,B2-0362,S-00862,2,362,留学生,留学生,liú xué shēng,student studying abroad; returned student,,,unique,False,1,P1,,,,
BATCH-10,B2-0363,S-00863,2,363,流,流,liú,flow; spread,,,unique,False,1,P1,,,,
BATCH-10,B2-0364,S-00864,2,364,流利,流利,liúlì,fluent,,,unique,False,1,P1,,,,
BATCH-10,B2-0365,S-00865,2,365,流行,流行,liúxíng,Popular,,,unique,False,1,P1,,,,
BATCH-10,B2-0366,S-00866,2,366,路边,路边,lù biān,roadside; wayside,,,unique,False,1,P1,,,,
BATCH-10,B2-0367,S-00867,2,367,旅客,旅客,lǚ kè,passenger; traveler,,,unique,False,1,P1,,,,
BATCH-10,B2-0368,S-00868,2,368,旅行,旅行,lǚxíng,travel,,,unique,False,1,P1,,,,
BATCH-10,B2-0369,S-00869,2,369,旅游,旅游,lǚyóu,Tourism,,,unique,False,1,P1,,,,
BATCH-10,B2-0370,S-00870,2,370,绿,绿,lǜ,green,,,unique,False,1,P1,,,,
BATCH-10,B2-0371,S-00871,2,371,绿色,绿色,lǜsè,green,,,unique,False,1,P1,,,,
BATCH-10,B2-0372,S-00872,2,372,卖,卖,mài,sell,,,unique,False,1,P1,,,,
BATCH-10,B2-0373,S-00873,2,373,满,满,mǎn,full,,,unique,False,1,P1,,,,
BATCH-10,B2-0374,S-00874,2,374,满意,满意,mǎnyì,Satisfied,,,unique,False,1,P1,,,,
BATCH-10,B2-0375,S-00875,2,375,猫,猫,māo,cat,,,unique,False,1,P1,,,,
BATCH-10,B2-0379,S-00879,2,379,面前,面前,miàn qián,in front of; before,,,unique,False,1,P1,,,,
BATCH-10,B2-0380,S-00880,2,380,名,名,míng,name,,,unique,False,1,P1,,,,
BATCH-10,B2-0381,S-00881,2,381,名称,名称,míngchēng,name; designation,,,unique,False,1,P1,,,,
BATCH-10,B2-0382,S-00882,2,382,名单,名单,míngdān,list,,,unique,False,1,P1,,,,
BATCH-10,B2-0383,S-00883,2,383,明星,明星,míngxīng,Star,,,unique,False,1,P1,,,,
BATCH-10,B2-0384,S-00884,2,384,目的,目的,mùdì,objective,,,unique,False,1,P1,,,,
BATCH-10,B2-0385,S-00885,2,385,拿出,拿出,ná chū,take out,,,unique,False,1,P1,,,,
BATCH-10,B2-0386,S-00886,2,386,拿到,拿到,ná dào,get,,,unique,False,1,P1,,,,
BATCH-10,B2-0388,S-00888,2,388,那会儿,那会儿,nàhuìr,at that time; then,,,unique,False,1,P1,,,,
BATCH-10,B2-0389,S-00889,2,389,那么,那么,nàme,like that; in that way,,,unique,False,1,P1,,,,
BATCH-10,B2-0390,S-00890,2,390,那时候,那时候 | 那时,nàshí hou ｜nàshí,at that time,,,unique,False,1,P1,,,,
BATCH-10,B2-0391,S-00891,2,391,那样,那样,nàyàng,that kind; like that; such,,,unique,False,1,P1,,,,
BATCH-10,B2-0392,S-00892,2,392,南方,南方,nánfāng,south,,,unique,False,1,P1,,,,
BATCH-10,B2-0393,S-00893,2,393,难过,难过,nánguò,Sorry,,,unique,False,1,P1,,,,
BATCH-10,B2-0394,S-00894,2,394,难看,难看,nánkàn,ugly,,,unique,False,1,P1,,,,
BATCH-10,B2-0395,S-00895,2,395,难受,难受,nánshòu,Uncomfortable,,,unique,False,1,P1,,,,
BATCH-10,B2-0396,S-00896,2,396,难题,难题,nántí,problem; difficult problem; puzzle,,,unique,False,1,P1,,,,
BATCH-10,B2-0397,S-00897,2,397,难听,难听,nántīng,unpleasant to hear,,,unique,False,1,P1,,,,
BATCH-10,B2-0398,S-00898,2,398,能够,能够,néng gòu,be able to; can,,,unique,False,1,P1,,,,
BATCH-10,B2-0399,S-00899,2,399,年级,年级,niánjí,grade,,,unique,False,1,P1,,,,
BATCH-10,B2-0400,S-00900,2,400,年轻,年轻,niánqīng,Young,,,unique,False,1,P1,,,,
BATCH-10,B2-0401,S-00901,2,401,鸟,鸟,niǎo,bird,,,unique,False,1,P1,,,,
BATCH-10,B2-0402,S-00902,2,402,弄,弄,nòng,"get, make",,,unique,False,1,P1,,,,
BATCH-10,B2-0403,S-00903,2,403,努力,努力,nǔlì,Strive,,,unique,False,1,P1,,,,
BATCH-10,B2-0404,S-00904,2,404,爬,爬,pá,climb; creep; scramble,,,unique,False,1,P1,,,,
BATCH-10,B2-0405,S-00905,2,405,爬山,爬山,páshān,Mountain climbing,,,unique,False,1,P1,,,,
BATCH-10,B2-0408,S-00908,2,408,排队,排队,páiduì,queue; stand in a line,,,unique,False,1,P1,,,,
BATCH-10,B2-0409,S-00909,2,409,排球,排球,páiqiú,volleyball,,,unique,False,1,P1,,,,
BATCH-10,B2-0410,S-00910,2,410,碰,碰,pèng,"touch, meet",,,unique,False,1,P1,,,,
BATCH-10,B2-0411,S-00911,2,411,碰到,碰到,pèng dào,meet; run into; bump into,,,unique,False,1,P1,,,,
BATCH-10,B2-0412,S-00912,2,412,碰见,碰见,pèngjiàn,meet; run into; bump into,,,unique,False,1,P1,,,,
BATCH-10,B2-0413,S-00913,2,413,篇,篇,piān,piece,,,unique,False,1,P1,,,,
BATCH-10,B2-0414,S-00914,2,414,便宜,便宜,piányi,Cheap,,,unique,False,1,P1,,,,
BATCH-10,B2-0415,S-00915,2,415,片,片,piàn,slice,,,unique,False,1,P1,,,,
BATCH-10,B2-0416,S-00916,2,416,漂亮,漂亮,piàoliang,Well done!； beautiful,,,unique,False,1,P1,,,,
BATCH-10,B2-0417,S-00917,2,417,平,平,píng,flat,,,unique,False,1,P1,,,,
BATCH-10,B2-0418,S-00918,2,418,平安,平安,píng’ān,sound and safe,,,unique,False,1,P1,,,,
BATCH-10,B2-0419,S-00919,2,419,平常,平常,píngcháng,Usual,,,unique,False,1,P1,,,,
BATCH-10,B2-0420,S-00920,2,420,平等,平等,píngděng,equality,,,unique,False,1,P1,,,,
BATCH-10,B2-0421,S-00921,2,421,平时,平时,píngshí,peacetime,,,unique,False,1,P1,,,,
BATCH-10,B2-0422,S-00922,2,422,瓶,瓶,píng,bottle,,,unique,False,1,P1,,,,
BATCH-10,B2-0423,S-00923,2,423,瓶子,瓶子,píngzi,Bottle,,,unique,False,1,P1,,,,
BATCH-10,B2-0424,S-00924,2,424,普通,普通,pǔtōng,ordinary; general; average; common,,,unique,False,1,P1,,,,
BATCH-10,B2-0425,S-00925,2,425,普通话,普通话,pǔtōnghuà,Mandarin,,,unique,False,1,P1,,,,
BATCH-10,B2-0426,S-00926,2,426,其他,其他,qítā,Other,,,unique,False,1,P1,,,,
BATCH-10,B2-0427,S-00927,2,427,其中,其中,qízhōng,among,,,unique,False,1,P1,,,,
BATCH-10,B2-0428,S-00928,2,428,骑,骑,qí,ride,,,unique,False,1,P1,,,,
BATCH-11,B2-0429,S-00929,2,429,骑车,骑车,qíchē,cycle,,,unique,False,1,P1,,,,
BATCH-11,B2-0430,S-00930,2,430,起飞,起飞,qǐfēi,take off,,,unique,False,1,P1,,,,
BATCH-11,B2-0431,S-00931,2,431,气,气,qì,air; gas; breath,,,unique,False,1,P1,,,,
BATCH-11,B2-0432,S-00932,2,432,气温,气温,qì wēn,air temperature,,,unique,False,1,P1,,,,
BATCH-11,B2-0433,S-00933,2,433,千,千,qiān,thousand,,,unique,False,1,P1,,,,
BATCH-11,B2-0434,S-00934,2,434,千克,千克,qiān kè,kilogram,,,unique,False,1,P1,,,,
BATCH-11,B2-0435,S-00935,2,435,前年,前年,qián nián,the year before last,,,unique,False,1,P1,,,,
BATCH-11,B2-0436,S-00936,2,436,墙,墙,qiáng,wall,,,unique,False,1,P1,,,,
BATCH-11,B2-0437,S-00937,2,437,青年,青年,qīng nián,youth; young,,,unique,False,1,P1,,,,
BATCH-11,B2-0438,S-00938,2,438,青少年,青少年,qīngshàonián,Teenagers,,,unique,False,1,P1,,,,
BATCH-11,B2-0439,S-00939,2,439,轻,轻,qīng,light,,,unique,False,1,P1,,,,
BATCH-11,B2-0440,S-00940,2,440,清楚,清楚,qīngchu,clear,,,unique,False,1,P1,,,,
BATCH-11,B2-0441,S-00941,2,441,晴,晴,qíng,Sunny,,,unique,False,1,P1,,,,
BATCH-11,B2-0442,S-00942,2,442,晴天,晴天,qíng tiān,sunny day,,,unique,False,1,P1,,,,
BATCH-11,B2-0443,S-00943,2,443,请客,请客,qǐng kè,stand treat; entertain,,,unique,False,1,P1,,,,
BATCH-11,B2-0444,S-00944,2,444,请求,请求,qǐngqiú,request,,,unique,False,1,P1,,,,
BATCH-11,B2-0445,S-00945,2,445,秋天,秋天,qiū tiān,fall; autumn,,,unique,False,1,P1,,,,
BATCH-11,B2-0446,S-00946,2,446,求,求,qiú,request; beg; entreat; beseech,,,unique,False,1,P1,,,,
BATCH-11,B2-0447,S-00947,2,447,球场,球场,qiúchǎng,court; field,,,unique,False,1,P1,,,,
BATCH-11,B2-0448,S-00948,2,448,球队,球队,qiú duì,team,,,unique,False,1,P1,,,,
BATCH-11,B2-0449,S-00949,2,449,球鞋,球鞋,qiú xié,sneakers; gym shoes,,,unique,False,1,P1,,,,
BATCH-11,B2-0450,S-00950,2,450,取,取,qǔ,take,,,unique,False,1,P1,,,,
BATCH-11,B2-0451,S-00951,2,451,取得,取得,qǔdé,acquire; gain; obtain,,,unique,False,1,P1,,,,
BATCH-11,B2-0452,S-00952,2,452,全,全,quán,whole; entire; complete,,,unique,False,1,P1,,,,
BATCH-11,B2-0453,S-00953,2,453,全部,全部,quánbù,whole,,,unique,False,1,P1,,,,
BATCH-11,B2-0454,S-00954,2,454,全国,全国,quán guó,nationwide; entire country,,,unique,False,1,P1,,,,
BATCH-11,B2-0455,S-00955,2,455,全家,全家,quánjiā,whole family,,,unique,False,1,P1,,,,
BATCH-11,B2-0456,S-00956,2,456,全年,全年,quán nián,annual; yearly,,,unique,False,1,P1,,,,
BATCH-11,B2-0457,S-00957,2,457,全身,全身,quán shēn,whole body,,,unique,False,1,P1,,,,
BATCH-11,B2-0458,S-00958,2,458,全体,全体,quántǐ,all; entire; whole,,,unique,False,1,P1,,,,
BATCH-11,B2-0459,S-00959,2,459,然后,然后,ránhòu,Then,,,unique,False,1,P1,,,,
BATCH-11,B2-0460,S-00960,2,460,让,让,ràng,Give Way,,,unique,False,1,P1,,,,
BATCH-11,B2-0461,S-00961,2,461,热情,热情,rèqíng,Enthusiasm,,,unique,False,1,P1,,,,
BATCH-11,B2-0462,S-00962,2,462,人口,人口,rénkǒu,population,,,unique,False,1,P1,,,,
BATCH-11,B2-0463,S-00963,2,463,人们,人们,rén men,people,,,unique,False,1,P1,,,,
BATCH-11,B2-0464,S-00964,2,464,人数,人数,rénshù,number of people,,,unique,False,1,P1,,,,
BATCH-11,B2-0465,S-00965,2,465,认为,认为,rènwéi,think,,,unique,False,1,P1,,,,
BATCH-11,B2-0466,S-00966,2,466,日报,日报,rì bào,"daily, journal",,,unique,False,1,P1,,,,
BATCH-11,B2-0467,S-00967,2,467,日子,日子,rìzi,"life, days",,,unique,False,1,P1,,,,
BATCH-11,B2-0468,S-00968,2,468,如果,如果,rúguǒ,If,,,unique,False,1,P1,,,,
BATCH-11,B2-0469,S-00969,2,469,入口,入口,rùkǒu,Entrance,,,unique,False,1,P1,,,,
BATCH-11,B2-0470,S-00970,2,470,商量,商量,shāngliang,discuss,,,unique,False,1,P1,,,,
BATCH-11,B2-0471,S-00971,2,471,商人,商人,shāng rén,businessman,,,unique,False,1,P1,,,,
BATCH-11,B2-0472,S-00972,2,472,上周,上周,shàngzhōu,last week,,,unique,False,1,P1,,,,
BATCH-11,B2-0473,S-00973,2,473,少数,少数,shǎoshù,small number; few; minority,,,unique,False,1,P1,,,,
BATCH-11,B2-0474,S-00974,2,474,少年,少年,shàonián,juvenile; young person,,,unique,False,1,P1,,,,
BATCH-11,B2-0475,S-00975,2,475,身边,身边,shēn biān,at [by] one’s side,,,unique,False,1,P1,,,,
BATCH-11,B2-0476,S-00976,2,476,什么样,什么样,shénme yàng,what kind,,,unique,False,1,P1,,,,
BATCH-11,B2-0478,S-00978,2,478,生词,生词,shēng cí,new word,,,unique,False,1,P1,,,,
BATCH-11,B2-0479,S-00979,2,479,生活,生活,shēnghuó,Life,,,unique,False,1,P1,,,,
BATCH-11,B2-0480,S-00980,2,480,声音,声音,shēngyīn,voice,,,unique,False,1,P1,,,,
BATCH-11,B2-0483,S-00983,2,483,十分,十分,shífēn,very,,,unique,False,1,P1,,,,
BATCH-11,B2-0484,S-00984,2,484,实际,实际,shíjì,Actual,,,unique,False,1,P1,,,,
BATCH-11,B2-0485,S-00985,2,485,实习,实习,shíxí,Internship,,,unique,False,1,P1,,,,
BATCH-11,B2-0486,S-00986,2,486,实现,实现,shíxiàn,Realization,,,unique,False,1,P1,,,,
BATCH-11,B2-0487,S-00987,2,487,实在,实在,shízài,real; indeeed,,,unique,False,1,P1,,,,
BATCH-11,B2-0488,S-00988,2,488,实在,实在,shízai,done carefully,,,unique,False,1,P1,,,,
BATCH-11,B2-0489,S-00989,2,489,食物,食物,shíwù,food,,,unique,False,1,P1,,,,
BATCH-11,B2-0490,S-00990,2,490,使用,使用,shǐyòng,Use,,,unique,False,1,P1,,,,
BATCH-11,B2-0491,S-00991,2,491,市,市,shì,city,,,unique,False,1,P1,,,,
BATCH-11,B2-0492,S-00992,2,492,市长,市长,shìzhǎng,mayor,,,unique,False,1,P1,,,,
BATCH-11,B2-0493,S-00993,2,493,事情,事情,shìqing,Thing,,,unique,False,1,P1,,,,
BATCH-11,B2-0494,S-00994,2,494,收,收,shōu,collect,,,unique,False,1,P1,,,,
BATCH-11,B2-0495,S-00995,2,495,收到,收到,shōu dào,receive; obtain,,,unique,False,1,P1,,,,
BATCH-11,B2-0496,S-00996,2,496,收入,收入,shōurù,income,,,unique,False,1,P1,,,,
BATCH-11,B2-0497,S-00997,2,497,手表,手表,shǒubiǎo,Wrist Watch,,,unique,False,1,P1,,,,
BATCH-11,B2-0498,S-00998,2,498,受到,受到,shòudào,Suffer,,,unique,False,1,P1,,,,
BATCH-11,B2-0499,S-00999,2,499,舒服,舒服,shūfu,comfortable,,,unique,False,1,P1,,,,
BATCH-11,B2-0500,S-01000,2,500,熟,熟,shú,ripe; cooked; familiar; skilled,,,unique,False,1,P1,,,,
BATCH-11,B2-0501,S-01001,2,501,数,数,shǔ,to count,,,unique,False,1,P1,,,,
BATCH-11,B2-0502,S-01002,2,502,数字,数字,shùzì,number,,,unique,False,1,P1,,,,
BATCH-11,B2-0503,S-01003,2,503,水平,水平,shuǐpíng,level,,,unique,False,1,P1,,,,
BATCH-11,B2-0504,S-01004,2,504,顺利,顺利,shùnlì,smoothly,,,unique,False,1,P1,,,,
BATCH-11,B2-0505,S-01005,2,505,说明,说明,shuōmíng,Explain,,,unique,False,1,P1,,,,
BATCH-11,B2-0506,S-01006,2,506,司机,司机,sījī,Driver,,,unique,False,1,P1,,,,
BATCH-11,B2-0507,S-01007,2,507,送到,送到,sòng dào,sent to (place),,,unique,False,1,P1,,,,
BATCH-11,B2-0508,S-01008,2,508,送给,送给,sònggěi,give to (somebody or organization),,,unique,False,1,P1,,,,
BATCH-11,B2-0509,S-01009,2,509,算,算,suàn,count; calculate,,,unique,False,1,P1,,,,
BATCH-11,B2-0510,S-01010,2,510,虽然,虽然,suī rán,although; though,,,unique,False,1,P1,,,,
BATCH-11,B2-0511,S-01011,2,511,随便,随便,suíbiàn,casual,,,unique,False,1,P1,,,,
BATCH-11,B2-0512,S-01012,2,512,随时,随时,suíshí,at any time,,,unique,False,1,P1,,,,
BATCH-11,B2-0513,S-01013,2,513,所以,所以,suǒ yǐ,so,,,unique,False,1,P1,,,,
BATCH-11,B2-0514,S-01014,2,514,所有,所有,suǒyǒu,All,,,unique,False,1,P1,,,,
BATCH-11,B2-0515,S-01015,2,515,它,它,tā,it,,,unique,False,1,P1,,,,
BATCH-11,B2-0516,S-01016,2,516,它们,它们,tā men,they,,,unique,False,1,P1,,,,
BATCH-11,B2-0517,S-01017,2,517,太太,太太,tàitai,Ma’am,,,unique,False,1,P1,,,,
BATCH-11,B2-0518,S-01018,2,518,太阳,太阳,tàiyáng,sun,,,unique,False,1,P1,,,,
BATCH-11,B2-0519,S-01019,2,519,态度,态度,tàidu,attitude,,,unique,False,1,P1,,,,
BATCH-11,B2-0520,S-01020,2,520,讨论,讨论,tǎolùn,discuss,,,unique,False,1,P1,,,,
BATCH-11,B2-0521,S-01021,2,521,套,套,tào,set,,,unique,False,1,P1,,,,
BATCH-11,B2-0522,S-01022,2,522,特别,特别,tèbié,Especially,,,unique,False,1,P1,,,,
BATCH-11,B2-0523,S-01023,2,523,特点,特点,tèdiǎn,Characteristic,,,unique,False,1,P1,,,,
BATCH-11,B2-0524,S-01024,2,524,疼,疼,téng,hurt,,,unique,False,1,P1,,,,
BATCH-11,B2-0525,S-01025,2,525,提,提,tí,carry,,,unique,False,1,P1,,,,
BATCH-11,B2-0526,S-01026,2,526,提出,提出,tíchū,put forward; propose; raise,,,unique,False,1,P1,,,,
BATCH-11,B2-0527,S-01027,2,527,提到,提到,tídào,mention; refer to,,,unique,False,1,P1,,,,
BATCH-11,B2-0528,S-01028,2,528,提高,提高,tígāo,"increase, promote",,,unique,False,1,P1,,,,
BATCH-11,B2-0529,S-01029,2,529,题,题,tí,topic,,,unique,False,1,P1,,,,
BATCH-11,B2-0530,S-01030,2,530,体育,体育,tǐyù,Sports,,,unique,False,1,P1,,,,
BATCH-11,B2-0531,S-01031,2,531,体育场,体育场,tǐyùchǎng,stadium,,,unique,False,1,P1,,,,
BATCH-12,B2-0532,S-01032,2,532,体育馆,体育馆,tǐyù guǎn,stadium; gymnasium; gym,,,unique,False,1,P1,,,,
BATCH-12,B2-0533,S-01033,2,533,天上,天上,tiānshàng,the sky; heaven,,,unique,False,1,P1,,,,
BATCH-12,B2-0534,S-01034,2,534,条,条,tiáo,strip,,,unique,False,1,P1,,,,
BATCH-12,B2-0535,S-01035,2,535,条件,条件,tiáojiàn,condition,,,unique,False,1,P1,,,,
BATCH-12,B2-0536,S-01036,2,536,听讲,听讲,tīng jiǎng,attend a lecture; listen to a talk,,,unique,False,1,P1,,,,
BATCH-12,B2-0537,S-01037,2,537,听说,听说,tīngshuō,be told; hear of,,,unique,False,1,P1,,,,
BATCH-12,B2-0538,S-01038,2,538,停,停,tíng,Stop,,,unique,False,1,P1,,,,
BATCH-12,B2-0539,S-01039,2,539,停车,停车,tíngchē,park,,,unique,False,1,P1,,,,
BATCH-12,B2-0540,S-01040,2,540,停车场,停车场,tíngchēchǎng,parking lot,,,unique,False,1,P1,,,,
BATCH-12,B2-0542,S-01042,2,542,挺好,挺好,tǐnghǎo,very good; not half bad,,,unique,False,1,P1,,,,
BATCH-12,B2-0543,S-01043,2,543,通,通,tōng,through; common; all; understand; expert,,,unique,False,1,P1,,,,
BATCH-12,B2-0544,S-01044,2,544,通过,通过,tōngguò,adopt,,,unique,False,1,P1,,,,
BATCH-12,B2-0545,S-01045,2,545,通知,通知,tōngzhī,notice,,,unique,False,1,P1,,,,
BATCH-12,B2-0546,S-01046,2,546,同时,同时,tóngshí,meanwhile,,,unique,False,1,P1,,,,
BATCH-12,B2-0547,S-01047,2,547,同事,同事,tóngshì,Colleague,,,unique,False,1,P1,,,,
BATCH-12,B2-0548,S-01048,2,548,同样,同样,tóngyàng,same,,,unique,False,1,P1,,,,
BATCH-12,B2-0550,S-01050,2,550,头,头,tóu,suffix (inside),,,same_form_different_sense_or_pos,False,1,P1,,,,
BATCH-12,B2-0551,S-01051,2,551,头发,头发,tóufa,Hair,,,unique,False,1,P1,,,,
BATCH-12,B2-0552,S-01052,2,552,图片,图片,túpiàn,picture; photograph,,,unique,False,1,P1,,,,
BATCH-12,B2-0553,S-01053,2,553,推,推,tuī,push,,,unique,False,1,P1,,,,
BATCH-12,B2-0554,S-01054,2,554,腿,腿,tuǐ,leg,,,unique,False,1,P1,,,,
BATCH-12,B2-0555,S-01055,2,555,外地,外地,wàidì,other places; nonlocal,,,unique,False,1,P1,,,,
BATCH-12,B2-0556,S-01056,2,556,外卖,外卖,wài mài,takeaway; take out,,,unique,False,1,P1,,,,
BATCH-12,B2-0557,S-01057,2,557,完,完,wán,finish,,,unique,False,1,P1,,,,
BATCH-12,B2-0558,S-01058,2,558,完成,完成,wánchéng,complete,,,unique,False,1,P1,,,,
BATCH-12,B2-0559,S-01059,2,559,完全,完全,wánquán,completely,,,unique,False,1,P1,,,,
BATCH-12,B2-0560,S-01060,2,560,晚安,晚安,wǎn ān,good night,,,unique,False,1,P1,,,,
BATCH-12,B2-0561,S-01061,2,561,晚报,晚报,wǎn bào,evening paper; evening news,,,unique,False,1,P1,,,,
BATCH-12,B2-0562,S-01062,2,562,晚餐,晚餐,wǎn cān,dinner; supper,,,unique,False,1,P1,,,,
BATCH-12,B2-0563,S-01063,2,563,晚会,晚会,wǎnhuì,evening party,,,unique,False,1,P1,,,,
BATCH-12,B2-0564,S-01064,2,564,碗,碗,wǎn,bowl,,,unique,False,1,P1,,,,
BATCH-12,B2-0565,S-01065,2,565,万,万,wàn,ten thousand,,,unique,False,1,P1,,,,
BATCH-12,B2-0566,S-01066,2,566,网,网,wǎng,net; network,,,unique,False,1,P1,,,,
BATCH-12,B2-0567,S-01067,2,567,网球,网球,wǎngqiú,Tennis,,,unique,False,1,P1,,,,
BATCH-12,B2-0568,S-01068,2,568,网站,网站,wǎngzhàn,website,,,unique,False,1,P1,,,,
BATCH-12,B2-0569,S-01069,2,569,往,往,wǎng,to,,,unique,False,1,P1,,,,
BATCH-12,B2-0570,S-01070,2,570,为,为,wèi,by,,,same_form_different_sense_or_pos,False,1,P1,,,,
BATCH-12,B2-0571,S-01071,2,571,为什么,为什么,wèishénme,Why,,,unique,False,1,P1,,,,
BATCH-12,B2-0572,S-01072,2,572,位,位,wèi,person (measure word),,,unique,False,1,P1,,,,
BATCH-12,B2-0573,S-01073,2,573,味道,味道,wèidào,taste,,,unique,False,1,P1,,,,
BATCH-12,B2-0574,S-01074,2,574,喂,喂,wèi,hello; hey,,,same_form_different_sense_or_pos,False,1,P1,,,,
BATCH-12,B2-0575,S-01075,2,575,温度,温度,wēndù,temperature,,,unique,False,1,P1,,,,
BATCH-12,B2-0576,S-01076,2,576,闻,闻,wén,smell,,,unique,False,1,P1,,,,
BATCH-12,B2-0577,S-01077,2,577,问路,问路,wèn lù,ask for directions,,,unique,False,1,P1,,,,
BATCH-12,B2-0578,S-01078,2,578,问题,问题,wèntí,problem,,,unique,False,1,P1,,,,
BATCH-12,B2-0579,S-01079,2,579,午餐,午餐,wǔ cān,lunch,,,unique,False,1,P1,,,,
BATCH-12,B2-0580,S-01080,2,580,午睡,午睡,wǔ shuì,nap,,,unique,False,1,P1,,,,
BATCH-12,B2-0581,S-01081,2,581,西北,西北,xī běi,northwest,,,unique,False,1,P1,,,,
BATCH-12,B2-0582,S-01082,2,582,西餐,西餐,xī cān,western food,,,unique,False,1,P1,,,,
BATCH-12,B2-0583,S-01083,2,583,西方,西方,xī fāng,west,,,unique,False,1,P1,,,,
BATCH-12,B2-0584,S-01084,2,584,西南,西南,xīnán,southwest,,,unique,False,1,P1,,,,
BATCH-12,B2-0585,S-01085,2,585,西医,西医,xī yī,western medicine,,,unique,False,1,P1,,,,
BATCH-12,B2-0586,S-01086,2,586,习惯,习惯,xíguàn,Habit,,,unique,False,1,P1,,,,
BATCH-12,B2-0587,S-01087,2,587,洗衣机,洗衣机,xǐyī jī,washing machine,,,unique,False,1,P1,,,,
BATCH-12,B2-0588,S-01088,2,588,洗澡,洗澡,xǐzǎo,Take a shower,,,unique,False,1,P1,,,,
BATCH-12,B2-0590,S-01090,2,590,下雪,下雪,xià xuě,snow; snowing,,,unique,False,1,P1,,,,
BATCH-12,B2-0591,S-01091,2,591,下周,下周,xià zhōu,next week,,,unique,False,1,P1,,,,
BATCH-12,B2-0592,S-01092,2,592,夏天,夏天,xià tiān,summer,,,unique,False,1,P1,,,,
BATCH-12,B2-0593,S-01093,2,593,相同,相同,xiāngtóng,identical,,,unique,False,1,P1,,,,
BATCH-12,B2-0594,S-01094,2,594,相信,相信,xiāngxìn,believe,,,unique,False,1,P1,,,,
BATCH-12,B2-0595,S-01095,2,595,响,响,xiǎng,loud,,,unique,False,1,P1,,,,
BATCH-12,B2-0596,S-01096,2,596,想到,想到,xiǎng dào,think of; call to mind; have at heart,,,unique,False,1,P1,,,,
BATCH-12,B2-0597,S-01097,2,597,想法,想法,xiǎng fǎ,idea; opinion;thought,,,unique,False,1,P1,,,,
BATCH-12,B2-0598,S-01098,2,598,想起,想起,xiǎng qǐ,remember; recall; think of; call to mind,,,unique,False,1,P1,,,,
BATCH-12,B2-0599,S-01099,2,599,向,向,xiàng,towards,,,unique,False,1,P1,,,,
BATCH-12,B2-0600,S-01100,2,600,相机,相机,xiàngjī,camera,,,unique,False,1,P1,,,,
BATCH-12,B2-0602,S-01102,2,602,小,小,xiǎo （ xiǎowáng）,prefix (Xiao Wang),,,same_form_different_sense_or_pos,False,1,P1,,,,
BATCH-12,B2-0603,S-01103,2,603,小声,小声,xiǎo shēng,in a low voice; in whispers,,,unique,False,1,P1,,,,
BATCH-12,B2-0604,S-01104,2,604,小时候,小时候,xiǎo shí hou,in one’s childhood; when one was young,,,unique,False,1,P1,,,,
BATCH-12,B2-0605,S-01105,2,605,小说,小说,xiǎoshuō,Novel,,,unique,False,1,P1,,,,
BATCH-12,B2-0606,S-01106,2,606,小心,小心,xiǎoxīn,Look out,,,unique,False,1,P1,,,,
BATCH-12,B2-0607,S-01107,2,607,小组,小组,xiǎo zǔ,group,,,unique,False,1,P1,,,,
BATCH-12,B2-0608,S-01108,2,608,校园,校园,xiàoyuán,campus; schoolyard,,,unique,False,1,P1,,,,
BATCH-12,B2-0609,S-01109,2,609,校长,校长,xiàozhǎng,Principal,,,unique,False,1,P1,,,,
BATCH-12,B2-0610,S-01110,2,610,笑话,笑话,xiàohua,joke,,,unique,False,1,P1,,,,
BATCH-12,B2-0611,S-01111,2,611,笑话儿,笑话儿,xiào huàr,joke,,,unique,False,1,P1,,,,
BATCH-12,B2-0612,S-01112,2,612,鞋,鞋,xié,shoes,,,unique,False,1,P1,,,,
BATCH-12,B2-0613,S-01113,2,613,心里,心里,xīnlǐ,in the heart; at heart,,,unique,False,1,P1,,,,
BATCH-12,B2-0614,S-01114,2,614,心情,心情,xīnqíng,mood,,,unique,False,1,P1,,,,
BATCH-12,B2-0615,S-01115,2,615,心中,心中,xīnzhōng,in the heart; at heart;in mind,,,unique,False,1,P1,,,,
BATCH-12,B2-0616,S-01116,2,616,新闻,新闻,xīnwén,news,,,unique,False,1,P1,,,,
BATCH-12,B2-0618,S-01118,2,618,信号,信号,xìnhào,signal,,,unique,False,1,P1,,,,
BATCH-12,B2-0619,S-01119,2,619,信息,信息,xìnxī,information,,,unique,False,1,P1,,,,
BATCH-12,B2-0620,S-01120,2,620,信心,信心,xìnxīn,confidence,,,unique,False,1,P1,,,,
BATCH-12,B2-0621,S-01121,2,621,信用卡,信用卡,xìnyòngkǎ,Credit card,,,unique,False,1,P1,,,,
BATCH-12,B2-0622,S-01122,2,622,星星,星星,xīng xing,star,,,unique,False,1,P1,,,,
BATCH-12,B2-0623,S-01123,2,623,行动,行动,xíngdòng,Get some action,,,unique,False,1,P1,,,,
BATCH-12,B2-0624,S-01124,2,624,行人,行人,xíngrén,pedestrian,,,unique,False,1,P1,,,,
BATCH-12,B2-0625,S-01125,2,625,行为,行为,xíngwéi,behavior,,,unique,False,1,P1,,,,
BATCH-12,B2-0626,S-01126,2,626,姓,姓,xìng,surname,,,unique,False,1,P1,,,,
BATCH-12,B2-0627,S-01127,2,627,姓名,姓名,xìng míng,full name,,,unique,False,1,P1,,,,
BATCH-12,B2-0628,S-01128,2,628,休假,休假,xiūjià,have a holiday; take a vacation; be on furlough,,,unique,False,1,P1,,,,
BATCH-12,B2-0629,S-01129,2,629,许多,许多,xǔduō,many,,,unique,False,1,P1,,,,
BATCH-12,B2-0630,S-01130,2,630,选,选,xuǎn,choose; select; pick,,,unique,False,1,P1,,,,
BATCH-12,B2-0631,S-01131,2,631,学期,学期,xuéqī,Semester,,,unique,False,1,P1,,,,
BATCH-12,B2-0632,S-01132,2,632,雪,雪,xuě,Snow,,,unique,False,1,P1,,,,
BATCH-12,B2-0633,S-01133,2,633,颜色,颜色,yánsè,colour,,,unique,False,1,P1,,,,
BATCH-12,B2-0634,S-01134,2,634,眼,眼,yǎn,eye,,,unique,False,1,P1,,,,
BATCH-12,B2-0635,S-01135,2,635,眼睛,眼睛,yǎnjing,Eye,,,unique,False,1,P1,,,,
BATCH-12,B2-0636,S-01136,2,636,养,养,yǎng,raise; keep; support; cultivate,,,unique,False,1,P1,,,,
BATCH-13,B2-0637,S-01137,2,637,样子,样子,yàngzi,A look,,,unique,False,1,P1,,,,
BATCH-13,B2-0638,S-01138,2,638,要求,要求,yāoqiú,Requirement,,,unique,False,1,P1,,,,
BATCH-13,B2-0639,S-01139,2,639,药,药,yào,drug,,,unique,False,1,P1,,,,
BATCH-13,B2-0640,S-01140,2,640,药店,药店,yào diàn,pharmacy,,,unique,False,1,P1,,,,
BATCH-13,B2-0641,S-01141,2,641,药片,药片,yàopiàn,pill,,,unique,False,1,P1,,,,
BATCH-13,B2-0642,S-01142,2,642,药水,药水,yào shuǐ,liquid medicine; potion,,,unique,False,1,P1,,,,
BATCH-13,B2-0643,S-01143,2,643,也许,也许,yěxǔ,perhaps,,,unique,False,1,P1,,,,
BATCH-13,B2-0644,S-01144,2,644,夜,夜,yè,night,,,unique,False,1,P1,,,,
BATCH-13,B2-0645,S-01145,2,645,夜里,夜里,yèlǐ,at night,,,unique,False,1,P1,,,,
BATCH-13,B2-0646,S-01146,2,646,一部分,一部分,yí bùfèn,a part; a portion,,,unique,False,1,P1,,,,
BATCH-13,B2-0647,S-01147,2,647,一定,一定,yídìng,Certain,,,unique,False,1,P1,,,,
BATCH-13,B2-0648,S-01148,2,648,一共,一共,yígòng,Altogether,,,unique,False,1,P1,,,,
BATCH-13,B2-0650,S-01150,2,650,一路平安,一路平安,yí lù píng ān,safe journey; have a pleasant journey,,,unique,False,1,P1,,,,
BATCH-13,B2-0651,S-01151,2,651,一路顺风,一路顺风,yí lù shùn fēng,Bon voyage,,,unique,False,1,P1,,,,
BATCH-13,B2-0652,S-01152,2,652,已经,已经,yǐjīng,Already,,,unique,False,1,P1,,,,
BATCH-13,B2-0653,S-01153,2,653,以后,以后,yǐ hòu,after; later on; afterwards; later,,,unique,False,1,P1,,,,
BATCH-13,B2-0654,S-01154,2,654,以前,以前,yǐqián,before,,,unique,False,1,P1,,,,
BATCH-13,B2-0655,S-01155,2,655,以上,以上,yǐshàng,above; over,,,unique,False,1,P1,,,,
BATCH-13,B2-0656,S-01156,2,656,以外,以外,yǐ wài,beyond; outside; other than; except,,,unique,False,1,P1,,,,
BATCH-13,B2-0657,S-01157,2,657,以为,以为,yǐwéi,Think,,,unique,False,1,P1,,,,
BATCH-13,B2-0658,S-01158,2,658,以下,以下,yǐ xià,below; under,,,unique,False,1,P1,,,,
BATCH-13,B2-0659,S-01159,2,659,椅子,椅子,yǐzi,Chair,,,unique,False,1,P1,,,,
BATCH-13,B2-0660,S-01160,2,660,一般,一般,yìbān,commonly,,,unique,False,1,P1,,,,
BATCH-13,B2-0661,S-01161,2,661,一点点,一点点,yì diǎn diǎn,a little bit,,,unique,False,1,P1,,,,
BATCH-13,B2-0662,S-01162,2,662,一生,一生,yì shēng,lifetime; all one’s life,,,unique,False,1,P1,,,,
BATCH-13,B2-0663,S-01163,2,663,一直,一直,yìzhí,always,,,unique,False,1,P1,,,,
BATCH-13,B2-0664,S-01164,2,664,亿,亿,yì,Billion,,,unique,False,1,P1,,,,
BATCH-13,B2-0665,S-01165,2,665,意见,意见,yìjiàn,Opinion,,,unique,False,1,P1,,,,
BATCH-13,B2-0666,S-01166,2,666,意思,意思,yìsi,Meaning,,,unique,False,1,P1,,,,
BATCH-13,B2-0667,S-01167,2,667,因为,因为,yīnwèi,because,,,unique,False,1,P1,,,,
BATCH-13,B2-0668,S-01168,2,668,阴,阴,yīn,Yin,,,unique,False,1,P1,,,,
BATCH-13,B2-0669,S-01169,2,669,阴天,阴天,yīn tiān,cloudy day; overcast sky,,,unique,False,1,P1,,,,
BATCH-13,B2-0670,S-01170,2,670,音节,音节,yīnjié,syllable,,,unique,False,1,P1,,,,
BATCH-13,B2-0671,S-01171,2,671,音乐,音乐,yīnyuè,Music,,,unique,False,1,P1,,,,
BATCH-13,B2-0672,S-01172,2,672,音乐会,音乐会,yīnyuèhuì,concert,,,unique,False,1,P1,,,,
BATCH-13,B2-0673,S-01173,2,673,银行,银行,yínháng,Bank,,,unique,False,1,P1,,,,
BATCH-13,B2-0674,S-01174,2,674,银行卡,银行卡,yínhángkǎ,bank card,,,unique,False,1,P1,,,,
BATCH-13,B2-0675,S-01175,2,675,应该,应该,yīnggāi,Should,,,unique,False,1,P1,,,,
BATCH-13,B2-0676,S-01176,2,676,英文,英文,yīng wén,English,,,unique,False,1,P1,,,,
BATCH-13,B2-0677,S-01177,2,677,英语,英语,yīngyǔ,English,,,unique,False,1,P1,,,,
BATCH-13,B2-0678,S-01178,2,678,影片,影片,yǐngpiàn,film; movie,,,unique,False,1,P1,,,,
BATCH-13,B2-0679,S-01179,2,679,影响,影响,yǐngxiǎng,Influence,,,unique,False,1,P1,,,,
BATCH-13,B2-0680,S-01180,2,680,永远,永远,yǒngyuǎn,forever,,,unique,False,1,P1,,,,
BATCH-13,B2-0681,S-01181,2,681,油,油,yóu,oil; fat; grease,,,unique,False,1,P1,,,,
BATCH-13,B2-0682,S-01182,2,682,游客,游客,yóu kè,tourist; visitor,,,unique,False,1,P1,,,,
BATCH-13,B2-0683,S-01183,2,683,友好,友好,yǒuhǎo,friendly,,,unique,False,1,P1,,,,
BATCH-13,B2-0684,S-01184,2,684,有空儿,有空儿,yǒukòngr,be free; at leisure,,,unique,False,1,P1,,,,
BATCH-13,B2-0685,S-01185,2,685,有人,有人,yǒurén,someone; there’s someone,,,unique,False,1,P1,,,,
BATCH-13,B2-0686,S-01186,2,686,有点儿,有点儿,yǒu（ yì ） diǎnr,a little bit,,,unique,False,1,P1,,,,
BATCH-13,B2-0687,S-01187,2,687,有意思,有意思,yǒuyì si,interesting; significant,,,unique,False,1,P1,,,,
BATCH-13,B2-0688,S-01188,2,688,又,又,yòu,also,,,unique,False,1,P1,,,,
BATCH-13,B2-0689,S-01189,2,689,鱼,鱼,yú,fish,,,unique,False,1,P1,,,,
BATCH-13,B2-0690,S-01190,2,690,语言,语言,yǔyán,language,,,unique,False,1,P1,,,,
BATCH-13,B2-0691,S-01191,2,691,原来,原来,yuánlái,Original; formerly,,,unique,False,1,P1,,,,
BATCH-13,B2-0692,S-01192,2,692,原因,原因,yuányīn,Reason,,,unique,False,1,P1,,,,
BATCH-13,B2-0693,S-01193,2,693,院,院,yuàn,yard; compound; courtyard; college,,,unique,False,1,P1,,,,
BATCH-13,B2-0694,S-01194,2,694,院长,院长,yuànzhǎng,dean,,,unique,False,1,P1,,,,
BATCH-13,B2-0695,S-01195,2,695,院子,院子,yuànzi,courtyard; yard,,,unique,False,1,P1,,,,
BATCH-13,B2-0696,S-01196,2,696,愿意,愿意,yuànyì,Be willing,,,unique,False,1,P1,,,,
BATCH-13,B2-0697,S-01197,2,697,月份,月份,yuè fèn,month,,,unique,False,1,P1,,,,
BATCH-13,B2-0698,S-01198,2,698,月亮,月亮,yuèliang,Moon,,,unique,False,1,P1,,,,
BATCH-13,B2-0699,S-01199,2,699,越,越,yuè,The more,,,unique,False,1,P1,,,,
BATCH-13,B2-0700,S-01200,2,700,越来越,越来越,yuè lái yuè,more and more,,,unique,False,1,P1,,,,
BATCH-13,B2-0701,S-01201,2,701,云,云,yún,cloud,,,unique,False,1,P1,,,,
BATCH-13,B2-0702,S-01202,2,702,运动,运动,yùndòng,motion,,,unique,False,1,P1,,,,
BATCH-13,B2-0703,S-01203,2,703,咱,咱,zán,we; us,,,unique,False,1,P1,,,,
BATCH-13,B2-0704,S-01204,2,704,咱们,咱们,zánmen,We,,,unique,False,1,P1,,,,
BATCH-13,B2-0705,S-01205,2,705,脏,脏,zāng,dirty,,,unique,False,1,P1,,,,
BATCH-13,B2-0706,S-01206,2,706,早餐,早餐,zǎo cān,breakfast,,,unique,False,1,P1,,,,
BATCH-13,B2-0707,S-01207,2,707,早晨,早晨,zǎo chén,morning,,,unique,False,1,P1,,,,
BATCH-13,B2-0708,S-01208,2,708,早就,早就,zǎo jiù,long since,,,unique,False,1,P1,,,,
BATCH-13,B2-0709,S-01209,2,709,怎么办,怎么办,zěn me bàn,how to; what to do,,,unique,False,1,P1,,,,
BATCH-13,B2-0710,S-01210,2,710,怎么样,怎么样,zěnmeyàng,How about,,,unique,False,1,P1,,,,
BATCH-13,B2-0711,S-01211,2,711,怎样,怎样,zěn yàng,how,,,unique,False,1,P1,,,,
BATCH-13,B2-0712,S-01212,2,712,占,占,zhàn,occupy,,,unique,False,1,P1,,,,
BATCH-13,B2-0714,S-01214,2,714,站住,站住,zhàn zhù,stop; halt,,,unique,False,1,P1,,,,
BATCH-13,B2-0715,S-01215,2,715,长,长,zhǎng,grow,,,unique,False,1,P1,,,,
BATCH-13,B2-0716,S-01216,2,716,长大,长大,zhǎngdà,grow up,,,unique,False,1,P1,,,,
BATCH-13,B2-0717,S-01217,2,717,找出,找出,zhǎo chū,find out,,,unique,False,1,P1,,,,
BATCH-13,B2-0718,S-01218,2,718,照顾,照顾,zhàogù,look after,,,unique,False,1,P1,,,,
BATCH-13,B2-0719,S-01219,2,719,照片,照片,zhàopiàn,Photo,,,unique,False,1,P1,,,,
BATCH-13,B2-0720,S-01220,2,720,照相,照相,zhàoxiàng,take a picture; take a photograph,,,unique,False,1,P1,,,,
BATCH-13,B2-0721,S-01221,2,721,这么,这么,zhème,so; such; this way; like this,,,unique,False,1,P1,,,,
BATCH-13,B2-0722,S-01222,2,722,这时候,这时候 | 这时,zhèshí hou ｜zhèshí,at this moment; at this time,,,unique,False,1,P1,,,,
BATCH-13,B2-0723,S-01223,2,723,这样,这样,zhèyàng,so; such; like this; this way,,,unique,False,1,P1,,,,
BATCH-13,B2-0724,S-01224,2,724,真正,真正,zhēnzhèng,real,,,unique,False,1,P1,,,,
BATCH-13,B2-0725,S-01225,2,725,正常,正常,zhèngcháng,normal,,,unique,False,1,P1,,,,
BATCH-13,B2-0726,S-01226,2,726,正好,正好,zhènghǎo,Just right,,,unique,False,1,P1,,,,
BATCH-13,B2-0727,S-01227,2,727,正确,正确,zhèngquè,Correct,,,unique,False,1,P1,,,,
BATCH-13,B2-0728,S-01228,2,728,正是,正是,zhèngshì,exactly,,,unique,False,1,P1,,,,
BATCH-13,B2-0729,S-01229,2,729,直接,直接,zhíjiē,direct,,,unique,False,1,P1,,,,
BATCH-13,B2-0730,S-01230,2,730,只,只,zhǐ,only; just; simply; merely,,,same_form_different_sense_or_pos,False,1,P1,,,,
BATCH-13,B2-0731,S-01231,2,731,只能,只能,zhǐnéng,can only,,,unique,False,1,P1,,,,
BATCH-13,B2-0732,S-01232,2,732,只要,只要,zhǐyào,as long as,,,unique,False,1,P1,,,,
BATCH-13,B2-0733,S-01233,2,733,纸,纸,zhǐ,paper,,,unique,False,1,P1,,,,
BATCH-13,B2-0734,S-01234,2,734,中餐,中餐,zhōngcān,Chinese food,,,unique,False,1,P1,,,,
BATCH-13,B2-0735,S-01235,2,735,中级,中级,zhōngjí,intermediate; middle-level,,,unique,False,1,P1,,,,
BATCH-13,B2-0736,S-01236,2,736,中年,中年,zhōngnián,middle age; middle-aged,,,unique,False,1,P1,,,,
BATCH-13,B2-0737,S-01237,2,737,中小学,中小学,zhōngxiǎo xué,elementary and middle school,,,unique,False,1,P1,,,,
BATCH-13,B2-0738,S-01238,2,738,中心,中心,zhōngxīn,core,,,unique,False,1,P1,,,,
BATCH-14,B2-0739,S-01239,2,739,中医,中医,zhōngyī,Chinese Medicine,,,unique,False,1,P1,,,,
BATCH-14,B2-0740,S-01240,2,740,重点,重点,zhòngdiǎn,A key,,,unique,False,1,P1,,,,
BATCH-14,B2-0741,S-01241,2,741,重视,重视,zhòngshì,attach importance to,,,unique,False,1,P1,,,,
BATCH-14,B2-0742,S-01242,2,742,周,周,zhōu,week,,,unique,False,1,P1,,,,
BATCH-14,B2-0743,S-01243,2,743,周末,周末,zhōumò,Weekend,,,unique,False,1,P1,,,,
BATCH-14,B2-0744,S-01244,2,744,周年,周年,zhōunián,anniversary,,,unique,False,1,P1,,,,
BATCH-14,B2-0745,S-01245,2,745,主人,主人,zhǔrén,master,,,unique,False,1,P1,,,,
BATCH-14,B2-0746,S-01246,2,746,主要,主要,zhǔyào,main,,,unique,False,1,P1,,,,
BATCH-14,B2-0747,S-01247,2,747,住房,住房,zhù fáng,housing; lodging,,,unique,False,1,P1,,,,
BATCH-14,B2-0748,S-01248,2,748,住院,住院,zhù yuàn,be in hospital; be hospitalized,,,unique,False,1,P1,,,,
BATCH-14,B2-0749,S-01249,2,749,装,装,zhuāng,pretend,,,unique,False,1,P1,,,,
BATCH-14,B2-0750,S-01250,2,750,准确,准确,zhǔnquè,accuracy,,,unique,False,1,P1,,,,
BATCH-14,B2-0751,S-01251,2,751,自己,自己,zìjǐ,"Own, self",,,unique,False,1,P1,,,,
BATCH-14,B2-0752,S-01252,2,752,自行车,自行车,zìxíngchē,Bicycle,,,unique,False,1,P1,,,,
BATCH-14,B2-0753,S-01253,2,753,自由,自由,zìyóu,free,,,unique,False,1,P1,,,,
BATCH-14,B2-0754,S-01254,2,754,字典,字典,zì diǎn,dictionary,,,unique,False,1,P1,,,,
BATCH-14,B2-0755,S-01255,2,755,走过,走过,zǒuguò,walk through; pass by,,,unique,False,1,P1,,,,
BATCH-14,B2-0756,S-01256,2,756,走进,走进,zǒu jìn,walk in,,,unique,False,1,P1,,,,
BATCH-14,B2-0757,S-01257,2,757,走开,走开,zǒu kāi,go away,,,unique,False,1,P1,,,,
BATCH-14,B2-0758,S-01258,2,758,租,租,zū,rent,,,unique,False,1,P1,,,,
BATCH-14,B2-0759,S-01259,2,759,组,组,zǔ,group,,,unique,False,1,P1,,,,
BATCH-14,B2-0760,S-01260,2,760,组成,组成,zǔchéng,Form,,,unique,False,1,P1,,,,
BATCH-14,B2-0761,S-01261,2,761,组长,组长,zǔzhǎng,group leader,,,unique,False,1,P1,,,,
BATCH-14,B2-0762,S-01262,2,762,嘴,嘴,zuǐ,mouth,,,unique,False,1,P1,,,,
BATCH-14,B2-0763,S-01263,2,763,最近,最近,zuìjìn,Lately,,,unique,False,1,P1,,,,
BATCH-14,B2-0764,S-01264,2,764,作家,作家,zuòjiā,writer,,,unique,False,1,P1,,,,
BATCH-14,B2-0765,S-01265,2,765,作文,作文,zuòwén,composition,,,unique,False,1,P1,,,,
BATCH-14,B2-0766,S-01266,2,766,作业,作业,zuòyè,"task, homework",,,unique,False,1,P1,,,,
BATCH-14,B2-0767,S-01267,2,767,作用,作用,zuòyòng,Effect,,,unique,False,1,P1,,,,
BATCH-14,B2-0768,S-01268,2,768,座,座,zuò,Seat,,,unique,False,1,P1,,,,
BATCH-14,B2-0769,S-01269,2,769,座位,座位,zuòwèi,seat,,,unique,False,1,P1,,,,
BATCH-14,B2-0770,S-01270,2,770,做到,做到,zuò dào,accomplish; achieve,,,unique,False,1,P1,,,,
BATCH-14,B2-0771,S-01271,2,771,做法,做法,zuò fǎ,practice; behavior; way of doing a thing,,,unique,False,1,P1,,,,
BATCH-14,B2-0772,S-01272,2,772,做饭,做饭,zuò fàn,cook,,,unique,False,1,P1,,,,
BATCH-14,B3-0001,S-01273,3,1,爱心,爱心,àixīn,love,,,unique,False,1,P1,,,,
BATCH-14,B3-0002,S-01274,3,2,安排,安排,ānpái,arrange,,,unique,False,1,P1,,,,
BATCH-14,B3-0003,S-01275,3,3,安装,安装,ānzhuāng,install,,,unique,False,1,P1,,,,
BATCH-14,B3-0004,S-01276,3,4,按,按,àn,press; push; check; restrain,,,unique,False,1,P1,,,,
BATCH-14,B3-0005,S-01277,3,5,按照,按照,ànzhào,according to (particle marking the following noun as a,,,unique,False,1,P1,,,,
BATCH-14,B3-0008,S-01280,3,8,把握,把握,bǎwò,grasp,,,unique,False,1,P1,,,,
BATCH-14,B3-0010,S-01282,3,10,白菜,白菜,bái cài,Chinese cabbage,,,unique,False,1,P1,,,,
BATCH-14,B3-0011,S-01283,3,11,班级,班级,bān jí,class,,,unique,False,1,P1,,,,
BATCH-14,B3-0012,S-01284,3,12,搬,搬,bān,turn; move,,,unique,False,1,P1,,,,
BATCH-14,B3-0013,S-01285,3,13,搬家,搬家,bānjiā,move; move house,,,unique,False,1,P1,,,,
BATCH-14,B3-0014,S-01286,3,14,板,板,bǎn,board; plank; shutter,,,unique,False,1,P1,,,,
BATCH-14,B3-0015,S-01287,3,15,办理,办理,bànlǐ,handle,,,unique,False,1,P1,,,,
BATCH-14,B3-0016,S-01288,3,16,保,保,bǎo,defend; protect; keep; guarantee; ensure,,,unique,False,1,P1,,,,
BATCH-14,B3-0017,S-01289,3,17,保安,保安,bǎo ān,security guard; public security; ensure safety,,,unique,False,1,P1,,,,
BATCH-14,B3-0018,S-01290,3,18,保持,保持,bǎochí,keep,,,unique,False,1,P1,,,,
BATCH-14,B3-0019,S-01291,3,19,保存,保存,bǎocún,Preservation,,,unique,False,1,P1,,,,
BATCH-14,B3-0020,S-01292,3,20,保护,保护,bǎohù,protect,,,unique,False,1,P1,,,,
BATCH-14,B3-0021,S-01293,3,21,保留,保留,bǎoliú,Retain,,,unique,False,1,P1,,,,
BATCH-14,B3-0022,S-01294,3,22,保险,保险,bǎoxiǎn,Insurance,,,unique,False,1,P1,,,,
BATCH-14,B3-0023,S-01295,3,23,保证,保证,bǎozhèng,ensure,,,unique,False,1,P1,,,,
BATCH-14,B3-0025,S-01297,3,25,报到,报到,bàodào,"register,check in",,,unique,False,1,P1,,,,
BATCH-14,B3-0026,S-01298,3,26,报道,报道,bàodào,report,,,unique,False,1,P1,,,,
BATCH-14,B3-0027,S-01299,3,27,报告,报告,bàogào,Presentation,,,unique,False,1,P1,,,,
BATCH-14,B3-0028,S-01300,3,28,背,背,bèi,Back,,,same_form_different_sense_or_pos,False,1,P1,,,,
BATCH-14,B3-0029,S-01301,3,29,北部,北部,běi bù,north,,,unique,False,1,P1,,,,
BATCH-14,B3-0031,S-01303,3,31,背后,背后,bèihòu,behind; at the back; in the rear,,,unique,False,1,P1,,,,
BATCH-14,B3-0032,S-01304,3,32,被,被,bèi,cover,,,unique,False,1,P1,,,,
BATCH-14,B3-0033,S-01305,3,33,被子,被子,bèizi,quilt,,,unique,False,1,P1,,,,
BATCH-14,B3-0034,S-01306,3,34,本来,本来,běnlái,originally,,,unique,False,1,P1,,,,
BATCH-14,B3-0035,S-01307,3,35,本领,本领,běnlǐng,ability,,,unique,False,1,P1,,,,
BATCH-14,B3-0036,S-01308,3,36,本事,本事,běnshi,Skill,,,unique,False,1,P1,,,,
BATCH-14,B3-0037,S-01309,3,37,比较,比较,bǐjiào,compare,,,unique,False,1,P1,,,,
BATCH-14,B3-0038,S-01310,3,38,比例,比例,bǐlì,Proportion,,,unique,False,1,P1,,,,
BATCH-14,B3-0039,S-01311,3,39,比赛,比赛,bǐsài,Match,,,unique,False,1,P1,,,,
BATCH-14,B3-0040,S-01312,3,40,必然,必然,bìrán,Inevitable,,,unique,False,1,P1,,,,
BATCH-14,B3-0041,S-01313,3,41,必要,必要,bìyào,necessary,,,unique,False,1,P1,,,,
BATCH-14,B3-0042,S-01314,3,42,变化,变化,biànhuà,change,,,unique,False,1,P1,,,,
BATCH-14,B3-0043,S-01315,3,43,变为,变为,biànwéi,become; turn into; change into,,,unique,False,1,P1,,,,
BATCH-14,B3-0044,S-01316,3,44,标题,标题,biāotí,title; heading,,,unique,False,1,P1,,,,
BATCH-14,B3-0045,S-01317,3,45,标准,标准,biāozhǔn,standard,,,unique,False,1,P1,,,,
BATCH-14,B3-0046,S-01318,3,46,表达,表达,biǎodá,Expression,,,unique,False,1,P1,,,,
BATCH-14,B3-0047,S-01319,3,47,表格,表格,biǎogé,form,,,unique,False,1,P1,,,,
BATCH-14,B3-0048,S-01320,3,48,表面,表面,biǎomiàn,surface,,,unique,False,1,P1,,,,
BATCH-14,B3-0049,S-01321,3,49,表明,表明,biǎomíng,Indicate,,,unique,False,1,P1,,,,
BATCH-14,B3-0050,S-01322,3,50,表现,表现,biǎoxiàn,performance,,,unique,False,1,P1,,,,
BATCH-14,B3-0051,S-01323,3,51,表演,表演,biǎoyǎn,perform,,,unique,False,1,P1,,,,
BATCH-14,B3-0052,S-01324,3,52,并,并,bìng,and; also; equally; simultaneously; side by,,,same_form_different_sense_or_pos,False,1,P1,,,,
BATCH-14,B3-0053,S-01325,3,53,并且,并且,bìngqiě,also,,,unique,False,1,P1,,,,
BATCH-14,B3-0054,S-01326,3,54,播出,播出,bō chū,broadcast; on the air,,,unique,False,1,P1,,,,
BATCH-14,B3-0055,S-01327,3,55,播放,播放,bōfàng,play,,,unique,False,1,P1,,,,
BATCH-14,B3-0056,S-01328,3,56,不必,不必,bú bì,need not; not have to,,,unique,False,1,P1,,,,
BATCH-14,B3-0057,S-01329,3,57,不断,不断,búduàn,Constantly,,,unique,False,1,P1,,,,
BATCH-14,B3-0058,S-01330,3,58,不论,不论,búlùn,whether; no matter; whether … or,,,unique,False,1,P1,,,,
BATCH-14,B3-0059,S-01331,3,59,补,补,bǔ,repair; mend; patch; supply; make up for,,,unique,False,1,P1,,,,
BATCH-14,B3-0060,S-01332,3,60,补充,补充,bǔchōng,supplement,,,unique,False,1,P1,,,,
BATCH-14,B3-0061,S-01333,3,61,不安,不安,bù’ān,Uneasy,,,unique,False,1,P1,,,,
BATCH-14,B3-0062,S-01334,3,62,不得不,不得不,bùdébù,Cannot but,,,unique,False,1,P1,,,,
BATCH-14,B3-0063,S-01335,3,63,不光,不光,bù guāng,not only,,,unique,False,1,P1,,,,
BATCH-14,B3-0064,S-01336,3,64,不仅,不仅,bùjǐn,not only,,,unique,False,1,P1,,,,
BATCH-14,B3-0065,S-01337,3,65,布,布,bù,cloth,,,unique,False,1,P1,,,,
BATCH-14,B3-0066,S-01338,3,66,步,步,bù,step; stage; walk; foot,,,unique,False,1,P1,,,,
BATCH-14,B3-0067,S-01339,3,67,部,部,bù,unit; ministry; department; part; section,,,unique,False,1,P1,,,,
BATCH-14,B3-0068,S-01340,3,68,部门,部门,bùmén,department,,,unique,False,1,P1,,,,
BATCH-14,B3-0069,S-01341,3,69,部长,部长,bùzhǎng,minister; head of a department,,,unique,False,1,P1,,,,
BATCH-14,B3-0070,S-01342,3,70,才能,才能,cái néng,talent; ability; gift,,,unique,False,1,P1,,,,
BATCH-14,B3-0071,S-01343,3,71,采取,采取,cǎiqǔ,"take, adpopt",,,unique,False,1,P1,,,,
BATCH-15,B3-0072,S-01344,3,72,采用,采用,cǎiyòng,put to use; adopt; use; employ,,,unique,False,1,P1,,,,
BATCH-15,B3-0073,S-01345,3,73,彩色,彩色,cǎisè,multicolour; colour,,,unique,False,1,P1,,,,
BATCH-15,B3-0074,S-01346,3,74,曾经,曾经,céngjīng,once,,,unique,False,1,P1,,,,
BATCH-15,B3-0075,S-01347,3,75,产生,产生,chǎnshēng,produce,,,unique,False,1,P1,,,,
BATCH-15,B3-0076,S-01348,3,76,长城,长城,Chángchéng,The Great Wall,,,unique,False,1,P1,,,,
BATCH-15,B3-0077,S-01349,3,77,长处,长处,chángchù,strength; forte; strong point,,,unique,False,1,P1,,,,
BATCH-15,B3-0078,S-01350,3,78,长期,长期,chángqī,over a long period of time; long-term,,,unique,False,1,P1,,,,
BATCH-15,B3-0079,S-01351,3,79,厂,厂,chǎng,factory; mill; plant; works,,,unique,False,1,P1,,,,
BATCH-15,B3-0080,S-01352,3,80,场合,场合,chǎnghé,occasion,,,unique,False,1,P1,,,,
BATCH-15,B3-0081,S-01353,3,81,场所,场所,chǎngsuǒ,place,,,unique,False,1,P1,,,,
BATCH-15,B3-0082,S-01354,3,82,超级,超级,chāojí,super,,,unique,False,1,P1,,,,
BATCH-15,B3-0083,S-01355,3,83,朝,朝,cháo,towards,,,unique,False,1,P1,,,,
BATCH-15,B3-0084,S-01356,3,84,吵,吵,chǎo,Noisy,,,unique,False,1,P1,,,,
BATCH-15,B3-0085,S-01357,3,85,吵架,吵架,chǎojià,quarrel,,,unique,False,1,P1,,,,
BATCH-15,B3-0086,S-01358,3,86,衬衫,衬衫,chènshān,shirt,,,unique,False,1,P1,,,,
BATCH-15,B3-0087,S-01359,3,87,衬衣,衬衣,chèn yī,shirt,,,unique,False,1,P1,,,,
BATCH-15,B3-0088,S-01360,3,88,称为,称为,chēngwéi,call; be called; be known as,,,unique,False,1,P1,,,,
BATCH-15,B3-0089,S-01361,3,89,成功,成功,chénggōng,Success,,,unique,False,1,P1,,,,
BATCH-15,B3-0090,S-01362,3,90,成果,成果,chéngguǒ,Achievements,,,unique,False,1,P1,,,,
BATCH-15,B3-0091,S-01363,3,91,成就,成就,chéngjiù,achievement,,,unique,False,1,P1,,,,
BATCH-15,B3-0092,S-01364,3,92,成立,成立,chénglì,establish,,,unique,False,1,P1,,,,
BATCH-15,B3-0093,S-01365,3,93,成熟,成熟,chéngshú,mature,,,unique,False,1,P1,,,,
BATCH-15,B3-0094,S-01366,3,94,成员,成员,chéngyuán,member,,,unique,False,1,P1,,,,
BATCH-15,B3-0095,S-01367,3,95,成长,成长,chéngzhǎng,Grow up,,,unique,False,1,P1,,,,
BATCH-15,B3-0096,S-01368,3,96,城,城,chéng,city; town,,,unique,False,1,P1,,,,
BATCH-15,B3-0097,S-01369,3,97,城市,城市,chéngshì,City,,,unique,False,1,P1,,,,
BATCH-15,B3-0098,S-01370,3,98,程度,程度,chéngdù,degree,,,unique,False,1,P1,,,,
BATCH-15,B3-0099,S-01371,3,99,持续,持续,chíxù,Continued,,,unique,False,1,P1,,,,
BATCH-15,B3-0100,S-01372,3,100,充满,充满,chōngmǎn,full of,,,unique,False,1,P1,,,,
BATCH-15,B3-0102,S-01373,3,102,初,初,chū,beginning; start; basis; at the beginning of,,,unique,False,1,P1,,,,
BATCH-15,B3-0103,S-01374,3,103,初,初,chū （chū yī）,prefix (first grade of junior high school ),,,unique,False,1,P1,,,,
BATCH-15,B3-0104,S-01375,3,104,初步,初步,chūbù,preliminary,,,unique,False,1,P1,,,,
BATCH-15,B3-0105,S-01376,3,105,初级,初级,chūjí,primary,,,unique,False,1,P1,,,,
BATCH-15,B3-0106,S-01377,3,106,初中,初中,chūzhōng,junior high school,,,unique,False,1,P1,,,,
BATCH-15,B3-0107,S-01378,3,107,除了,除了,chúle,except,,,unique,False,1,P1,,,,
BATCH-15,B3-0108,S-01379,3,108,处理,处理,chǔlǐ,Handle pass; pass on; hand down; impart; spread;,,,unique,False,1,P1,,,,
BATCH-15,B3-0109,S-01380,3,109,传,传,chuán,transmit,,,unique,False,1,P1,,,,
BATCH-15,B3-0110,S-01381,3,110,传播,传播,chuánbō,spread,,,unique,False,1,P1,,,,
BATCH-15,B3-0111,S-01382,3,111,传来,传来,chuánlái,came; come through,,,unique,False,1,P1,,,,
BATCH-15,B3-0112,S-01383,3,112,传说,传说,chuánshuō,Legend,,,unique,False,1,P1,,,,
BATCH-15,B3-0113,S-01384,3,113,创新,创新,chuàngxīn,innovate,,,unique,False,1,P1,,,,
BATCH-15,B3-0114,S-01385,3,114,创业,创业,chuàngyè,carve out,,,unique,False,1,P1,,,,
BATCH-15,B3-0115,S-01386,3,115,创造,创造,chuàngzào,create,,,unique,False,1,P1,,,,
BATCH-15,B3-0116,S-01387,3,116,创作,创作,chuàngzuò,A literary creation,,,unique,False,1,P1,,,,
BATCH-15,B3-0117,S-01388,3,117,从来,从来,cónglái,Always,,,unique,False,1,P1,,,,
BATCH-15,B3-0118,S-01389,3,118,从前,从前,cóngqián,before,,,unique,False,1,P1,,,,
BATCH-15,B3-0119,S-01390,3,119,从事,从事,cóngshì,Be engaged in,,,unique,False,1,P1,,,,
BATCH-15,B3-0120,S-01391,3,120,村,村,cūn,village; hamlet,,,unique,False,1,P1,,,,
BATCH-15,B3-0121,S-01392,3,121,存,存,cún,Deposit,,,unique,False,1,P1,,,,
BATCH-15,B3-0122,S-01393,3,122,存在,存在,cúnzài,existence,,,unique,False,1,P1,,,,
BATCH-15,B3-0123,S-01394,3,123,错误,错误,cuòwù,error,,,unique,False,1,P1,,,,
BATCH-15,B3-0124,S-01395,3,124,达到,达到,dádào,Achieve,,,unique,False,1,P1,,,,
BATCH-15,B3-0125,S-01396,3,125,打破,打破,dǎpò,break; smash,,,unique,False,1,P1,,,,
BATCH-15,B3-0126,S-01397,3,126,打听,打听,dǎting,Inquire,,,unique,False,1,P1,,,,
BATCH-15,B3-0127,S-01398,3,127,大概,大概,dàgài,Probably,,,unique,False,1,P1,,,,
BATCH-15,B3-0128,S-01399,3,128,大使馆,大使馆,dàshǐguǎn,Embassy,,,unique,False,1,P1,,,,
BATCH-15,B3-0129,S-01400,3,129,大约,大约,dàyuē,about,,,unique,False,1,P1,,,,
BATCH-15,B3-0130,S-01401,3,130,大夫,大夫,dàifu,Doctor,,,unique,False,1,P1,,,,
BATCH-15,B3-0131,S-01402,3,131,代,代,dài,substitute; replace; take the place of,,,unique,False,1,P1,,,,
BATCH-15,B3-0132,S-01403,3,132,代表,代表,dàibiǎo,representative,,,unique,False,1,P1,,,,
BATCH-15,B3-0133,S-01404,3,133,代表团,代表团,dài biǎo tuán,delegation; mission; deputation,,,unique,False,1,P1,,,,
BATCH-15,B3-0134,S-01405,3,134,带动,带动,dài dòng,drive; spur,,,unique,False,1,P1,,,,
BATCH-15,B3-0135,S-01406,3,135,带领,带领,dàilǐng,lead,,,unique,False,1,P1,,,,
BATCH-15,B3-0136,S-01407,3,136,单元,单元,dānyuán,unit,,,unique,False,1,P1,,,,
BATCH-15,B3-0137,S-01408,3,137,当初,当初,dāngchū,Original,,,unique,False,1,P1,,,,
BATCH-15,B3-0138,S-01409,3,138,当地,当地,dāngdì,Local,,,unique,False,1,P1,,,,
BATCH-15,B3-0139,S-01410,3,139,当然,当然,dāngrán,Of course,,,unique,False,1,P1,,,,
BATCH-15,B3-0140,S-01411,3,140,当中,当中,dāngzhōng,among; in the middle; in the centre,,,unique,False,1,P1,,,,
BATCH-15,B3-0141,S-01412,3,141,刀,刀,dāo,knife,,,unique,False,1,P1,,,,
BATCH-15,B3-0142,S-01413,3,142,导演,导演,dǎoyǎn,director,,,unique,False,1,P1,,,,
BATCH-15,B3-0143,S-01414,3,143,到达,到达,dàodá,Arrive,,,unique,False,1,P1,,,,
BATCH-15,B3-0144,S-01415,3,144,到底,到底,dàodǐ,To the end,,,unique,False,1,P1,,,,
BATCH-15,B3-0145,S-01416,3,145,得分,得分,défēn,score,,,unique,False,1,P1,,,,
BATCH-15,B3-0146,S-01417,3,146,等待,等待,děngdài,wait for,,,unique,False,1,P1,,,,
BATCH-15,B3-0147,S-01418,3,147,底下,底下,dǐxià,under; below; beneath,,,unique,False,1,P1,,,,
BATCH-15,B3-0148,S-01419,3,148,地区,地区,dìqū,region,,,unique,False,1,P1,,,,
BATCH-15,B3-0149,S-01420,3,149,电视剧,电视剧,diàn shì jù,TV series; television drama,,,unique,False,1,P1,,,,
BATCH-15,B3-0150,S-01421,3,150,电视台,电视台,diàn shìtái,TV station,,,unique,False,1,P1,,,,
BATCH-15,B3-0151,S-01422,3,151,电台,电台,diàntái,radio station,,,unique,False,1,P1,,,,
BATCH-15,B3-0152,S-01423,3,152,电子邮件,电子邮件,diànzǐyóujiàn,E-mail,,,unique,False,1,P1,,,,
BATCH-15,B3-0153,S-01424,3,153,调,调,diào,transfer; shift; move,,,unique,False,1,P1,,,,
BATCH-15,B3-0154,S-01425,3,154,调查,调查,diàochá,investigation,,,unique,False,1,P1,,,,
BATCH-15,B3-0155,S-01426,3,155,订,订,dìng,conclude; draw up; order; revise,,,unique,False,1,P1,,,,
BATCH-15,B3-0156,S-01427,3,156,定期,定期,dìngqī,regular,,,unique,False,1,P1,,,,
BATCH-15,B3-0157,S-01428,3,157,东部,东部,dōng bù,east,,,unique,False,1,P1,,,,
BATCH-15,B3-0158,S-01429,3,158,动力,动力,dònglì,"power, motivation",,,unique,False,1,P1,,,,
BATCH-15,B3-0159,S-01430,3,159,动人,动人,dòng rén,moving; touching,,,unique,False,1,P1,,,,
BATCH-15,B3-0160,S-01431,3,160,读者,读者,dúzhě,reader,,,unique,False,1,P1,,,,
BATCH-15,B3-0161,S-01432,3,161,短处,短处,duǎnchù,shortcoming; demerit,,,unique,False,1,P1,,,,
BATCH-15,B3-0162,S-01433,3,162,短裤,短裤,duǎn kù,shorts,,,unique,False,1,P1,,,,
BATCH-15,B3-0163,S-01434,3,163,短期,短期,duǎnqī,short term,,,unique,False,1,P1,,,,
BATCH-15,B3-0164,S-01435,3,164,断,断,duàn,break,,,unique,False,1,P1,,,,
BATCH-15,B3-0165,S-01436,3,165,队员,队员,duìyuán,team member,,,unique,False,1,P1,,,,
BATCH-15,B3-0166,S-01437,3,166,对待,对待,duìdài,treat,,,unique,False,1,P1,,,,
BATCH-15,B3-0167,S-01438,3,167,对方,对方,duìfāng,Other party,,,unique,False,1,P1,,,,
BATCH-15,B3-0168,S-01439,3,168,对手,对手,duìshǒu,Opponent,,,unique,False,1,P1,,,,
BATCH-15,B3-0169,S-01440,3,169,对象,对象,duìxiàng,object,,,unique,False,1,P1,,,,
BATCH-15,B3-0170,S-01441,3,170,顿,顿,dùn,Meal,,,unique,False,1,P1,,,,
BATCH-15,B3-0171,S-01442,3,171,发表,发表,fābiǎo,Publish,,,unique,False,1,P1,,,,
BATCH-15,B3-0172,S-01443,3,172,发出,发出,fāchū,issue; send out; give off; emit,,,unique,False,1,P1,,,,
BATCH-16,B3-0173,S-01444,3,173,发达,发达,fādá,developed,,,unique,False,1,P1,,,,
BATCH-16,B3-0174,S-01445,3,174,发动,发动,fādòng,Launch,,,unique,False,1,P1,,,,
BATCH-16,B3-0175,S-01446,3,175,发明,发明,fāmíng,Invention,,,unique,False,1,P1,,,,
BATCH-16,B3-0176,S-01447,3,176,发生,发生,fāshēng,Happen,,,unique,False,1,P1,,,,
BATCH-16,B3-0177,S-01448,3,177,发送,发送,fāsòng,send; transmit; dispatch; ship; forward,,,unique,False,1,P1,,,,
BATCH-16,B3-0178,S-01449,3,178,发言,发言,fāyán,speak,,,unique,False,1,P1,,,,
BATCH-16,B3-0179,S-01450,3,179,发展,发展,fāzhǎn,Development,,,unique,False,1,P1,,,,
BATCH-16,B3-0180,S-01451,3,180,反对,反对,fǎnduì,Opposition,,,unique,False,1,P1,,,,
BATCH-16,B3-0181,S-01452,3,181,反复,反复,fǎnfù,Repeatedly,,,unique,False,1,P1,,,,
BATCH-16,B3-0182,S-01453,3,182,反应,反应,fǎnyìng,reaction,,,unique,False,1,P1,,,,
BATCH-16,B3-0183,S-01454,3,183,反正,反正,fǎnzhèng,anyway,,,unique,False,1,P1,,,,
BATCH-16,B3-0184,S-01455,3,184,范围,范围,fànwéi,Range,,,unique,False,1,P1,,,,
BATCH-16,B3-0185,S-01456,3,185,方式,方式,fāngshì,mode,,,unique,False,1,P1,,,,
BATCH-16,B3-0186,S-01457,3,186,防,防,fáng,guard against; defend,,,unique,False,1,P1,,,,
BATCH-16,B3-0187,S-01458,3,187,防止,防止,fángzhǐ,Prevent,,,unique,False,1,P1,,,,
BATCH-16,B3-0188,S-01459,3,188,房东,房东,fángdōng,landlord,,,unique,False,1,P1,,,,
BATCH-16,B3-0189,S-01460,3,189,房屋,房屋,fáng wū,houses; buildings; tenement,,,unique,False,1,P1,,,,
BATCH-16,B3-0190,S-01461,3,190,房租,房租,fáng zū,rent,,,unique,False,1,P1,,,,
BATCH-16,B3-0191,S-01462,3,191,访问,访问,fǎngwèn,Visit,,,unique,False,1,P1,,,,
BATCH-16,B3-0192,S-01463,3,192,放到,放到,fàng dào,put to; put into,,,unique,False,1,P1,,,,
BATCH-16,B3-0193,S-01464,3,193,飞行,飞行,fēixíng,flight; flying,,,unique,False,1,P1,,,,
BATCH-16,B3-0194,S-01465,3,194,费,费,fèi,fee; cost,,,unique,False,1,P1,,,,
BATCH-16,B3-0195,S-01466,3,195,费用,费用,fèi yòng,cost; expenses; outlay,,,unique,False,1,P1,,,,
BATCH-16,B3-0196,S-01467,3,196,分别,分别,fēnbié,part,,,unique,False,1,P1,,,,
BATCH-16,B3-0197,S-01468,3,197,分配,分配,fēnpèi,distribution,,,unique,False,1,P1,,,,
BATCH-16,B3-0198,S-01469,3,198,分组,分组,fēnzǔ,grouping,,,unique,False,1,P1,,,,
BATCH-16,B3-0199,S-01470,3,199,丰富,丰富,fēngfù,rich,,,unique,False,1,P1,,,,
BATCH-16,B3-0200,S-01471,3,200,风险,风险,fēngxiǎn,risk,,,unique,False,1,P1,,,,
BATCH-16,B3-0201,S-01472,3,201,否定,否定,fǒudìng,negative,,,unique,False,1,P1,,,,
BATCH-16,B3-0202,S-01473,3,202,否认,否认,fǒurèn,deny,,,unique,False,1,P1,,,,
BATCH-16,B3-0203,S-01474,3,203,服装,服装,fúzhuāng,costume; dress,,,unique,False,1,P1,,,,
BATCH-16,B3-0204,S-01475,3,204,福,福,fú,blessing; good fortune,,,unique,False,1,P1,,,,
BATCH-16,B3-0205,S-01476,3,205,父母,父母,fùmǔ,father and mother; parents,,,unique,False,1,P1,,,,
BATCH-16,B3-0206,S-01477,3,206,父亲,父亲,fùqīn,father,,,unique,False,1,P1,,,,
BATCH-16,B3-0207,S-01478,3,207,付,付,fù,pay; commit; hand over,,,unique,False,1,P1,,,,
BATCH-16,B3-0208,S-01479,3,208,负责,负责,fùzé,Be responsible for,,,unique,False,1,P1,,,,
BATCH-16,B3-0209,S-01480,3,209,复印,复印,fùyìn,To copy,,,unique,False,1,P1,,,,
BATCH-16,B3-0210,S-01481,3,210,复杂,复杂,fùzá,complex,,,unique,False,1,P1,,,,
BATCH-16,B3-0211,S-01482,3,211,富,富,fù,rich,,,unique,False,1,P1,,,,
BATCH-16,B3-0212,S-01483,3,212,改进,改进,gǎijìn,Improvement,,,unique,False,1,P1,,,,
BATCH-16,B3-0213,S-01484,3,213,改造,改造,gǎi zào,transform; reform,,,unique,False,1,P1,,,,
BATCH-16,B3-0214,S-01485,3,214,概念,概念,gàiniàn,concept,,,unique,False,1,P1,,,,
BATCH-16,B3-0215,S-01486,3,215,赶,赶,gǎn,catch up with,,,unique,False,1,P1,,,,
BATCH-16,B3-0216,S-01487,3,216,赶到,赶到,gǎn dào,arrived; get to,,,unique,False,1,P1,,,,
BATCH-16,B3-0217,S-01488,3,217,赶紧,赶紧,gǎnjǐn,Quickly,,,unique,False,1,P1,,,,
BATCH-16,B3-0218,S-01489,3,218,赶快,赶快,gǎnkuài,Come on,,,unique,False,1,P1,,,,
BATCH-16,B3-0219,S-01490,3,219,敢,敢,gǎn,dare,,,unique,False,1,P1,,,,
BATCH-16,B3-0220,S-01491,3,220,感冒,感冒,gǎnmào,Cold,,,unique,False,1,P1,,,,
BATCH-16,B3-0221,S-01492,3,221,感情,感情,gǎnqíng,feeling,,,unique,False,1,P1,,,,
BATCH-16,B3-0222,S-01493,3,222,感受,感受,gǎnshòu,feel,,,unique,False,1,P1,,,,
BATCH-16,B3-0223,S-01494,3,223,干吗,干吗,gànmá,Why,,,unique,False,1,P1,,,,
BATCH-16,B3-0224,S-01495,3,224,高速,高速,gāo sù,high speed,,,unique,False,1,P1,,,,
BATCH-16,B3-0225,S-01496,3,225,高速公路,高速公路,gāosùgōnglù,Expressway,,,unique,False,1,P1,,,,
BATCH-16,B3-0226,S-01497,3,226,告别,告别,gàobié,farewell,,,unique,False,1,P1,,,,
BATCH-16,B3-0227,S-01498,3,227,歌迷,歌迷,gē mí,fan,,,unique,False,1,P1,,,,
BATCH-16,B3-0228,S-01499,3,228,歌声,歌声,gē shēng,singing,,,unique,False,1,P1,,,,
BATCH-16,B3-0229,S-01500,3,229,歌手,歌手,gē shǒu,singer; vocalist,,,unique,False,1,P1,,,,
BATCH-16,B3-0230,S-01501,3,230,个人,个人,gèrén,personal,,,unique,False,1,P1,,,,
BATCH-16,B3-0231,S-01502,3,231,个性,个性,gèxìng,personality,,,unique,False,1,P1,,,,
BATCH-16,B3-0232,S-01503,3,232,各,各,gè,various,,,unique,False,1,P1,,,,
BATCH-16,B3-0233,S-01504,3,233,各地,各地,gèdì,various regions; everywhere,,,unique,False,1,P1,,,,
BATCH-16,B3-0234,S-01505,3,234,各位,各位,gèwèi,everybody,,,unique,False,1,P1,,,,
BATCH-16,B3-0235,S-01506,3,235,各种,各种,gèzhǒng,all kinds; various; every kind,,,unique,False,1,P1,,,,
BATCH-16,B3-0236,S-01507,3,236,各自,各自,gèzì,Each,,,unique,False,1,P1,,,,
BATCH-16,B3-0237,S-01508,3,237,根本,根本,gēnběn,at all,,,unique,False,1,P1,,,,
BATCH-16,B3-0238,S-01509,3,238,更加,更加,gèngjiā,more; even more,,,unique,False,1,P1,,,,
BATCH-16,B3-0239,S-01510,3,239,工厂,工厂,gōngchǎng,factory,,,unique,False,1,P1,,,,
BATCH-16,B3-0240,S-01511,3,240,工程师,工程师,gōngchéngshī,Engineer,,,unique,False,1,P1,,,,
BATCH-16,B3-0241,S-01512,3,241,工夫,工夫,gōngfu,time,,,unique,False,1,P1,,,,
BATCH-16,B3-0242,S-01513,3,242,工具,工具,gōngjù,tool,,,unique,False,1,P1,,,,
BATCH-16,B3-0243,S-01514,3,243,工业,工业,gōngyè,Industry,,,unique,False,1,P1,,,,
BATCH-16,B3-0244,S-01515,3,244,工资,工资,gōngzī,wages,,,unique,False,1,P1,,,,
BATCH-16,B3-0245,S-01516,3,245,公布,公布,gōngbù,Publish,,,unique,False,1,P1,,,,
BATCH-16,B3-0246,S-01517,3,246,公共,公共,gōng gòng,public; common; community,,,unique,False,1,P1,,,,
BATCH-16,B3-0247,S-01518,3,247,公开,公开,gōngkāi,open,,,unique,False,1,P1,,,,
BATCH-16,B3-0248,S-01519,3,248,公民,公民,gōngmín,citizen,,,unique,False,1,P1,,,,
BATCH-16,B3-0249,S-01520,3,249,公务员,公务员,gōng wùyuán,civil servant; public functionary,,,unique,False,1,P1,,,,
BATCH-16,B3-0250,S-01521,3,250,功夫,功夫,gōngfu,Kungfu,,,unique,False,1,P1,,,,
BATCH-16,B3-0251,S-01522,3,251,功课,功课,gōng kè,homework; schoolwork; classwork,,,unique,False,1,P1,,,,
BATCH-16,B3-0252,S-01523,3,252,功能,功能,gōngnéng,function,,,unique,False,1,P1,,,,
BATCH-16,B3-0253,S-01524,3,253,共同,共同,gòngtóng,common,,,unique,False,1,P1,,,,
BATCH-16,B3-0254,S-01525,3,254,共有,共有,gòngyǒu,have altogether; share; owned by all,,,unique,False,1,P1,,,,
BATCH-16,B3-0255,S-01526,3,255,姑娘,姑娘,gūniang,girl,,,unique,False,1,P1,,,,
BATCH-16,B3-0256,S-01527,3,256,古,古,gǔ,ancient; old,,,unique,False,1,P1,,,,
BATCH-16,B3-0257,S-01528,3,257,古代,古代,gǔdài,Ancient,,,unique,False,1,P1,,,,
BATCH-16,B3-0258,S-01529,3,258,故乡,故乡,gùxiāng,Hometown,,,unique,False,1,P1,,,,
BATCH-16,B3-0259,S-01530,3,259,挂,挂,guà,hang,,,unique,False,1,P1,,,,
BATCH-16,B3-0260,S-01531,3,260,关系,关系,guānxì,relationship attention; follow with interest; pay close,,,unique,False,1,P1,,,,
BATCH-16,B3-0261,S-01532,3,261,关注,关注,guān zhù,attention; show solicitude for,,,unique,False,1,P1,,,,
BATCH-16,B3-0262,S-01533,3,262,观察,观察,guānchá,observation,,,unique,False,1,P1,,,,
BATCH-16,B3-0263,S-01534,3,263,观看,观看,guānkàn,watch; view,,,unique,False,1,P1,,,,
BATCH-16,B3-0264,S-01535,3,264,观念,观念,guānniàn,concept,,,unique,False,1,P1,,,,
BATCH-16,B3-0265,S-01536,3,265,观众,观众,guānzhòng,Audience,,,unique,False,1,P1,,,,
BATCH-16,B3-0266,S-01537,3,266,管,管,guǎn,control; be in charge of; manage; run,,,unique,False,1,P1,,,,
BATCH-16,B3-0267,S-01538,3,267,管理,管理,guǎnlǐ,Administration,,,unique,False,1,P1,,,,
BATCH-16,B3-0268,S-01539,3,268,光,光,guāng,light,,,unique,False,1,P1,,,,
BATCH-16,B3-0269,S-01540,3,269,光明,光明,guāngmíng,light,,,unique,False,1,P1,,,,
BATCH-16,B3-0270,S-01541,3,270,广播,广播,guǎngbō,Radio broadcast,,,unique,False,1,P1,,,,
BATCH-16,B3-0271,S-01542,3,271,广大,广大,guǎngdà,Vast,,,unique,False,1,P1,,,,
BATCH-16,B3-0272,S-01543,3,272,规定,规定,guīdìng,Regulations,,,unique,False,1,P1,,,,
BATCH-17,B3-0273,S-01544,3,273,规范,规范,guīfàn,criterion; rule,,,unique,False,1,P1,,,,
BATCH-17,B3-0274,S-01545,3,274,国内,国内,guó nèi,domestic; internal,,,unique,False,1,P1,,,,
BATCH-17,B3-0275,S-01546,3,275,国庆,国庆,guó qìng,National Day,,,unique,False,1,P1,,,,
BATCH-17,B3-0276,S-01547,3,276,果然,果然,guǒrán,Sure enough,,,unique,False,1,P1,,,,
BATCH-17,B3-0277,S-01548,3,277,果汁,果汁,guǒzhī,fruit juice,,,unique,False,1,P1,,,,
BATCH-17,B3-0278,S-01549,3,278,过程,过程,guòchéng,process,,,unique,False,1,P1,,,,
BATCH-17,B3-0280,S-01551,3,280,哈哈,哈哈,hāhā,ha-ha,,,unique,False,1,P1,,,,
BATCH-17,B3-0281,S-01552,3,281,海关,海关,hǎiguān,Customs,,,unique,False,1,P1,,,,
BATCH-17,B3-0282,S-01553,3,282,害怕,害怕,hàipà,Fear,,,unique,False,1,P1,,,,
BATCH-17,B3-0284,S-01554,3,284,好好,好好,hǎohǎo,"really good, really nice",,,unique,False,1,P1,,,,
BATCH-17,B3-0285,S-01555,3,285,好奇,好奇,hàoqí,Be curious,,,unique,False,1,P1,,,,
BATCH-17,B3-0286,S-01556,3,286,合,合,hé,close; shut; be equal to; add up to; join,,,unique,False,1,P1,,,,
BATCH-17,B3-0287,S-01557,3,287,合法,合法,héfǎ,legitimate,,,unique,False,1,P1,,,,
BATCH-17,B3-0288,S-01558,3,288,合格,合格,hégé,qualified,,,unique,False,1,P1,,,,
BATCH-17,B3-0289,S-01559,3,289,合理,合理,hélǐ,reasonable,,,unique,False,1,P1,,,,
BATCH-17,B3-0290,S-01560,3,290,合作,合作,hézuò,cooperation,,,unique,False,1,P1,,,,
BATCH-17,B3-0291,S-01561,3,291,和平,和平,hépíng,peace,,,unique,False,1,P1,,,,
BATCH-17,B3-0292,S-01562,3,292,红茶,红茶,hóngchá,black tea,,,unique,False,1,P1,,,,
BATCH-17,B3-0293,S-01563,3,293,红酒,红酒,hóngjiǔ,red wine,,,unique,False,1,P1,,,,
BATCH-17,B3-0294,S-01564,3,294,后果,后果,hòuguǒ,Consequence,,,unique,False,1,P1,,,,
BATCH-17,B3-0295,S-01565,3,295,后面,后面,hòumiàn,behind,,,unique,False,1,P1,,,,
BATCH-17,B3-0296,S-01566,3,296,后年,后年,hòu nián,the year after next,,,unique,False,1,P1,,,,
BATCH-17,B3-0297,S-01567,3,297,互联网,互联网,hùliánwǎng,Internet,,,unique,False,1,P1,,,,
BATCH-17,B3-0298,S-01568,3,298,互相,互相,hùxiāng,each other,,,unique,False,1,P1,,,,
BATCH-17,B3-0299,S-01569,3,299,划船,划船,huáchuán,row; paddle a boat; go boating,,,unique,False,1,P1,,,,
BATCH-17,B3-0300,S-01570,3,300,华人,华人,huárén,Chinese; ethnic Chinese,,,unique,False,1,P1,,,,
BATCH-17,B3-0301,S-01571,3,301,化,化,huà（xiàn dàihuà）,suffix (modernize; modernization),,,unique,False,1,P1,,,,
BATCH-17,B3-0302,S-01572,3,302,话剧,话剧,huà jù,drama,,,unique,False,1,P1,,,,
BATCH-17,B3-0303,S-01573,3,303,话题,话题,huàtí,Topic of conversation,,,unique,False,1,P1,,,,
BATCH-17,B3-0304,S-01574,3,304,欢乐,欢乐,huānlè,Happy,,,unique,False,1,P1,,,,
BATCH-17,B3-0305,S-01575,3,305,环,环,huán,ring; loop; link; annulus,,,unique,False,1,P1,,,,
BATCH-17,B3-0306,S-01576,3,306,环保,环保,huán bǎo,environmental protection,,,unique,False,1,P1,,,,
BATCH-17,B3-0307,S-01577,3,307,环境,环境,huánjìng,Environment,,,unique,False,1,P1,,,,
BATCH-17,B3-0308,S-01578,3,308,会议,会议,huìyì,Meeting,,,unique,False,1,P1,,,,
BATCH-17,B3-0309,S-01579,3,309,会员,会员,huìyuán,membership,,,unique,False,1,P1,,,,
BATCH-17,B3-0310,S-01580,3,310,活,活,huó,live; save; work; living; alive,,,unique,False,1,P1,,,,
BATCH-17,B3-0312,S-01582,3,312,机器,机器,jīqì,machine,,,unique,False,1,P1,,,,
BATCH-17,B3-0313,S-01583,3,313,积极,积极,jījí,positive,,,unique,False,1,P1,,,,
BATCH-17,B3-0314,S-01584,3,314,基本,基本,jīběn,basic,,,unique,False,1,P1,,,,
BATCH-17,B3-0315,S-01585,3,315,基本上,基本上,jī běnshàng,basically,,,unique,False,1,P1,,,,
BATCH-17,B3-0316,S-01586,3,316,基础,基础,jīchǔ,Basics,,,unique,False,1,P1,,,,
BATCH-17,B3-0317,S-01587,3,317,及时,及时,jíshí,timely,,,unique,False,1,P1,,,,
BATCH-17,B3-0318,S-01588,3,318,…极了    …,…极了    …,jíle,extremely; exceedingly,,,unique,False,1,P1,,,,
BATCH-17,B3-0319,S-01589,3,319,集体,集体,jítǐ,collective,,,unique,False,1,P1,,,,
BATCH-17,B3-0320,S-01590,3,320,集中,集中,jízhōng,focus,,,unique,False,1,P1,,,,
BATCH-17,B3-0321,S-01591,3,321,计算,计算,jìsuàn,Calculation,,,unique,False,1,P1,,,,
BATCH-17,B3-0322,S-01592,3,322,记录,记录,jìlù,Record,,,unique,False,1,P1,,,,
BATCH-17,B3-0323,S-01593,3,323,记者,记者,jìzhě,Reporter,,,unique,False,1,P1,,,,
BATCH-17,B3-0324,S-01594,3,324,纪录,纪录,jìlù,Record,,,unique,False,1,P1,,,,
BATCH-17,B3-0325,S-01595,3,325,纪念,纪念,jìniàn,Anniversary,,,unique,False,1,P1,,,,
BATCH-17,B3-0326,S-01596,3,326,技术,技术,jìshù,technology,,,unique,False,1,P1,,,,
BATCH-17,B3-0327,S-01597,3,327,继续,继续,jìxù,Continue,,,unique,False,1,P1,,,,
BATCH-17,B3-0328,S-01598,3,328,加工,加工,jiāgōng,machining,,,unique,False,1,P1,,,,
BATCH-17,B3-0329,S-01599,3,329,加快,加快,jiā kuài,speed up; accelerate,,,unique,False,1,P1,,,,
BATCH-17,B3-0330,S-01600,3,330,加强,加强,jiāqiáng,strengthen; reinforce,,,unique,False,1,P1,,,,
BATCH-17,B3-0331,S-01601,3,331,家具,家具,jiājù,furniture,,,unique,False,1,P1,,,,
BATCH-17,B3-0332,S-01602,3,332,家属,家属,jiāshǔ,family members,,,unique,False,1,P1,,,,
BATCH-17,B3-0333,S-01603,3,333,家乡,家乡,jiāxiāng,Hometown,,,unique,False,1,P1,,,,
BATCH-17,B3-0334,S-01604,3,334,价格,价格,jiàgé,Price,,,unique,False,1,P1,,,,
BATCH-17,B3-0335,S-01605,3,335,价钱,价钱,jiàqián,price,,,unique,False,1,P1,,,,
BATCH-17,B3-0336,S-01606,3,336,价值,价值,jiàzhí,value,,,unique,False,1,P1,,,,
BATCH-17,B3-0337,S-01607,3,337,架,架,jià,frame; rack; shelf; stand,,,unique,False,1,P1,,,,
BATCH-17,B3-0338,S-01608,3,338,坚持,坚持,jiānchí,Insist,,,unique,False,1,P1,,,,
BATCH-17,B3-0339,S-01609,3,339,坚决,坚决,jiānjué,firm,,,unique,False,1,P1,,,,
BATCH-17,B3-0340,S-01610,3,340,坚强,坚强,jiānqiáng,Firm,,,unique,False,1,P1,,,,
BATCH-17,B3-0341,S-01611,3,341,简单,简单,jiǎndān,simple,,,unique,False,1,P1,,,,
BATCH-17,B3-0342,S-01612,3,342,简直,简直,jiǎnzhí,simply,,,unique,False,1,P1,,,,
BATCH-17,B3-0343,S-01613,3,343,建,建,jiàn,build; construct; erect; establish; set up;,,,unique,False,1,P1,,,,
BATCH-17,B3-0344,S-01614,3,344,建成,建成,jiàn chéng,built up,,,unique,False,1,P1,,,,
BATCH-17,B3-0345,S-01615,3,345,建立,建立,jiànlì,establish,,,unique,False,1,P1,,,,
BATCH-17,B3-0346,S-01616,3,346,建设,建设,jiànshè,build,,,unique,False,1,P1,,,,
BATCH-17,B3-0347,S-01617,3,347,建议,建议,jiànyì,proposal,,,unique,False,1,P1,,,,
BATCH-17,B3-0348,S-01618,3,348,将近,将近,jiāngjìn,nearly,,,unique,False,1,P1,,,,
BATCH-17,B3-0349,S-01619,3,349,将来,将来,jiānglái,future,,,unique,False,1,P1,,,,
BATCH-17,B3-0350,S-01620,3,350,交费,交费,jiāo fèi,pay,,,unique,False,1,P1,,,,
BATCH-17,B3-0351,S-01621,3,351,交警,交警,jiāo jǐng,traffic police,,,unique,False,1,P1,,,,
BATCH-17,B3-0352,S-01622,3,352,交流,交流,jiāoliú,Communication,,,unique,False,1,P1,,,,
BATCH-17,B3-0353,S-01623,3,353,交往,交往,jiāowǎng,affiliate with,,,unique,False,1,P1,,,,
BATCH-17,B3-0354,S-01624,3,354,交易,交易,jiāoyì,transaction,,,unique,False,1,P1,,,,
BATCH-17,B3-0356,S-01626,3,356,较,较,jiào,quite; rather,,,unique,False,1,P1,,,,
BATCH-17,B3-0357,S-01627,3,357,教材,教材,jiàocái,teaching material,,,unique,False,1,P1,,,,
BATCH-17,B3-0358,S-01628,3,358,教练,教练,jiàoliàn,coach,,,unique,False,1,P1,,,,
BATCH-17,B3-0359,S-01629,3,359,结实,结实,jiēshi,strong,,,unique,False,1,P1,,,,
BATCH-17,B3-0360,S-01630,3,360,接待,接待,jiēdài,Reception,,,unique,False,1,P1,,,,
BATCH-17,B3-0361,S-01631,3,361,接近,接近,jiējìn,near,,,unique,False,1,P1,,,,
BATCH-17,B3-0362,S-01632,3,362,节约,节约,jiéyuē,save,,,unique,False,1,P1,,,,
BATCH-17,B3-0363,S-01633,3,363,结合,结合,jiéhé,Combination,,,unique,False,1,P1,,,,
BATCH-17,B3-0364,S-01634,3,364,结婚,结婚,jiéhūn,marry,,,unique,False,1,P1,,,,
BATCH-17,B3-0365,S-01635,3,365,结束,结束,jiéshù,End,,,unique,False,1,P1,,,,
BATCH-17,B3-0366,S-01636,3,366,解决,解决,jiějué,Solve,,,unique,False,1,P1,,,,
BATCH-17,B3-0367,S-01637,3,367,解开,解开,jiěkāi,undo; untie; unfasten; unbutton,,,unique,False,1,P1,,,,
BATCH-17,B3-0368,S-01638,3,368,金,金,jīn,gold,,,unique,False,1,P1,,,,
BATCH-17,B3-0369,S-01639,3,369,金牌,金牌,jīn pái,gold medal,,,unique,False,1,P1,,,,
BATCH-17,B3-0370,S-01640,3,370,仅,仅,jǐn,only; merely; barely,,,unique,False,1,P1,,,,
BATCH-17,B3-0371,S-01641,3,371,仅仅,仅仅,jǐnjǐn,only; merely; barely,,,unique,False,1,P1,,,,
BATCH-17,B3-0372,S-01642,3,372,尽量,尽量,jǐnliàng,as far as possible,,,unique,False,1,P1,,,,
BATCH-17,B3-0373,S-01643,3,373,紧,紧,jǐn,tight; close; urgent; strict,,,unique,False,1,P1,,,,
BATCH-17,B3-0374,S-01644,3,374,紧急,紧急,jǐnjí,urgent,,,unique,False,1,P1,,,,
BATCH-17,B3-0375,S-01645,3,375,紧张,紧张,jǐnzhāng,Nervous,,,unique,False,1,P1,,,,
BATCH-17,B3-0376,S-01646,3,376,进步,进步,jìnbù,progress,,,unique,False,1,P1,,,,
BATCH-18,B3-0377,S-01647,3,377,进一步,进一步,jìn yí bù,go a step further; further,,,unique,False,1,P1,,,,
BATCH-18,B3-0378,S-01648,3,378,进展,进展,jìnzhǎn,evolve; get along,,,unique,False,1,P1,,,,
BATCH-18,B3-0379,S-01649,3,379,近期,近期,jìnqī,recent,,,unique,False,1,P1,,,,
BATCH-18,B3-0380,S-01650,3,380,京剧,京剧,jīngjù,Beijing opera,,,unique,False,1,P1,,,,
BATCH-18,B3-0381,S-01651,3,381,经济,经济,jīngjì,Economics,,,unique,False,1,P1,,,,
BATCH-18,B3-0382,S-01652,3,382,经历,经历,jīnglì,experience,,,unique,False,1,P1,,,,
BATCH-18,B3-0383,S-01653,3,383,经验,经验,jīngyàn,experience,,,unique,False,1,P1,,,,
BATCH-18,B3-0384,S-01654,3,384,经营,经营,jīngyíng,Management,,,unique,False,1,P1,,,,
BATCH-18,B3-0385,S-01655,3,385,精彩,精彩,jīngcǎi,Marvellous,,,unique,False,1,P1,,,,
BATCH-18,B3-0386,S-01656,3,386,精神,精神,jīngshén,"spirit, mind",,,unique,False,1,P1,,,,
BATCH-18,B3-0387,S-01657,3,387,精神,精神,jīngshen,"lively, vigour",,,unique,False,1,P1,,,,
BATCH-18,B3-0388,S-01658,3,388,景色,景色,jǐngsè,scenery,,,unique,False,1,P1,,,,
BATCH-18,B3-0389,S-01659,3,389,警察,警察,jǐngchá,Police,,,unique,False,1,P1,,,,
BATCH-18,B3-0390,S-01660,3,390,静,静,jìng,silent; quiet; calm,,,unique,False,1,P1,,,,
BATCH-18,B3-0391,S-01661,3,391,久,久,jiǔ,long,,,unique,False,1,P1,,,,
BATCH-18,B3-0392,S-01662,3,392,旧,旧,jiù,used,,,unique,False,1,P1,,,,
BATCH-18,B3-0393,S-01663,3,393,救,救,jiù,save,,,unique,False,1,P1,,,,
BATCH-18,B3-0394,S-01664,3,394,就是,就是,jiù shì,precisely; exactly; just like,,,unique,False,1,P1,,,,
BATCH-18,B3-0395,S-01665,3,395,就业,就业,jiùyè,take up an occupation,,,unique,False,1,P1,,,,
BATCH-18,B3-0396,S-01666,3,396,举办,举办,jǔbàn,hold,,,unique,False,1,P1,,,,
BATCH-18,B3-0397,S-01667,3,397,具体,具体,jùtǐ,specific,,,unique,False,1,P1,,,,
BATCH-18,B3-0398,S-01668,3,398,具有,具有,jùyǒu,possess; have; be provided with,,,unique,False,1,P1,,,,
BATCH-18,B3-0399,S-01669,3,399,剧场,剧场,jùchǎng,theater,,,unique,False,1,P1,,,,
BATCH-18,B3-0400,S-01670,3,400,据说,据说,jùshuō,allegedly,,,unique,False,1,P1,,,,
BATCH-18,B3-0401,S-01671,3,401,决定,决定,juédìng,Decision,,,unique,False,1,P1,,,,
BATCH-18,B3-0402,S-01672,3,402,决赛,决赛,juésài,Finals,,,unique,False,1,P1,,,,
BATCH-18,B3-0403,S-01673,3,403,决心,决心,juéxīn,Determination,,,unique,False,1,P1,,,,
BATCH-18,B3-0404,S-01674,3,404,绝对,绝对,juéduì,Absolutely,,,unique,False,1,P1,,,,
BATCH-18,B3-0405,S-01675,3,405,咖啡,咖啡,kāfēi,Coffee,,,unique,False,1,P1,,,,
BATCH-18,B3-0406,S-01676,3,406,开发,开发,kāifā,Development,,,unique,False,1,P1,,,,
BATCH-18,B3-0407,S-01677,3,407,开放,开放,kāifàng,To open up,,,unique,False,1,P1,,,,
BATCH-18,B3-0408,S-01678,3,408,开始,开始,kāishǐ,start,,,unique,False,1,P1,,,,
BATCH-18,B3-0409,S-01679,3,409,开业,开业,kāi yè,start business; open a private practice,,,unique,False,1,P1,,,,
BATCH-18,B3-0410,S-01680,3,410,开展,开展,kāizhǎn,Develop,,,unique,False,1,P1,,,,
BATCH-18,B3-0411,S-01681,3,411,看起来,看起来,kànqǐ lái,look like,,,unique,False,1,P1,,,,
BATCH-18,B3-0412,S-01682,3,412,看上去,看上去,kànshàngqù,seem,,,unique,False,1,P1,,,,
BATCH-18,B3-0413,S-01683,3,413,考验,考验,kǎoyàn,test,,,unique,False,1,P1,,,,
BATCH-18,B3-0414,S-01684,3,414,科技,科技,kē jì,science and technology,,,unique,False,1,P1,,,,
BATCH-18,B3-0415,S-01685,3,415,可靠,可靠,kěkào,reliable,,,unique,False,1,P1,,,,
BATCH-18,B3-0416,S-01686,3,416,可乐,可乐,kělè,coke; cola,,,unique,False,1,P1,,,,
BATCH-18,B3-0417,S-01687,3,417,克服,克服,kèfú,Overcome,,,unique,False,1,P1,,,,
BATCH-18,B3-0418,S-01688,3,418,客观,客观,kèguān,objective,,,unique,False,1,P1,,,,
BATCH-18,B3-0419,S-01689,3,419,课程,课程,kèchéng,curriculum,,,unique,False,1,P1,,,,
BATCH-18,B3-0421,S-01691,3,421,空调,空调,kōngtiáo,Air conditioner,,,unique,False,1,P1,,,,
BATCH-18,B3-0422,S-01692,3,422,恐怕,恐怕,kǒngpà,I’m afraid,,,unique,False,1,P1,,,,
BATCH-18,B3-0423,S-01693,3,423,空儿,空儿,kòngr,free time,,,unique,False,1,P1,,,,
BATCH-18,B3-0424,S-01694,3,424,裤子,裤子,kùzi,trousers,,,unique,False,1,P1,,,,
BATCH-18,B3-0425,S-01695,3,425,快速,快速,kuài sù,fast; high-speed,,,unique,False,1,P1,,,,
BATCH-18,B3-0426,S-01696,3,426,困,困,kùn,sleepy,,,unique,False,1,P1,,,,
BATCH-18,B3-0427,S-01697,3,427,困难,困难,kùnnán,difficulty,,,unique,False,1,P1,,,,
BATCH-18,B3-0428,S-01698,3,428,浪费,浪费,làngfèi,Waste,,,unique,False,1,P1,,,,
BATCH-18,B3-0429,S-01699,3,429,老百姓,老百姓,lǎobǎixìng,Ordinary people,,,unique,False,1,P1,,,,
BATCH-18,B3-0430,S-01700,3,430,老板,老板,lǎobǎn,Boss,,,unique,False,1,P1,,,,
BATCH-18,B3-0431,S-01701,3,431,老太太,老太太,lǎo tài tai,old lady,,,unique,False,1,P1,,,,
BATCH-18,B3-0432,S-01702,3,432,老头儿,老头儿,lǎotóur,old man,,,unique,False,1,P1,,,,
BATCH-18,B3-0433,S-01703,3,433,乐,乐,lè,happy; laugh; cheerful,,,unique,False,1,P1,,,,
BATCH-18,B3-0434,S-01704,3,434,乐观,乐观,lèguān,optimistic,,,unique,False,1,P1,,,,
BATCH-18,B3-0435,S-01705,3,435,类,类,lèi,class; category; kind; type,,,unique,False,1,P1,,,,
BATCH-18,B3-0436,S-01706,3,436,类似,类似,lèisì,Similar,,,unique,False,1,P1,,,,
BATCH-18,B3-0437,S-01707,3,437,离婚,离婚,líhūn,divorce,,,unique,False,1,P1,,,,
BATCH-18,B3-0438,S-01708,3,438,里面,里面,lǐmiàn,inside; interior,,,unique,False,1,P1,,,,
BATCH-18,B3-0439,S-01709,3,439,理发,理发,lǐfà,Haircut,,,unique,False,1,P1,,,,
BATCH-18,B3-0440,S-01710,3,440,理解,理解,lǐjiě,Understand,,,unique,False,1,P1,,,,
BATCH-18,B3-0441,S-01711,3,441,理论,理论,lǐlùn,theory,,,unique,False,1,P1,,,,
BATCH-18,B3-0442,S-01712,3,442,理由,理由,lǐyóu,Reason,,,unique,False,1,P1,,,,
BATCH-18,B3-0443,S-01713,3,443,力,力,lì,power; force,,,unique,False,1,P1,,,,
BATCH-18,B3-0444,S-01714,3,444,力量,力量,lìliàng,Power,,,unique,False,1,P1,,,,
BATCH-18,B3-0445,S-01715,3,445,立刻,立刻,lìkè,immediately,,,unique,False,1,P1,,,,
BATCH-18,B3-0446,S-01716,3,446,利用,利用,lìyòng,utilize,,,unique,False,1,P1,,,,
BATCH-18,B3-0447,S-01717,3,447,连,连,lián,even,,,unique,False,1,P1,,,,
BATCH-18,B3-0448,S-01718,3,448,连忙,连忙,liánmáng,Hurriedly,,,unique,False,1,P1,,,,
BATCH-18,B3-0449,S-01719,3,449,连续,连续,liánxù,serial,,,unique,False,1,P1,,,,
BATCH-18,B3-0450,S-01720,3,450,连续剧,连续剧,lián xù jù,series; soap opera,,,unique,False,1,P1,,,,
BATCH-18,B3-0451,S-01721,3,451,联合,联合,liánhé,union,,,unique,False,1,P1,,,,
BATCH-18,B3-0452,S-01722,3,452,联合国,联合国,liánhéguó,United Nations,,,unique,False,1,P1,,,,
BATCH-18,B3-0453,S-01723,3,453,联系,联系,liánxì,contact,,,unique,False,1,P1,,,,
BATCH-18,B3-0454,S-01724,3,454,凉水,凉水,liángshuǐ,cold water; unboiled water,,,unique,False,1,P1,,,,
BATCH-18,B3-0456,S-01725,3,456,领,领,lǐng,lead; receive; get; understand,,,unique,False,1,P1,,,,
BATCH-18,B3-0457,S-01726,3,457,领导,领导,lǐngdǎo,Leader,,,unique,False,1,P1,,,,
BATCH-18,B3-0458,S-01727,3,458,领先,领先,lǐngxiān,keep ahead,,,unique,False,1,P1,,,,
BATCH-18,B3-0459,S-01728,3,459,另外,另外,lìngwài,in addition,,,unique,False,1,P1,,,,
BATCH-18,B3-0460,S-01729,3,460,另一方面,另一方面,lìng yì fāng miàn,on the other hand,,,unique,False,1,P1,,,,
BATCH-18,B3-0461,S-01730,3,461,留学,留学,liúxué,Overseas Study,,,unique,False,1,P1,,,,
BATCH-18,B3-0462,S-01731,3,462,龙,龙,lóng,dragon,,,unique,False,1,P1,,,,
BATCH-18,B3-0463,S-01732,3,463,录,录,lù,record; write down; copy,,,unique,False,1,P1,,,,
BATCH-18,B3-0464,S-01733,3,464,录音,录音,lùyīn,Sound recording,,,unique,False,1,P1,,,,
BATCH-18,B3-0465,S-01734,3,465,路线,路线,lù xiàn,path; route; way; line,,,unique,False,1,P1,,,,
BATCH-18,B3-0466,S-01735,3,466,旅馆,旅馆,lǚ guǎn,hotel,,,unique,False,1,P1,,,,
BATCH-18,B3-0467,S-01736,3,467,旅行社,旅行社,lǚxíngshè,travel agency,,,unique,False,1,P1,,,,
BATCH-18,B3-0468,S-01737,3,468,绿茶,绿茶,lǜchá,green tea,,,unique,False,1,P1,,,,
BATCH-18,B3-0469,S-01738,3,469,乱,乱,luàn,chaos,,,unique,False,1,P1,,,,
BATCH-18,B3-0470,S-01739,3,470,落后,落后,luòhòu,backward,,,unique,False,1,P1,,,,
BATCH-18,B3-0471,S-01740,3,471,麻烦,麻烦,máfan,trouble,,,unique,False,1,P1,,,,
BATCH-18,B3-0472,S-01741,3,472,马,马,mǎ,Horse,,,unique,False,1,P1,,,,
BATCH-18,B3-0473,S-01742,3,473,满足,满足,mǎnzú,satisfy,,,unique,False,1,P1,,,,
BATCH-18,B3-0474,S-01743,3,474,慢慢,慢慢,màn màn,slowly,,,unique,False,1,P1,,,,
BATCH-18,B3-0476,S-01745,3,476,毛病,毛病,máobìng,Trouble,,,unique,False,1,P1,,,,
BATCH-18,B3-0477,S-01746,3,477,没用,没用,méiyòng,useless,,,unique,False,1,P1,,,,
BATCH-18,B3-0478,S-01747,3,478,媒体,媒体,méitǐ,media,,,unique,False,1,P1,,,,
BATCH-18,B3-0479,S-01748,3,479,每,每,měi,each,,,unique,False,1,P1,,,,
BATCH-19,B3-0480,S-01749,3,480,美,美,měi,beautiful; pretty,,,unique,False,1,P1,,,,
BATCH-19,B3-0481,S-01750,3,481,美好,美好,měihǎo,fine; happy; glorious,,,unique,False,1,P1,,,,
BATCH-19,B3-0482,S-01751,3,482,美丽,美丽,měilì,beautiful,,,unique,False,1,P1,,,,
BATCH-19,B3-0483,S-01752,3,483,美食,美食,měishí,delicious food ; gourmet,,,unique,False,1,P1,,,,
BATCH-19,B3-0484,S-01753,3,484,美术,美术,měishù,Fine Arts,,,unique,False,1,P1,,,,
BATCH-19,B3-0485,S-01754,3,485,美元,美元,měi yuán,U.S. dollar,,,unique,False,1,P1,,,,
BATCH-19,B3-0486,S-01755,3,486,迷,迷,mí,fan; confused; be crazy about,,,unique,False,1,P1,,,,
BATCH-19,B3-0488,S-01757,3,488,面对,面对,miànduì,Face,,,unique,False,1,P1,,,,
BATCH-19,B3-0489,S-01758,3,489,面积,面积,miànjī,The measure of area,,,unique,False,1,P1,,,,
BATCH-19,B3-0490,S-01759,3,490,民间,民间,mínjiān,nongovernmental,,,unique,False,1,P1,,,,
BATCH-19,B3-0491,S-01760,3,491,民族,民族,mínzú,Nation,,,unique,False,1,P1,,,,
BATCH-19,B3-0492,S-01761,3,492,明确,明确,míngquè,To make clear,,,unique,False,1,P1,,,,
BATCH-19,B3-0493,S-01762,3,493,明显,明显,míngxiǎn,obvious,,,unique,False,1,P1,,,,
BATCH-19,B3-0494,S-01763,3,494,命运,命运,mìngyùn,fate,,,unique,False,1,P1,,,,
BATCH-19,B3-0495,S-01764,3,495,某,某,mǒu,some,,,unique,False,1,P1,,,,
BATCH-19,B3-0496,S-01765,3,496,母亲,母亲,mǔqīn,mother,,,unique,False,1,P1,,,,
BATCH-19,B3-0497,S-01766,3,497,木头,木头,mùtou,wood,,,unique,False,1,P1,,,,
BATCH-19,B3-0498,S-01767,3,498,目标,目标,mùbiāo,target,,,unique,False,1,P1,,,,
BATCH-19,B3-0499,S-01768,3,499,目前,目前,mùqián,at present,,,unique,False,1,P1,,,,
BATCH-19,B3-0500,S-01769,3,500,奶茶,奶茶,nǎi chá,milk tea,,,unique,False,1,P1,,,,
BATCH-19,B3-0501,S-01770,3,501,男子,男子,nánzǐ,man; male,,,unique,False,1,P1,,,,
BATCH-19,B3-0502,S-01771,3,502,南部,南部,nánbù,south,,,unique,False,1,P1,,,,
BATCH-19,B3-0503,S-01772,3,503,难道,难道,nándào,could it be said that …,,,unique,False,1,P1,,,,
BATCH-19,B3-0504,S-01773,3,504,难度,难度,nándù,difficulty,,,unique,False,1,P1,,,,
BATCH-19,B3-0505,S-01774,3,505,内,内,nèi,within,,,unique,False,1,P1,,,,
BATCH-19,B3-0506,S-01775,3,506,内容,内容,nèiróng,content,,,unique,False,1,P1,,,,
BATCH-19,B3-0507,S-01776,3,507,内心,内心,nèi xīn,heart; inner centre,,,unique,False,1,P1,,,,
BATCH-19,B3-0508,S-01777,3,508,能不能,能不能,néng bù néng,can or not,,,unique,False,1,P1,,,,
BATCH-19,B3-0509,S-01778,3,509,能力,能力,nénglì,ability,,,unique,False,1,P1,,,,
BATCH-19,B3-0510,S-01779,3,510,年初,年初,nián chū,beginning of the year,,,unique,False,1,P1,,,,
BATCH-19,B3-0511,S-01780,3,511,年代,年代,niándài,years,,,unique,False,1,P1,,,,
BATCH-19,B3-0512,S-01781,3,512,年底,年底,niándǐ,end of the year,,,unique,False,1,P1,,,,
BATCH-19,B3-0513,S-01782,3,513,年纪,年纪,niánjì,Age,,,unique,False,1,P1,,,,
BATCH-19,B3-0514,S-01783,3,514,念,念,niàn,Read,,,unique,False,1,P1,,,,
BATCH-19,B3-0516,S-01785,3,516,农村,农村,nóngcūn,countryside,,,unique,False,1,P1,,,,
BATCH-19,B3-0517,S-01786,3,517,农民,农民,nóngmín,farmer,,,unique,False,1,P1,,,,
BATCH-19,B3-0518,S-01787,3,518,农业,农业,nóngyè,Agriculture,,,unique,False,1,P1,,,,
BATCH-19,B3-0519,S-01788,3,519,女子,女子,nǚzǐ,woman; female,,,unique,False,1,P1,,,,
BATCH-19,B3-0520,S-01789,3,520,暖和,暖和,nuǎnhuo,warm,,,unique,False,1,P1,,,,
BATCH-19,B3-0522,S-01791,3,522,拍,拍,pāi,beat,,,unique,False,1,P1,,,,
BATCH-19,B3-0524,S-01793,3,524,排名,排名,páimíng,rank,,,unique,False,1,P1,,,,
BATCH-19,B3-0525,S-01794,3,525,牌子,牌子,páizi,brand; trademark; plate; sign,,,unique,False,1,P1,,,,
BATCH-19,B3-0526,S-01795,3,526,派,派,pài,send,,,unique,False,1,P1,,,,
BATCH-19,B3-0527,S-01796,3,527,判断,判断,pànduàn,judge,,,unique,False,1,P1,,,,
BATCH-19,B3-0528,S-01797,3,528,胖,胖,pàng,fat,,,unique,False,1,P1,,,,
BATCH-19,B3-0529,S-01798,3,529,跑步,跑步,pǎobù,Run,,,unique,False,1,P1,,,,
BATCH-19,B3-0530,S-01799,3,530,配,配,pèi,match; mix; join; fit,,,unique,False,1,P1,,,,
BATCH-19,B3-0531,S-01800,3,531,配合,配合,pèihé,Coordination,,,unique,False,1,P1,,,,
BATCH-19,B3-0532,S-01801,3,532,批评,批评,pīpíng,criticism,,,unique,False,1,P1,,,,
BATCH-19,B3-0533,S-01802,3,533,批准,批准,pīzhǔn,Approval,,,unique,False,1,P1,,,,
BATCH-19,B3-0534,S-01803,3,534,皮,皮,pí,skin; leather; fur; cover; sheet,,,unique,False,1,P1,,,,
BATCH-19,B3-0535,S-01804,3,535,皮包,皮包,pí bāo,purse; briefcase; portfolio,,,unique,False,1,P1,,,,
BATCH-19,B3-0536,S-01805,3,536,啤酒,啤酒,píjiǔ,Beer,,,unique,False,1,P1,,,,
BATCH-19,B3-0537,S-01806,3,537,票价,票价,piàojià,ticket price; fare,,,unique,False,1,P1,,,,
BATCH-19,B3-0538,S-01807,3,538,评价,评价,píngjià,evaluation,,,unique,False,1,P1,,,,
BATCH-19,B3-0539,S-01808,3,539,苹果,苹果,píngguǒ,Apple,,,unique,False,1,P1,,,,
BATCH-19,B3-0540,S-01809,3,540,破,破,pò,broken,,,unique,False,1,P1,,,,
BATCH-19,B3-0541,S-01810,3,541,破坏,破坏,pòhuài,Destruction,,,unique,False,1,P1,,,,
BATCH-19,B3-0542,S-01811,3,542,普遍,普遍,pǔbiàn,universal,,,unique,False,1,P1,,,,
BATCH-19,B3-0543,S-01812,3,543,普及,普及,pǔjí,Universal,,,unique,False,1,P1,,,,
BATCH-19,B3-0544,S-01813,3,544,期,期,qī,period; time; term; expect,,,unique,False,1,P1,,,,
BATCH-19,B3-0545,S-01814,3,545,齐,齐,qí,together; uniform; neat; be level with,,,unique,False,1,P1,,,,
BATCH-19,B3-0546,S-01815,3,546,其次,其次,qícì,Secondly,,,unique,False,1,P1,,,,
BATCH-19,B3-0547,S-01816,3,547,其实,其实,qíshí,actually,,,unique,False,1,P1,,,,
BATCH-19,B3-0548,S-01817,3,548,奇怪,奇怪,qíguài,strange,,,unique,False,1,P1,,,,
BATCH-19,B3-0549,S-01818,3,549,气候,气候,qìhòu,climate,,,unique,False,1,P1,,,,
BATCH-19,B3-0550,S-01819,3,550,千万,千万,qiānwàn,Must,,,unique,False,1,P1,,,,
BATCH-19,B3-0551,S-01820,3,551,前后,前后,qián hòu,front and back; from start to finish; around,,,unique,False,1,P1,,,,
BATCH-19,B3-0552,S-01821,3,552,前进,前进,qián jìn,advance; go forward; march,,,unique,False,1,P1,,,,
BATCH-19,B3-0553,S-01822,3,553,前面,前面,qiánmiàn,Front,,,unique,False,1,P1,,,,
BATCH-19,B3-0554,S-01823,3,554,前往,前往,qián wǎng,go to; leave for; proceed,,,unique,False,1,P1,,,,
BATCH-19,B3-0555,S-01824,3,555,强,强,qiáng,strong; powerful; better,,,unique,False,1,P1,,,,
BATCH-19,B3-0556,S-01825,3,556,强大,强大,qiángdà,powerful; formidable; strong,,,unique,False,1,P1,,,,
BATCH-19,B3-0557,S-01826,3,557,强调,强调,qiángdiào,Emphasize,,,unique,False,1,P1,,,,
BATCH-19,B3-0558,S-01827,3,558,强烈,强烈,qiángliè,strong,,,unique,False,1,P1,,,,
BATCH-19,B3-0559,S-01828,3,559,桥,桥,qiáo,Bridge,,,unique,False,1,P1,,,,
BATCH-19,B3-0560,S-01829,3,560,巧,巧,qiǎo,opportunely; skilful; deceitful,,,unique,False,1,P1,,,,
BATCH-19,B3-0561,S-01830,3,561,亲,亲,qīn,dear; close; intimate; relative,,,unique,False,1,P1,,,,
BATCH-19,B3-0562,S-01831,3,562,亲切,亲切,qīnqiè,kind,,,unique,False,1,P1,,,,
BATCH-19,B3-0563,S-01832,3,563,亲人,亲人,qīnrén,relative,,,unique,False,1,P1,,,,
BATCH-19,B3-0564,S-01833,3,564,亲自,亲自,qīnzì,personally,,,unique,False,1,P1,,,,
BATCH-19,B3-0565,S-01834,3,565,情感,情感,qíng gǎn,feeling; emotion,,,unique,False,1,P1,,,,
BATCH-19,B3-0566,S-01835,3,566,情况,情况,qíngkuàng,Situation,,,unique,False,1,P1,,,,
BATCH-19,B3-0567,S-01836,3,567,请教,请教,qǐngjiào,Consult,,,unique,False,1,P1,,,,
BATCH-19,B3-0568,S-01837,3,568,庆祝,庆祝,qìngzhù,Celebrate,,,unique,False,1,P1,,,,
BATCH-19,B3-0569,S-01838,3,569,球迷,球迷,qiúmí,fans (ball game),,,unique,False,1,P1,,,,
BATCH-19,B3-0570,S-01839,3,570,区,区,qū,area; district; region,,,unique,False,1,P1,,,,
BATCH-19,B3-0571,S-01840,3,571,区别,区别,qūbié,Difference,,,unique,False,1,P1,,,,
BATCH-19,B3-0572,S-01841,3,572,取消,取消,qǔxiāo,cancel,,,unique,False,1,P1,,,,
BATCH-19,B3-0573,S-01842,3,573,去世,去世,qùshì,Death,,,unique,False,1,P1,,,,
BATCH-19,B3-0574,S-01843,3,574,全场,全场,quánchǎng,the whole audience,,,unique,False,1,P1,,,,
BATCH-19,B3-0575,S-01844,3,575,全面,全面,quánmiàn,comprehensive,,,unique,False,1,P1,,,,
BATCH-19,B3-0576,S-01845,3,576,全球,全球,quán qiú,global; the whole world,,,unique,False,1,P1,,,,
BATCH-19,B3-0577,S-01846,3,577,缺,缺,quē,be short of; lack,,,unique,False,1,P1,,,,
BATCH-19,B3-0578,S-01847,3,578,缺点,缺点,quēdiǎn,shortcoming,,,unique,False,1,P1,,,,
BATCH-19,B3-0579,S-01848,3,579,缺少,缺少,quēshǎo,Lack,,,unique,False,1,P1,,,,
BATCH-19,B3-0580,S-01849,3,580,确保,确保,quèbǎo,ensure,,,unique,False,1,P1,,,,
BATCH-19,B3-0581,S-01850,3,581,确定,确定,quèdìng,Determine,,,unique,False,1,P1,,,,
BATCH-19,B3-0582,S-01851,3,582,确实,确实,quèshí,Exactly,,,unique,False,1,P1,,,,
BATCH-19,B3-0583,S-01852,3,583,裙子,裙子,qúnzi,skirt,,,unique,False,1,P1,,,,
BATCH-20,B3-0584,S-01853,3,584,群,群,qún,group,,,unique,False,1,P1,,,,
BATCH-20,B3-0585,S-01854,3,585,热爱,热爱,rè’ài,Ardently love,,,unique,False,1,P1,,,,
BATCH-20,B3-0586,S-01855,3,586,热烈,热烈,rèliè,warm,,,unique,False,1,P1,,,,
BATCH-20,B3-0587,S-01856,3,587,人才,人才,réncái,talented person,,,unique,False,1,P1,,,,
BATCH-20,B3-0588,S-01857,3,588,人工,人工,réngōng,artificial,,,unique,False,1,P1,,,,
BATCH-20,B3-0589,S-01858,3,589,人类,人类,rénlèi,Human beings,,,unique,False,1,P1,,,,
BATCH-20,B3-0590,S-01859,3,590,人民,人民,rén mín,people,,,unique,False,1,P1,,,,
BATCH-20,B3-0591,S-01860,3,591,人民币,人民币,rénmínbì,RMB,,,unique,False,1,P1,,,,
BATCH-20,B3-0592,S-01861,3,592,人群,人群,rén qún,crowd; throng,,,unique,False,1,P1,,,,
BATCH-20,B3-0593,S-01862,3,593,人生,人生,rénshēng,Life,,,unique,False,1,P1,,,,
BATCH-20,B3-0594,S-01863,3,594,人员,人员,rényuán,personnel,,,unique,False,1,P1,,,,
BATCH-20,B3-0595,S-01864,3,595,认出,认出,rèn chū,recognize; identify; make out,,,unique,False,1,P1,,,,
BATCH-20,B3-0596,S-01865,3,596,认得,认得,rèndé,know; recognize,,,unique,False,1,P1,,,,
BATCH-20,B3-0597,S-01866,3,597,认可,认可,rènkě,certificate; ratify,,,unique,False,1,P1,,,,
BATCH-20,B3-0600,S-01869,3,600,任何,任何,rènhé,"whatever, any",,,unique,False,1,P1,,,,
BATCH-20,B3-0601,S-01870,3,601,任务,任务,rènwu,task,,,unique,False,1,P1,,,,
BATCH-20,B3-0602,S-01871,3,602,仍,仍,réng,still; remain; yet,,,unique,False,1,P1,,,,
BATCH-20,B3-0603,S-01872,3,603,仍然,仍然,réngrán,still,,,unique,False,1,P1,,,,
BATCH-20,B3-0604,S-01873,3,604,日常,日常,rìcháng,daily,,,unique,False,1,P1,,,,
BATCH-20,B3-0605,S-01874,3,605,容易,容易,róngyì,easily,,,unique,False,1,P1,,,,
BATCH-20,B3-0606,S-01875,3,606,如何,如何,rúhé,How,,,unique,False,1,P1,,,,
BATCH-20,B3-0607,S-01876,3,607,散步,散步,sànbù,Take a walk,,,unique,False,1,P1,,,,
BATCH-20,B3-0608,S-01877,3,608,沙发,沙发,shāfā,Sofa,,,unique,False,1,P1,,,,
BATCH-20,B3-0609,S-01878,3,609,沙子,沙子,shāzi,sand; grit,,,unique,False,1,P1,,,,
BATCH-20,B3-0610,S-01879,3,610,伤,伤,shāng,hurt; be harmful; be distressed; get sick of,,,unique,False,1,P1,,,,
BATCH-20,B3-0611,S-01880,3,611,伤心,伤心,shāngxīn,Sad,,,unique,False,1,P1,,,,
BATCH-20,B3-0612,S-01881,3,612,商品,商品,shāngpǐn,commodity,,,unique,False,1,P1,,,,
BATCH-20,B3-0613,S-01882,3,613,商业,商业,shāngyè,business,,,unique,False,1,P1,,,,
BATCH-20,B3-0614,S-01883,3,614,上来,上来,shànglái,come up,,,unique,False,1,P1,,,,
BATCH-20,B3-0615,S-01884,3,615,上面,上面,shàngmiàn,above; on top of,,,unique,False,1,P1,,,,
BATCH-20,B3-0616,S-01885,3,616,上去,上去,shàngqù,go up,,,unique,False,1,P1,,,,
BATCH-20,B3-0617,S-01886,3,617,上升,上升,shàngshēng,rise; go up,,,unique,False,1,P1,,,,
BATCH-20,B3-0618,S-01887,3,618,上衣,上衣,shàngyī,upper outer garment; jacket; coat,,,unique,False,1,P1,,,,
BATCH-20,B3-0619,S-01888,3,619,设备,设备,shèbèi,equipment,,,unique,False,1,P1,,,,
BATCH-20,B3-0620,S-01889,3,620,设计,设计,shèjì,Design,,,unique,False,1,P1,,,,
BATCH-20,B3-0621,S-01890,3,621,设立,设立,shèlì,Establish,,,unique,False,1,P1,,,,
BATCH-20,B3-0622,S-01891,3,622,社会,社会,shèhuì,Socioty,,,unique,False,1,P1,,,,
BATCH-20,B3-0623,S-01892,3,623,身份证,身份证,shēn fèn zhèng,ID card,,,unique,False,1,P1,,,,
BATCH-20,B3-0624,S-01893,3,624,深,深,shēn,deep,,,unique,False,1,P1,,,,
BATCH-20,B3-0625,S-01894,3,625,深刻,深刻,shēnkè,profound,,,unique,False,1,P1,,,,
BATCH-20,B3-0626,S-01895,3,626,深入,深入,shēn rù,go deep into; thorough,,,unique,False,1,P1,,,,
BATCH-20,B3-0627,S-01896,3,627,升,升,shēng,rise,,,unique,False,1,P1,,,,
BATCH-20,B3-0629,S-01898,3,629,生产,生产,shēngchǎn,production,,,unique,False,1,P1,,,,
BATCH-20,B3-0630,S-01899,3,630,生存,生存,shēngcún,Existence,,,unique,False,1,P1,,,,
BATCH-20,B3-0631,S-01900,3,631,生动,生动,shēngdòng,vivid,,,unique,False,1,P1,,,,
BATCH-20,B3-0632,S-01901,3,632,生命,生命,shēngmìng,life,,,unique,False,1,P1,,,,
BATCH-20,B3-0633,S-01902,3,633,生意,生意,shēngyi,business,,,unique,False,1,P1,,,,
BATCH-20,B3-0634,S-01903,3,634,生长,生长,shēngzhǎng,grow,,,unique,False,1,P1,,,,
BATCH-20,B3-0635,S-01904,3,635,声明,声明,shēngmíng,statement,,,unique,False,1,P1,,,,
BATCH-20,B3-0636,S-01905,3,636,胜,胜,shèng,win; defeat; beat; can bear; be superior,,,unique,False,1,P1,,,,
BATCH-20,B3-0637,S-01906,3,637,胜利,胜利,shènglì,victory,,,unique,False,1,P1,,,,
BATCH-20,B3-0638,S-01907,3,638,失去,失去,shīqù,Lose,,,unique,False,1,P1,,,,
BATCH-20,B3-0639,S-01908,3,639,石头,石头,shítou,stone,,,unique,False,1,P1,,,,
BATCH-20,B3-0640,S-01909,3,640,石油,石油,shíyóu,petroleum,,,unique,False,1,P1,,,,
BATCH-20,B3-0641,S-01910,3,641,时,时,shí,time; times; hour; season; tense,,,unique,False,1,P1,,,,
BATCH-20,B3-0642,S-01911,3,642,时代,时代,shídài,times,,,unique,False,1,P1,,,,
BATCH-20,B3-0643,S-01912,3,643,时刻,时刻,shíkè,time,,,unique,False,1,P1,,,,
BATCH-20,B3-0644,S-01913,3,644,实际上,实际上,shí jìshàng,actually,,,unique,False,1,P1,,,,
BATCH-20,B3-0645,S-01914,3,645,实力,实力,shílì,Strength,,,unique,False,1,P1,,,,
BATCH-20,B3-0646,S-01915,3,646,实行,实行,shíxíng,Implement,,,unique,False,1,P1,,,,
BATCH-20,B3-0647,S-01916,3,647,实验,实验,shíyàn,Experiment,,,unique,False,1,P1,,,,
BATCH-20,B3-0648,S-01917,3,648,实验室,实验室,shí yàn shì,laboratory,,,unique,False,1,P1,,,,
BATCH-20,B3-0649,S-01918,3,649,食品,食品,shípǐn,food; foodstuff,,,unique,False,1,P1,,,,
BATCH-20,B3-0650,S-01919,3,650,使,使,shǐ,make,,,unique,False,1,P1,,,,
BATCH-20,B3-0651,S-01920,3,651,始终,始终,shǐzhōng,Throughout,,,unique,False,1,P1,,,,
BATCH-20,B3-0652,S-01921,3,652,世纪,世纪,shìjì,century,,,unique,False,1,P1,,,,
BATCH-20,B3-0653,S-01922,3,653,世界,世界,shìjiè,world,,,unique,False,1,P1,,,,
BATCH-20,B3-0654,S-01923,3,654,世界杯,世界杯,shì jiè bēi,World Cup,,,unique,False,1,P1,,,,
BATCH-20,B3-0655,S-01924,3,655,市场,市场,shìchǎng,market,,,unique,False,1,P1,,,,
BATCH-20,B3-0656,S-01925,3,656,事故,事故,shìgù,Accident,,,unique,False,1,P1,,,,
BATCH-20,B3-0657,S-01926,3,657,事件,事件,shìjiàn,Event,,,unique,False,1,P1,,,,
BATCH-20,B3-0658,S-01927,3,658,事实,事实,shìshí,Fact,,,unique,False,1,P1,,,,
BATCH-20,B3-0659,S-01928,3,659,事实上,事实上,shì shíshàng,in fact; actually,,,unique,False,1,P1,,,,
BATCH-20,B3-0660,S-01929,3,660,事业,事业,shìyè,career,,,unique,False,1,P1,,,,
BATCH-20,B3-0661,S-01930,3,661,试题,试题,shì tí,test questions,,,unique,False,1,P1,,,,
BATCH-20,B3-0662,S-01931,3,662,试验,试验,shìyàn,test,,,unique,False,1,P1,,,,
BATCH-20,B3-0663,S-01932,3,663,适合,适合,shìhé,Fit,,,unique,False,1,P1,,,,
BATCH-20,B3-0664,S-01933,3,664,适应,适应,shìyìng,Adapt,,,unique,False,1,P1,,,,
BATCH-20,B3-0665,S-01934,3,665,适用,适用,shì yòng,be applicable; be suitable,,,unique,False,1,P1,,,,
BATCH-20,B3-0666,S-01935,3,666,室,室,shì,room,,,unique,False,1,P1,,,,
BATCH-20,B3-0667,S-01936,3,667,收费,收费,shōu fèi,collect fees; charge,,,unique,False,1,P1,,,,
BATCH-20,B3-0668,S-01937,3,668,收看,收看,shōukàn,watch,,,unique,False,1,P1,,,,
BATCH-20,B3-0669,S-01938,3,669,收听,收听,shōu tīng,listen to; listen in,,,unique,False,1,P1,,,,
BATCH-20,B3-0670,S-01939,3,670,收音机,收音机,shōuyīnjī,radio,,,unique,False,1,P1,,,,
BATCH-20,B3-0671,S-01940,3,671,手续,手续,shǒuxù,procedures,,,unique,False,1,P1,,,,
BATCH-20,B3-0672,S-01941,3,672,手指,手指,shǒuzhǐ,finger,,,unique,False,1,P1,,,,
BATCH-20,B3-0673,S-01942,3,673,首都,首都,shǒudū,capital,,,unique,False,1,P1,,,,
BATCH-20,B3-0674,S-01943,3,674,首先,首先,shǒuxiān,First,,,unique,False,1,P1,,,,
BATCH-20,B3-0675,S-01944,3,675,受,受,shòu,be subjecte; suffer; receive; accept; stand,,,unique,False,1,P1,,,,
BATCH-20,B3-0676,S-01945,3,676,受伤,受伤,shòushāng,Injured,,,unique,False,1,P1,,,,
BATCH-20,B3-0677,S-01946,3,677,书架,书架,shūjià,bookshelf,,,unique,False,1,P1,,,,
BATCH-20,B3-0678,S-01947,3,678,输,输,shū,lose,,,unique,False,1,P1,,,,
BATCH-20,B3-0679,S-01948,3,679,输入,输入,shūrù,import; input,,,unique,False,1,P1,,,,
BATCH-20,B3-0680,S-01949,3,680,熟人,熟人,shúrén,acquaintance be born in the year of (one of the twelve,,,unique,False,1,P1,,,,
BATCH-20,B3-0681,S-01950,3,681,属,属,shǔ,animals); belong,,,unique,False,1,P1,,,,
BATCH-20,B3-0682,S-01951,3,682,属于,属于,shǔyú,belong to,,,unique,False,1,P1,,,,
BATCH-20,B3-0683,S-01952,3,683,束,束,shù,beam,,,unique,False,1,P1,,,,
BATCH-20,B3-0684,S-01953,3,684,数量,数量,shùliàng,quantity,,,unique,False,1,P1,,,,
BATCH-20,B3-0685,S-01954,3,685,双,双,shuāng,double,,,unique,False,1,P1,,,,
BATCH-20,B3-0686,S-01955,3,686,双方,双方,shuāngfāng,both sides,,,unique,False,1,P1,,,,
BATCH-21,B3-0687,S-01956,3,687,思想,思想,sīxiǎng,thought,,,unique,False,1,P1,,,,
BATCH-21,B3-0688,S-01957,3,688,死,死,sǐ,die,,,unique,False,1,P1,,,,
BATCH-21,B3-0689,S-01958,3,689,速度,速度,sùdù,speed,,,unique,False,1,P1,,,,
BATCH-21,B3-0690,S-01959,3,690,随,随,suí,follow; comply with; adapt,,,unique,False,1,P1,,,,
BATCH-21,B3-0692,S-01961,3,692,所长,所长,suǒzhǎng,superintendent,,,unique,False,1,P1,,,,
BATCH-21,B3-0693,S-01962,3,693,台,台,tái,platform,,,unique,False,1,P1,,,,
BATCH-21,B3-0694,S-01963,3,694,谈,谈,tán,talk,,,unique,False,1,P1,,,,
BATCH-21,B3-0695,S-01964,3,695,谈话,谈话,tán huà,conversation; talk; chat,,,unique,False,1,P1,,,,
BATCH-21,B3-0696,S-01965,3,696,谈判,谈判,tánpàn,negotiation,,,unique,False,1,P1,,,,
BATCH-21,B3-0697,S-01966,3,697,汤,汤,tāng,soup,,,unique,False,1,P1,,,,
BATCH-21,B3-0698,S-01967,3,698,糖,糖,táng,sugar,,,unique,False,1,P1,,,,
BATCH-21,B3-0699,S-01968,3,699,特色,特色,tèsè,characteristic,,,unique,False,1,P1,,,,
BATCH-21,B3-0700,S-01969,3,700,提前,提前,tíqián,Advance,,,unique,False,1,P1,,,,
BATCH-21,B3-0701,S-01970,3,701,提问,提问,tíwèn,Put questions to,,,unique,False,1,P1,,,,
BATCH-21,B3-0702,S-01971,3,702,题目,题目,tímù,subject,,,unique,False,1,P1,,,,
BATCH-21,B3-0703,S-01972,3,703,体会,体会,tǐhuì,Experience,,,unique,False,1,P1,,,,
BATCH-21,B3-0704,S-01973,3,704,体现,体现,tǐxiàn,Reflect,,,unique,False,1,P1,,,,
BATCH-21,B3-0705,S-01974,3,705,体验,体验,tǐyàn,experience; taste,,,unique,False,1,P1,,,,
BATCH-21,B3-0706,S-01975,3,706,天空,天空,tiānkōng,sky,,,unique,False,1,P1,,,,
BATCH-21,B3-0707,S-01976,3,707,甜,甜,tián,sweet,,,unique,False,1,P1,,,,
BATCH-21,B3-0708,S-01977,3,708,调,调,tiáo,suit well; mix; adjust; fit in perfectly,,,unique,False,1,P1,,,,
BATCH-21,B3-0709,S-01978,3,709,调整,调整,tiáozhěng,adjustment,,,unique,False,1,P1,,,,
BATCH-21,B3-0710,S-01979,3,710,跳,跳,tiào,jump; leap; skip; bounce,,,unique,False,1,P1,,,,
BATCH-21,B3-0711,S-01980,3,711,跳高,跳高,tiào gāo,high jump,,,unique,False,1,P1,,,,
BATCH-21,B3-0712,S-01981,3,712,跳舞,跳舞,tiàowǔ,dance,,,unique,False,1,P1,,,,
BATCH-21,B3-0713,S-01982,3,713,跳远,跳远,tiào yuǎn,long jump; broad jump,,,unique,False,1,P1,,,,
BATCH-21,B3-0714,S-01983,3,714,铁,铁,tiě,iron,,,unique,False,1,P1,,,,
BATCH-21,B3-0715,S-01984,3,715,铁路,铁路,tiě lù,railway; railroad,,,unique,False,1,P1,,,,
BATCH-21,B3-0716,S-01985,3,716,听力,听力,tīng lì,hearing; aural comprehension,,,unique,False,1,P1,,,,
BATCH-21,B3-0717,S-01986,3,717,听众,听众,tīng zhòng,audience; listeners,,,unique,False,1,P1,,,,
BATCH-21,B3-0718,S-01987,3,718,停止,停止,tíng zhǐ,stop; cease; suspend; call off; halt,,,unique,False,1,P1,,,,
BATCH-21,B3-0719,S-01988,3,719,通常,通常,tōngcháng,usually,,,unique,False,1,P1,,,,
BATCH-21,B3-0720,S-01989,3,720,通信,通信,tōngxìn,communicate; correspond,,,unique,False,1,P1,,,,
BATCH-21,B3-0721,S-01990,3,721,同意,同意,tóngyì,Agree,,,unique,False,1,P1,,,,
BATCH-21,B3-0723,S-01992,3,723,痛苦,痛苦,tòngkǔ,Pain,,,unique,False,1,P1,,,,
BATCH-21,B3-0725,S-01994,3,725,头脑,头脑,tóunǎo,mind; brain,,,unique,False,1,P1,,,,
BATCH-21,B3-0726,S-01995,3,726,突出,突出,tūchū,prominent,,,unique,False,1,P1,,,,
BATCH-21,B3-0727,S-01996,3,727,突然,突然,tūrán,suddenly,,,unique,False,1,P1,,,,
BATCH-21,B3-0728,S-01997,3,728,图,图,tú,picture; chart; drawing; scheme; intention,,,unique,False,1,P1,,,,
BATCH-21,B3-0729,S-01998,3,729,图画,图画,tú huà,drawing; picture; painting,,,unique,False,1,P1,,,,
BATCH-21,B3-0731,S-02000,3,731,团,团,tuán,group,,,unique,False,1,P1,,,,
BATCH-21,B3-0732,S-02001,3,732,团结,团结,tuánjié,Unite,,,unique,False,1,P1,,,,
BATCH-21,B3-0733,S-02002,3,733,团体,团体,tuántǐ,group,,,unique,False,1,P1,,,,
BATCH-21,B3-0734,S-02003,3,734,推动,推动,tuī dòng,promote; push forward; give impetus to,,,unique,False,1,P1,,,,
BATCH-21,B3-0735,S-02004,3,735,推广,推广,tuīguǎng,Extension advance; carry forward; push on; give,,,unique,False,1,P1,,,,
BATCH-21,B3-0736,S-02005,3,736,推进,推进,tuī jìn,impetus to,,,unique,False,1,P1,,,,
BATCH-21,B3-0737,S-02006,3,737,推开,推开,tuī kāi,push away,,,unique,False,1,P1,,,,
BATCH-21,B3-0738,S-02007,3,738,退,退,tuì,retreat,,,unique,False,1,P1,,,,
BATCH-21,B3-0739,S-02008,3,739,退出,退出,tuì chū,drop out; quit; withdraw,,,unique,False,1,P1,,,,
BATCH-21,B3-0740,S-02009,3,740,退休,退休,tuìxiū,retire,,,unique,False,1,P1,,,,
BATCH-21,B3-0741,S-02010,3,741,外交,外交,wàijiāo,diplomacy,,,unique,False,1,P1,,,,
BATCH-21,B3-0742,S-02011,3,742,外面,外面,wài miàn,outside; outdoors; outward appearance,,,unique,False,1,P1,,,,
BATCH-21,B3-0743,S-02012,3,743,外文,外文,wài wén,foreign language,,,unique,False,1,P1,,,,
BATCH-21,B3-0744,S-02013,3,744,完美,完美,wánměi,perfect,,,unique,False,1,P1,,,,
BATCH-21,B3-0745,S-02014,3,745,完善,完善,wánshàn,"perfect, consummate",,,unique,False,1,P1,,,,
BATCH-21,B3-0746,S-02015,3,746,完整,完整,wánzhěng,complete,,,unique,False,1,P1,,,,
BATCH-21,B3-0747,S-02016,3,747,玩具,玩具,wánjù,Toys,,,unique,False,1,P1,,,,
BATCH-21,B3-0748,S-02017,3,748,往往,往往,wǎngwǎng,Often,,,unique,False,1,P1,,,,
BATCH-21,B3-0749,S-02018,3,749,危害,危害,wēihài,Harm,,,unique,False,1,P1,,,,
BATCH-21,B3-0750,S-02019,3,750,危险,危险,wēixiǎn,danger,,,unique,False,1,P1,,,,
BATCH-21,B3-0753,S-02022,3,753,围,围,wéi,enclose; surround; circle,,,unique,False,1,P1,,,,
BATCH-21,B3-0754,S-02023,3,754,伟大,伟大,wěidà,great,,,unique,False,1,P1,,,,
BATCH-21,B3-0755,S-02024,3,755,卫生,卫生,wèi shēng,hygiene; health; sanitation,,,unique,False,1,P1,,,,
BATCH-21,B3-0756,S-02025,3,756,卫生间,卫生间,wèishēngjiān,toilet,,,unique,False,1,P1,,,,
BATCH-21,B3-0757,S-02026,3,757,为了,为了,wèile,in order to,,,unique,False,1,P1,,,,
BATCH-21,B3-0758,S-02027,3,758,温暖,温暖,wēnnuǎn,warm,,,unique,False,1,P1,,,,
BATCH-21,B3-0759,S-02028,3,759,文化,文化,wénhuà,Culture,,,unique,False,1,P1,,,,
BATCH-21,B3-0760,S-02029,3,760,文件,文件,wénjiàn,file,,,unique,False,1,P1,,,,
BATCH-21,B3-0761,S-02030,3,761,文明,文明,wénmíng,civilization,,,unique,False,1,P1,,,,
BATCH-21,B3-0762,S-02031,3,762,文学,文学,wénxué,literature,,,unique,False,1,P1,,,,
BATCH-21,B3-0763,S-02032,3,763,文章,文章,wénzhāng,Article,,,unique,False,1,P1,,,,
BATCH-21,B3-0764,S-02033,3,764,文字,文字,wénzì,"writing, character",,,unique,False,1,P1,,,,
BATCH-21,B3-0765,S-02034,3,765,握手,握手,wòshǒu,Handshake,,,unique,False,1,P1,,,,
BATCH-21,B3-0766,S-02035,3,766,屋子,屋子,wūzi,House,,,unique,False,1,P1,,,,
BATCH-21,B3-0767,S-02036,3,767,武器,武器,wǔqì,arms,,,unique,False,1,P1,,,,
BATCH-21,B3-0768,S-02037,3,768,武术,武术,wǔshù,A martial art,,,unique,False,1,P1,,,,
BATCH-21,B3-0769,S-02038,3,769,舞台,舞台,wǔtái,stage; arena,,,unique,False,1,P1,,,,
BATCH-21,B3-0770,S-02039,3,770,西部,西部,xī bù,west,,,unique,False,1,P1,,,,
BATCH-21,B3-0771,S-02040,3,771,希望,希望,xīwàng,hope,,,unique,False,1,P1,,,,
BATCH-21,B3-0773,S-02042,3,773,下来,下来,xià lái,come down; get down,,,unique,False,1,P1,,,,
BATCH-21,B3-0774,S-02043,3,774,下面,下面,xià miàn,below; under; next,,,unique,False,1,P1,,,,
BATCH-21,B3-0775,S-02044,3,775,下去,下去,xià qù,go down; descend; go on; continue,,,unique,False,1,P1,,,,
BATCH-21,B3-0776,S-02045,3,776,先进,先进,xiānjìn,advanced,,,unique,False,1,P1,,,,
BATCH-21,B3-0777,S-02046,3,777,显得,显得,xiǎnde,Appear,,,unique,False,1,P1,,,,
BATCH-21,B3-0778,S-02047,3,778,显然,显然,xiǎnrán,Obviously,,,unique,False,1,P1,,,,
BATCH-21,B3-0779,S-02048,3,779,显示,显示,xiǎnshì,display,,,unique,False,1,P1,,,,
BATCH-21,B3-0780,S-02049,3,780,现场,现场,xiànchǎng,scene,,,unique,False,1,P1,,,,
BATCH-21,B3-0781,S-02050,3,781,现代,现代,xiàndài,modern,,,unique,False,1,P1,,,,
BATCH-21,B3-0782,S-02051,3,782,现金,现金,xiànjīn,cash,,,unique,False,1,P1,,,,
BATCH-21,B3-0783,S-02052,3,783,现实,现实,xiànshí,reality,,,unique,False,1,P1,,,,
BATCH-21,B3-0784,S-02053,3,784,现象,现象,xiànxiàng,phenomenon,,,unique,False,1,P1,,,,
BATCH-21,B3-0785,S-02054,3,785,线,线,xiàn,thread; string; wire; line; route,,,unique,False,1,P1,,,,
BATCH-21,B3-0786,S-02055,3,786,相比,相比,xiāngbǐ,compare; compare to,,,unique,False,1,P1,,,,
BATCH-21,B3-0787,S-02056,3,787,相当,相当,xiāngdāng,Quite,,,unique,False,1,P1,,,,
BATCH-21,B3-0788,S-02057,3,788,相关,相关,xiāngguān,correlate,,,unique,False,1,P1,,,,
BATCH-21,B3-0789,S-02058,3,789,相互,相互,xiānghù,mutual; reciprocal; each other,,,unique,False,1,P1,,,,
BATCH-21,B3-0790,S-02059,3,790,相似,相似,xiāngsì,Be similar,,,unique,False,1,P1,,,,
BATCH-21,B3-0791,S-02060,3,791,香,香,xiāng,fragrant,,,unique,False,1,P1,,,,
BATCH-21,B3-0792,S-02061,3,792,香蕉,香蕉,xiāngjiāo,Banana,,,unique,False,1,P1,,,,
BATCH-21,B3-0793,S-02062,3,793,消费,消费,xiāofèi,consumption,,,unique,False,1,P1,,,,
BATCH-22,B3-0794,S-02063,3,794,消失,消失,xiāoshī,disappear,,,unique,False,1,P1,,,,
BATCH-22,B3-0795,S-02064,3,795,消息,消息,xiāoxi,message,,,unique,False,1,P1,,,,
BATCH-22,B3-0796,S-02065,3,796,效果,效果,xiàoguǒ,Effect,,,unique,False,1,P1,,,,
BATCH-22,B3-0797,S-02066,3,797,写作,写作,xiězuò,writing,,,unique,False,1,P1,,,,
BATCH-22,B3-0798,S-02067,3,798,血,血,xuè,blood,,,unique,False,1,P1,,,,
BATCH-22,B3-0799,S-02068,3,799,心,心,xīn,heart; feeling; centre; core,,,unique,False,1,P1,,,,
BATCH-22,B3-0801,S-02070,3,801,信封,信封,xìnfēng,envelope,,,unique,False,1,P1,,,,
BATCH-22,B3-0802,S-02071,3,802,信任,信任,xìnrèn,trust,,,unique,False,1,P1,,,,
BATCH-22,B3-0803,S-02072,3,803,行李,行李,xínglǐ,luggage; baggage,,,unique,False,1,P1,,,,
BATCH-22,B3-0804,S-02073,3,804,形成,形成,xíngchéng,formation,,,unique,False,1,P1,,,,
BATCH-22,B3-0805,S-02074,3,805,形式,形式,xíngshì,form,,,unique,False,1,P1,,,,
BATCH-22,B3-0806,S-02075,3,806,形象,形象,xíngxiàng,image,,,unique,False,1,P1,,,,
BATCH-22,B3-0807,S-02076,3,807,形状,形状,xíngzhuàng,shape,,,unique,False,1,P1,,,,
BATCH-22,B3-0808,S-02077,3,808,幸福,幸福,xìngfú,happiness,,,unique,False,1,P1,,,,
BATCH-22,B3-0809,S-02078,3,809,幸运,幸运,xìngyùn,Lucky,,,unique,False,1,P1,,,,
BATCH-22,B3-0810,S-02079,3,810,性,性,xìng （jī jí xìng）,as a suffix (positivity),,,unique,False,1,P1,,,,
BATCH-22,B3-0811,S-02080,3,811,性别,性别,xìngbié,Gender,,,unique,False,1,P1,,,,
BATCH-22,B3-0812,S-02081,3,812,性格,性格,xìnggé,character,,,unique,False,1,P1,,,,
BATCH-22,B3-0813,S-02082,3,813,修,修,xiū,repair; build; embellish; study,,,unique,False,1,P1,,,,
BATCH-22,B3-0814,S-02083,3,814,修改,修改,xiūgǎi,modify,,,unique,False,1,P1,,,,
BATCH-22,B3-0815,S-02084,3,815,需求,需求,xūqiú,demand,,,unique,False,1,P1,,,,
BATCH-22,B3-0816,S-02085,3,816,需要,需要,xūyào,Need,,,unique,False,1,P1,,,,
BATCH-22,B3-0817,S-02086,3,817,宣布,宣布,xuānbù,Announce,,,unique,False,1,P1,,,,
BATCH-22,B3-0818,S-02087,3,818,宣传,宣传,xuānchuán,Propaganda,,,unique,False,1,P1,,,,
BATCH-22,B3-0819,S-02088,3,819,选手,选手,xuǎnshǒu,Player,,,unique,False,1,P1,,,,
BATCH-22,B3-0820,S-02089,3,820,学费,学费,xué fèi,tuition fee; tuition; school fee,,,unique,False,1,P1,,,,
BATCH-22,B3-0821,S-02090,3,821,训练,训练,xùnliàn,train,,,unique,False,1,P1,,,,
BATCH-22,B3-0822,S-02091,3,822,压,压,yā,press; push; keep under control; bear down,,,unique,False,1,P1,,,,
BATCH-22,B3-0823,S-02092,3,823,压力,压力,yālì,pressure,,,unique,False,1,P1,,,,
BATCH-22,B3-0824,S-02093,3,824,烟,烟,yān,smoke; tobacco; be irritated by smoke,,,unique,False,1,P1,,,,
BATCH-22,B3-0825,S-02094,3,825,眼前,眼前,yǎn qián,now; at the moment; before one’s eyes,,,unique,False,1,P1,,,,
BATCH-22,B3-0826,S-02095,3,826,演,演,yǎn,play; act; perform,,,unique,False,1,P1,,,,
BATCH-22,B3-0827,S-02096,3,827,演唱,演唱,yǎn chàng,sing,,,unique,False,1,P1,,,,
BATCH-22,B3-0828,S-02097,3,828,演唱会,演唱会,yǎn chànghuì,concert,,,unique,False,1,P1,,,,
BATCH-22,B3-0829,S-02098,3,829,演出,演出,yǎnchū,show,,,unique,False,1,P1,,,,
BATCH-22,B3-0830,S-02099,3,830,演员,演员,yǎnyuán,"performer, actor",,,unique,False,1,P1,,,,
BATCH-22,B3-0831,S-02100,3,831,羊,羊,yáng,sheep,,,unique,False,1,P1,,,,
BATCH-22,B3-0832,S-02101,3,832,阳光,阳光,yángguāng,Sunshine,,,unique,False,1,P1,,,,
BATCH-22,B3-0833,S-02102,3,833,要是,要是,yàoshi,If,,,unique,False,1,P1,,,,
BATCH-22,B3-0834,S-02103,3,834,衣架,衣架,yī jià,hanger; clothes stand; clothes tree,,,unique,False,1,P1,,,,
BATCH-22,B3-0835,S-02104,3,835,一切,一切,yíqiè,everything,,,unique,False,1,P1,,,,
BATCH-22,B3-0836,S-02105,3,836,已,已,yǐ,already; afterwards,,,unique,False,1,P1,,,,
BATCH-22,B3-0837,S-02106,3,837,以来,以来,yǐlái,Since,,,unique,False,1,P1,,,,
BATCH-22,B3-0838,S-02107,3,838,一方面,一方面,yì fāng miàn,on the one hand,,,unique,False,1,P1,,,,
BATCH-22,B3-0839,S-02108,3,839,艺术,艺术,yìshù,Art,,,unique,False,1,P1,,,,
BATCH-22,B3-0840,S-02109,3,840,意外,意外,yìwài,Accident,,,unique,False,1,P1,,,,
BATCH-22,B3-0841,S-02110,3,841,意义,意义,yìyì,Significance,,,unique,False,1,P1,,,,
BATCH-22,B3-0842,S-02111,3,842,因此,因此,yīncǐ,therefore,,,unique,False,1,P1,,,,
BATCH-22,B3-0843,S-02112,3,843,银,银,yín,silver,,,unique,False,1,P1,,,,
BATCH-22,B3-0844,S-02113,3,844,银牌,银牌,yín pái,silver medal,,,unique,False,1,P1,,,,
BATCH-22,B3-0845,S-02114,3,845,印象,印象,yìnxiàng,impression,,,unique,False,1,P1,,,,
BATCH-22,B3-0846,S-02115,3,846,应当,应当,yīngdāng,should; ought to,,,unique,False,1,P1,,,,
BATCH-22,B3-0847,S-02116,3,847,迎接,迎接,yíngjiē,"meet, pick, welcome",,,unique,False,1,P1,,,,
BATCH-22,B3-0848,S-02117,3,848,营养,营养,yíngyǎng,Nutrition,,,unique,False,1,P1,,,,
BATCH-22,B3-0849,S-02118,3,849,赢,赢,yíng,win,,,unique,False,1,P1,,,,
BATCH-22,B3-0850,S-02119,3,850,影视,影视,yǐng shì,film and television,,,unique,False,1,P1,,,,
BATCH-22,B3-0851,S-02120,3,851,应用,应用,yìngyòng,application,,,unique,False,1,P1,,,,
BATCH-22,B3-0852,S-02121,3,852,优点,优点,yōudiǎn,Advantage,,,unique,False,1,P1,,,,
BATCH-22,B3-0853,S-02122,3,853,优势,优势,yōushì,advantage,,,unique,False,1,P1,,,,
BATCH-22,B3-0854,S-02123,3,854,由,由,yóu,from,,,unique,False,1,P1,,,,
BATCH-22,B3-0855,S-02124,3,855,由于,由于,yóuyú,Because,,,unique,False,1,P1,,,,
BATCH-22,B3-0856,S-02125,3,856,邮件,邮件,yóu jiàn,mail; post; postal matter,,,unique,False,1,P1,,,,
BATCH-22,B3-0857,S-02126,3,857,邮票,邮票,yóu piào,postage stamp; stamp,,,unique,False,1,P1,,,,
BATCH-22,B3-0858,S-02127,3,858,邮箱,邮箱,yóu xiāng,postbox; mailbox,,,unique,False,1,P1,,,,
BATCH-22,B3-0859,S-02128,3,859,游,游,yóu,swim; wander; travel; tour,,,unique,False,1,P1,,,,
BATCH-22,B3-0860,S-02129,3,860,游戏,游戏,yóuxì,Game,,,unique,False,1,P1,,,,
BATCH-22,B3-0861,S-02130,3,861,游泳,游泳,yóuyǒng,Swimming,,,unique,False,1,P1,,,,
BATCH-22,B3-0862,S-02131,3,862,有的是,有的是,yǒudeshì,have plenty of; there’s no lack of,,,unique,False,1,P1,,,,
BATCH-22,B3-0863,S-02132,3,863,有利,有利,yǒulì,favourable; beneficial,,,unique,False,1,P1,,,,
BATCH-22,B3-0864,S-02133,3,864,有效,有效,yǒuxiào,effective; valid,,,unique,False,1,P1,,,,
BATCH-22,B3-0865,S-02134,3,865,预报,预报,yùbào,prediction,,,unique,False,1,P1,,,,
BATCH-22,B3-0866,S-02135,3,866,预防,预防,yùfáng,Prevention,,,unique,False,1,P1,,,,
BATCH-22,B3-0867,S-02136,3,867,预计,预计,yù jì,expected; estimate,,,unique,False,1,P1,,,,
BATCH-22,B3-0868,S-02137,3,868,预习,预习,yùxí,Preview a person engaged in some field of activity,,,unique,False,1,P1,,,,
BATCH-22,B3-0869,S-02138,3,869,员,员,yuán（fúwùyuán）,(waiter; waitress; server),,,unique,False,1,P1,,,,
BATCH-22,B3-0870,S-02139,3,870,员工,员工,yuángōng,employee,,,unique,False,1,P1,,,,
BATCH-22,B3-0871,S-02140,3,871,愿望,愿望,yuànwàng,desire,,,unique,False,1,P1,,,,
BATCH-22,B3-0872,S-02141,3,872,约,约,yuē,appointment; agreement; arrange; restrict,,,unique,False,1,P1,,,,
BATCH-22,B3-0873,S-02142,3,873,乐队,乐队,yuèduì,orchestra; band,,,unique,False,1,P1,,,,
BATCH-22,B3-0874,S-02143,3,874,运输,运输,yùnshū,transport,,,unique,False,1,P1,,,,
BATCH-22,B3-0875,S-02144,3,875,杂志,杂志,zázhì,Magazine,,,unique,False,1,P1,,,,
BATCH-22,B3-0876,S-02145,3,876,早已,早已,zǎo yǐ,long ago; for a long time,,,unique,False,1,P1,,,,
BATCH-22,B3-0877,S-02146,3,877,造,造,zào,make; build; create; produce,,,unique,False,1,P1,,,,
BATCH-22,B3-0878,S-02147,3,878,造成,造成,zàochéng,cause,,,unique,False,1,P1,,,,
BATCH-22,B3-0879,S-02148,3,879,责任,责任,zérèn,responsibility,,,unique,False,1,P1,,,,
BATCH-22,B3-0880,S-02149,3,880,增加,增加,zēngjiā,increase,,,unique,False,1,P1,,,,
BATCH-22,B3-0881,S-02150,3,881,增长,增长,zēngzhǎng,increase; grow,,,unique,False,1,P1,,,,
BATCH-22,B3-0882,S-02151,3,882,展开,展开,zhǎnkāi,Open,,,unique,False,1,P1,,,,
BATCH-22,B3-0883,S-02152,3,883,张,张,zhāng,Zhang,,,unique,False,1,P1,,,,
BATCH-22,B3-0884,S-02153,3,884,照,照,zhào,reflect,,,unique,False,1,P1,,,,
BATCH-22,B3-0885,S-02154,3,885,者,者,zhě （zhì yuàn zhě） suffix (volunteer),,,,unique,False,1,P1,,,,
BATCH-22,B3-0886,S-02155,3,886,真实,真实,zhēnshí,real,,,unique,False,1,P1,,,,
BATCH-22,B3-0887,S-02156,3,887,争,争,zhēng,contend; dispute; fight; strive; vie,,,unique,False,1,P1,,,,
BATCH-22,B3-0888,S-02157,3,888,争取,争取,zhēngqǔ,strive for,,,unique,False,1,P1,,,,
BATCH-22,B3-0889,S-02158,3,889,整,整,zhěng,whole; all; entire; complete,,,unique,False,1,P1,,,,
BATCH-22,B3-0890,S-02159,3,890,整个,整个,zhěnggè,Whole,,,unique,False,1,P1,,,,
BATCH-22,B3-0891,S-02160,3,891,整理,整理,zhěnglǐ,Arrangement,,,unique,False,1,P1,,,,
BATCH-22,B3-0892,S-02161,3,892,整齐,整齐,zhěngqí,neat,,,unique,False,1,P1,,,,
BATCH-22,B3-0893,S-02162,3,893,整体,整体,zhěngtǐ,Whole,,,unique,False,1,P1,,,,
BATCH-22,B3-0894,S-02163,3,894,整天,整天,zhěng tiān,all day long,,,unique,False,1,P1,,,,
BATCH-23,B3-0895,S-02164,3,895,整整,整整,zhěng zhěng,whole; full,,,unique,False,1,P1,,,,
BATCH-23,B3-0897,S-02166,3,897,正式,正式,zhèngshì,formal,,,unique,False,1,P1,,,,
BATCH-23,B3-0898,S-02167,3,898,证,证,zhèng,certificate; proof,,,unique,False,1,P1,,,,
BATCH-23,B3-0899,S-02168,3,899,证件,证件,zhèngjiàn,Certificates,,,unique,False,1,P1,,,,
BATCH-23,B3-0900,S-02169,3,900,证据,证据,zhèngjù,evidence,,,unique,False,1,P1,,,,
BATCH-23,B3-0901,S-02170,3,901,证明,证明,zhèngmíng,Prove,,,unique,False,1,P1,,,,
BATCH-23,B3-0903,S-02172,3,903,支持,支持,zhīchí,Support,,,unique,False,1,P1,,,,
BATCH-23,B3-0904,S-02173,3,904,支付,支付,zhī fù,pay money; defray,,,unique,False,1,P1,,,,
BATCH-23,B3-0905,S-02174,3,905,只,只,zhī,single; lonely,,,same_form_different_sense_or_pos,False,1,P1,,,,
BATCH-23,B3-0906,S-02175,3,906,直,直,zhí,straight,,,unique,False,1,P1,,,,
BATCH-23,B3-0907,S-02176,3,907,直播,直播,zhíbō,on live,,,unique,False,1,P1,,,,
BATCH-23,B3-0908,S-02177,3,908,直到,直到,zhí dào,until,,,unique,False,1,P1,,,,
BATCH-23,B3-0909,S-02178,3,909,值,值,zhí,value; be worth,,,unique,False,1,P1,,,,
BATCH-23,B3-0910,S-02179,3,910,值得,值得,zhíde,Worth,,,unique,False,1,P1,,,,
BATCH-23,B3-0911,S-02180,3,911,职工,职工,zhí gōng,staff; worker,,,unique,False,1,P1,,,,
BATCH-23,B3-0912,S-02181,3,912,职业,职业,zhíyè,Occupation,,,unique,False,1,P1,,,,
BATCH-23,B3-0913,S-02182,3,913,只好,只好,zhǐhǎo,have to,,,unique,False,1,P1,,,,
BATCH-23,B3-0914,S-02183,3,914,只是,只是,zhǐshì,merely; only; just,,,unique,False,1,P1,,,,
BATCH-23,B3-0915,S-02184,3,915,只有,只有,zhǐyǒu,only,,,unique,False,1,P1,,,,
BATCH-23,B3-0916,S-02185,3,916,指,指,zhǐ,finger,,,unique,False,1,P1,,,,
BATCH-23,B3-0917,S-02186,3,917,指出,指出,zhǐ chū,point out; indicate,,,unique,False,1,P1,,,,
BATCH-23,B3-0918,S-02187,3,918,指导,指导,zhǐdǎo,guidance,,,unique,False,1,P1,,,,
BATCH-23,B3-0919,S-02188,3,919,至今,至今,zhìjīn,so far,,,unique,False,1,P1,,,,
BATCH-23,B3-0920,S-02189,3,920,至少,至少,zhìshǎo,at least,,,unique,False,1,P1,,,,
BATCH-23,B3-0921,S-02190,3,921,志愿,志愿,zhì yuàn,volunteer; aspiration; wish,,,unique,False,1,P1,,,,
BATCH-23,B3-0922,S-02191,3,922,志愿者,志愿者,zhìyuànzhě,Volunteer,,,unique,False,1,P1,,,,
BATCH-23,B3-0923,S-02192,3,923,制定,制定,zhìdìng,Formulate,,,unique,False,1,P1,,,,
BATCH-23,B3-0924,S-02193,3,924,制度,制度,zhìdù,system,,,unique,False,1,P1,,,,
BATCH-23,B3-0925,S-02194,3,925,制造,制造,zhìzào,Manufacture,,,unique,False,1,P1,,,,
BATCH-23,B3-0926,S-02195,3,926,制作,制作,zhìzuò,Make,,,unique,False,1,P1,,,,
BATCH-23,B3-0927,S-02196,3,927,中部,中部,zhōngbù,central section; middle part,,,unique,False,1,P1,,,,
BATCH-23,B3-0928,S-02197,3,928,中华民族,中华民族,zhōnghuámín zú,Chinese nation,,,unique,False,1,P1,,,,
BATCH-23,B3-0929,S-02198,3,929,终于,终于,zhōngyú,finally,,,unique,False,1,P1,,,,
BATCH-23,B3-0930,S-02199,3,930,钟,钟,zhōng,bell; clock; call bell; time,,,unique,False,1,P1,,,,
BATCH-23,B3-0932,S-02201,3,932,种子,种子,zhǒngzi,seed,,,unique,False,1,P1,,,,
BATCH-23,B3-0933,S-02202,3,933,重大,重大,zhòngdà,significant,,,unique,False,1,P1,,,,
BATCH-23,B3-0934,S-02203,3,934,周围,周围,zhōuwéi,around,,,unique,False,1,P1,,,,
BATCH-23,B3-0935,S-02204,3,935,猪,猪,zhū,pig,,,unique,False,1,P1,,,,
BATCH-23,B3-0936,S-02205,3,936,主持,主持,zhǔchí,Host,,,unique,False,1,P1,,,,
BATCH-23,B3-0937,S-02206,3,937,主动,主动,zhǔdòng,active,,,unique,False,1,P1,,,,
BATCH-23,B3-0938,S-02207,3,938,主任,主任,zhǔrèn,Headmaster,,,unique,False,1,P1,,,,
BATCH-23,B3-0939,S-02208,3,939,主意,主意,zhǔyi,idea,,,unique,False,1,P1,,,,
BATCH-23,B3-0940,S-02209,3,940,主张,主张,zhǔzhāng,opinion,,,unique,False,1,P1,,,,
BATCH-23,B3-0941,S-02210,3,941,注意,注意,zhùyì,Be careful,,,unique,False,1,P1,,,,
BATCH-23,B3-0942,S-02211,3,942,祝,祝,zhù,express good wishes; wish,,,unique,False,1,P1,,,,
BATCH-23,B3-0943,S-02212,3,943,抓,抓,zhuā,grab,,,unique,False,1,P1,,,,
BATCH-23,B3-0944,S-02213,3,944,抓住,抓住,zhuā zhù,catch; catch hold of; grip; capture,,,unique,False,1,P1,,,,
BATCH-23,B3-0945,S-02214,3,945,专家,专家,zhuānjiā,expert,,,unique,False,1,P1,,,,
BATCH-23,B3-0946,S-02215,3,946,专门,专门,zhuānmén,specialized,,,unique,False,1,P1,,,,
BATCH-23,B3-0947,S-02216,3,947,专题,专题,zhuāntí,special collection,,,unique,False,1,P1,,,,
BATCH-23,B3-0948,S-02217,3,948,专业,专业,zhuānyè,major,,,unique,False,1,P1,,,,
BATCH-23,B3-0949,S-02218,3,949,转,转,zhuàn,turn,,,unique,False,1,P1,,,,
BATCH-23,B3-0950,S-02219,3,950,转变,转变,zhuǎnbiàn,change,,,unique,False,1,P1,,,,
BATCH-23,B3-0951,S-02220,3,951,状况,状况,zhuàngkuàng,status,,,unique,False,1,P1,,,,
BATCH-23,B3-0952,S-02221,3,952,状态,状态,zhuàngtài,state,,,unique,False,1,P1,,,,
BATCH-23,B3-0953,S-02222,3,953,追,追,zhuī,run after,,,unique,False,1,P1,,,,
BATCH-23,B3-0954,S-02223,3,954,准,准,zhǔn,follow; permit; allow; standard,,,unique,False,1,P1,,,,
BATCH-23,B3-0955,S-02224,3,955,资格,资格,zīgé,Qualifications,,,unique,False,1,P1,,,,
BATCH-23,B3-0956,S-02225,3,956,资金,资金,zījīn,capital,,,unique,False,1,P1,,,,
BATCH-23,B3-0957,S-02226,3,957,子女,子女,zǐnǚ,child; sons and daughters,,,unique,False,1,P1,,,,
BATCH-23,B3-0958,S-02227,3,958,自从,自从,zìcóng,Since,,,unique,False,1,P1,,,,
BATCH-23,B3-0959,S-02228,3,959,自动,自动,zìdòng,automatic,,,unique,False,1,P1,,,,
BATCH-23,B3-0960,S-02229,3,960,自觉,自觉,zìjué,Conscious,,,unique,False,1,P1,,,,
BATCH-23,B3-0961,S-02230,3,961,自然,自然,zìrán,natural,,,unique,False,1,P1,,,,
BATCH-23,B3-0962,S-02231,3,962,自身,自身,zì shēn,oneself; self,,,unique,False,1,P1,,,,
BATCH-23,B3-0963,S-02232,3,963,自主,自主,zìzhǔ,Autonomy,,,unique,False,1,P1,,,,
BATCH-23,B3-0964,S-02233,3,964,总,总,zǒng,always; consistently,,,unique,False,1,P1,,,,
BATCH-23,B3-0965,S-02234,3,965,总结,总结,zǒngjié,summary,,,unique,False,1,P1,,,,
BATCH-23,B3-0966,S-02235,3,966,总是,总是,zǒngshì,always,,,unique,False,1,P1,,,,
BATCH-23,B3-0967,S-02236,3,967,足够,足够,zú gòu,enough; ample; sufficient,,,unique,False,1,P1,,,,
BATCH-23,B3-0968,S-02237,3,968,足球,足球,zú qiú,soccer; football,,,unique,False,1,P1,,,,
BATCH-23,B3-0969,S-02238,3,969,组合,组合,zǔhé,combination,,,unique,False,1,P1,,,,
BATCH-23,B3-0970,S-02239,3,970,左右,左右,zuǒyòu,About,,,unique,False,1,P1,,,,
BATCH-23,B3-0971,S-02240,3,971,作品,作品,zuòpǐn,works,,,unique,False,1,P1,,,,
BATCH-23,B3-0972,S-02241,3,972,作者,作者,zuòzhě,author,,,unique,False,1,P1,,,,
BATCH-23,B3-0973,S-02242,3,973,做客,做客,zuò kè,be a guest,,,unique,False,1,P1,,,,
BATCH-23,B4-0001,S-02243,4,1,阿姨,阿姨,āyí,aunt,,,unique,False,1,P1,,,,
BATCH-23,B4-0002,S-02244,4,2,啊,啊,a,ah,,,same_form_different_sense_or_pos,False,1,P1,,,,
BATCH-23,B4-0003,S-02245,4,3,矮,矮,ǎi,short,,,unique,False,1,P1,,,,
BATCH-23,B4-0004,S-02246,4,4,矮小,矮小,ǎi xiǎo,short and small; low and small; undersized,,,unique,False,1,P1,,,,
BATCH-23,B4-0005,S-02247,4,5,爱国,爱国,ài guó,love one’s country; be patriotic,,,unique,False,1,P1,,,,
BATCH-23,B4-0006,S-02248,4,6,爱护,爱护,àihù,Care,,,unique,False,1,P1,,,,
BATCH-23,B4-0007,S-02249,4,7,安,安,ān,quiet; safe; secure; install; fix; fit,,,unique,False,1,P1,,,,
BATCH-23,B4-0008,S-02250,4,8,安置,安置,ānzhì,put; arrange for,,,unique,False,1,P1,,,,
BATCH-23,B4-0009,S-02251,4,9,按时,按时,ànshí,on time,,,unique,False,1,P1,,,,
BATCH-23,B4-0010,S-02252,4,10,暗,暗,àn,dark,,,unique,False,1,P1,,,,
BATCH-23,B4-0011,S-02253,4,11,暗示,暗示,ànshì,suggest secretly,,,unique,False,1,P1,,,,
BATCH-23,B4-0012,S-02254,4,12,巴士,巴士,bā shì,bus,,,unique,False,1,P1,,,,
BATCH-23,B4-0013,S-02255,4,13,百货,百货,bǎi huò,department store; general merchandise,,,unique,False,1,P1,,,,
BATCH-23,B4-0014,S-02256,4,14,摆,摆,bǎi,pendulum,,,unique,False,1,P1,,,,
BATCH-23,B4-0015,S-02257,4,15,摆动,摆动,bǎi dòng,swing; sway; oscillate;vibrate,,,unique,False,1,P1,,,,
BATCH-23,B4-0016,S-02258,4,16,摆脱,摆脱,bǎituō,cast off,,,unique,False,1,P1,,,,
BATCH-23,B4-0017,S-02259,4,17,败,败,bài,defeat; beat; fail; lose,,,unique,False,1,P1,,,,
BATCH-23,B4-0018,S-02260,4,18,办事,办事,bàn shì,handle affairs; work,,,unique,False,1,P1,,,,
BATCH-23,B4-0019,S-02261,4,19,包裹,包裹,bāoguǒ,package,,,unique,False,1,P1,,,,
BATCH-23,B4-0020,S-02262,4,20,包含,包含,bāohán,Contain,,,unique,False,1,P1,,,,
BATCH-23,B4-0021,S-02263,4,21,包括,包括,bāokuò,Include,,,unique,False,1,P1,,,,
BATCH-23,B4-0022,S-02264,4,22,薄,薄,báo,thin,,,unique,False,1,P1,,,,
BATCH-23,B4-0023,S-02265,4,23,宝,宝,bǎo,treasure; precious; treasured,,,unique,False,1,P1,,,,
BATCH-23,B4-0024,S-02266,4,24,宝宝,宝宝,bǎo bao,baby; darling,,,unique,False,1,P1,,,,
BATCH-24,B4-0025,S-02267,4,25,宝贝,宝贝,bǎobèi,baby,,,unique,False,1,P1,,,,
BATCH-24,B4-0026,S-02268,4,26,宝贵,宝贵,bǎoguì,valuable,,,unique,False,1,P1,,,,
BATCH-24,B4-0027,S-02269,4,27,宝石,宝石,bǎo shí,gemstone; gem; cameo; precious stone,,,unique,False,1,P1,,,,
BATCH-24,B4-0028,S-02270,4,28,保密,保密,bǎomì,secrecy,,,unique,False,1,P1,,,,
BATCH-24,B4-0029,S-02271,4,29,保守,保守,bǎoshǒu,Conservative,,,unique,False,1,P1,,,,
BATCH-24,B4-0030,S-02272,4,30,抱,抱,bào,"Hold, hug",,,unique,False,1,P1,,,,
BATCH-24,B4-0031,S-02273,4,31,背景,背景,bèijǐng,background,,,unique,False,1,P1,,,,
BATCH-24,B4-0032,S-02274,4,32,倍,倍,bèi,times,,,unique,False,1,P1,,,,
BATCH-24,B4-0033,S-02275,4,33,被迫,被迫,bèi pò,be compelled; be forced; be constrained,,,unique,False,1,P1,,,,
BATCH-24,B4-0034,S-02276,4,34,本科,本科,běnkē,Undergraduate,,,unique,False,1,P1,,,,
BATCH-24,B4-0035,S-02277,4,35,笨,笨,bèn,stupid,,,unique,False,1,P1,,,,
BATCH-24,B4-0036,S-02278,4,36,比分,比分,bǐ fēn,score,,,unique,False,1,P1,,,,
BATCH-24,B4-0037,S-02279,4,37,毕业,毕业,bìyè,graduation,,,unique,False,1,P1,,,,
BATCH-24,B4-0038,S-02280,4,38,毕业生,毕业生,bì yè shēng,graduate,,,unique,False,1,P1,,,,
BATCH-24,B4-0039,S-02281,4,39,避,避,bì,avoid; evade; dodge; keep away; repel,,,unique,False,1,P1,,,,
BATCH-24,B4-0040,S-02282,4,40,避免,避免,bìmiǎn,avoid,,,unique,False,1,P1,,,,
BATCH-24,B4-0041,S-02283,4,41,编,编,biān,invent; make up; plait; edit; compile; compose; write,,,unique,False,1,P1,,,,
BATCH-24,B4-0042,S-02284,4,42,辩论,辩论,biànlùn,Debate,,,unique,False,1,P1,,,,
BATCH-24,B4-0043,S-02285,4,43,标志,标志,biāozhì,sign,,,unique,False,1,P1,,,,
BATCH-24,B4-0044,S-02286,4,44,表情,表情,biǎoqíng,Expression,,,unique,False,1,P1,,,,
BATCH-24,B4-0045,S-02287,4,45,表扬,表扬,biǎoyáng,Praise,,,unique,False,1,P1,,,,
BATCH-24,B4-0047,S-02289,4,47,冰,冰,bīng,ice,,,unique,False,1,P1,,,,
BATCH-24,B4-0048,S-02290,4,48,冰箱,冰箱,bīngxiāng,Refrigerator,,,unique,False,1,P1,,,,
BATCH-24,B4-0049,S-02291,4,49,冰雪,冰雪,bīng xuě,ice and snow,,,unique,False,1,P1,,,,
BATCH-24,B4-0050,S-02292,4,50,兵,兵,bīng,arms; soldier; force; weapon; military,,,unique,False,1,P1,,,,
BATCH-24,B4-0052,S-02294,4,52,不要紧,不要紧,búyàojǐn,Never mind,,,unique,False,1,P1,,,,
BATCH-24,B4-0053,S-02295,4,53,不在乎,不在乎,bú zài hū,not mind; not care,,,unique,False,1,P1,,,,
BATCH-24,B4-0054,S-02296,4,54,不管,不管,bùguǎn,no matter,,,unique,False,1,P1,,,,
BATCH-24,B4-0055,S-02297,4,55,不然,不然,bùrán,otherwise,,,unique,False,1,P1,,,,
BATCH-24,B4-0056,S-02298,4,56,布置,布置,bùzhì,Arrangement,,,unique,False,1,P1,,,,
BATCH-24,B4-0057,S-02299,4,57,步行,步行,bù xíng,go on foot; walk,,,unique,False,1,P1,,,,
BATCH-24,B4-0058,S-02300,4,58,擦,擦,cā,wipe,,,unique,False,1,P1,,,,
BATCH-24,B4-0060,S-02302,4,60,材料,材料,cáiliào,Materials,,,unique,False,1,P1,,,,
BATCH-24,B4-0061,S-02303,4,61,财产,财产,cáichǎn,property,,,unique,False,1,P1,,,,
BATCH-24,B4-0062,S-02304,4,62,财富,财富,cáifù,wealth,,,unique,False,1,P1,,,,
BATCH-24,B4-0063,S-02305,4,63,采访,采访,cǎifǎng,interview,,,unique,False,1,P1,,,,
BATCH-24,B4-0064,S-02306,4,64,参考,参考,cānkǎo,Reference resources,,,unique,False,1,P1,,,,
BATCH-24,B4-0065,S-02307,4,65,参与,参与,cānyù,participate in,,,unique,False,1,P1,,,,
BATCH-24,B4-0066,S-02308,4,66,操场,操场,cāochǎng,Playground,,,unique,False,1,P1,,,,
BATCH-24,B4-0067,S-02309,4,67,操作,操作,cāozuò,operation,,,unique,False,1,P1,,,,
BATCH-24,B4-0068,S-02310,4,68,测,测,cè,survey; fathom; measure; conjecture; infer,,,unique,False,1,P1,,,,
BATCH-24,B4-0069,S-02311,4,69,测量,测量,cèliáng,measure,,,unique,False,1,P1,,,,
BATCH-24,B4-0070,S-02312,4,70,测试,测试,cè shì,test; examination,,,unique,False,1,P1,,,,
BATCH-24,B4-0071,S-02313,4,71,曾,曾,céng,once; already; at some time in the past,,,unique,False,1,P1,,,,
BATCH-24,B4-0072,S-02314,4,72,茶叶,茶叶,chá yè,tea; tea-leaves,,,unique,False,1,P1,,,,
BATCH-24,B4-0073,S-02315,4,73,产品,产品,chǎnpǐn,product,,,unique,False,1,P1,,,,
BATCH-24,B4-0074,S-02316,4,74,长途,长途,chángtú,Long-distance,,,unique,False,1,P1,,,,
BATCH-24,B4-0075,S-02317,4,75,常识,常识,chángshí,common sense,,,unique,False,1,P1,,,,
BATCH-24,B4-0076,S-02318,4,76,唱片,唱片,chàng piàn,record; disc; phonogram,,,unique,False,1,P1,,,,
BATCH-24,B4-0077,S-02319,4,77,抄,抄,chāo,copy,,,unique,False,1,P1,,,,
BATCH-24,B4-0078,S-02320,4,78,抄写,抄写,chāo xiě,copy; transcribe,,,unique,False,1,P1,,,,
BATCH-24,B4-0079,S-02321,4,79,潮,潮,cháo,moist; damp; humid; tide,,,unique,False,1,P1,,,,
BATCH-24,B4-0080,S-02322,4,80,潮流,潮流,cháoliú,Trend,,,unique,False,1,P1,,,,
BATCH-24,B4-0081,S-02323,4,81,潮湿,潮湿,cháoshī,damp,,,unique,False,1,P1,,,,
BATCH-24,B4-0082,S-02324,4,82,彻底,彻底,chèdǐ,thorough,,,unique,False,1,P1,,,,
BATCH-24,B4-0083,S-02325,4,83,沉,沉,chén,sink; keep down; lower; deep; profound; heavy,,,unique,False,1,P1,,,,
BATCH-24,B4-0084,S-02326,4,84,沉默,沉默,chénmò,silent,,,unique,False,1,P1,,,,
BATCH-24,B4-0085,S-02327,4,85,沉重,沉重,chénzhòng,heavy,,,unique,False,1,P1,,,,
BATCH-24,B4-0086,S-02328,4,86,称赞,称赞,chēngzàn,Praise,,,unique,False,1,P1,,,,
BATCH-24,B4-0087,S-02329,4,87,成人,成人,chéngrén,adult,,,unique,False,1,P1,,,,
BATCH-24,B4-0088,S-02330,4,88,诚实,诚实,chéngshí,honest,,,unique,False,1,P1,,,,
BATCH-24,B4-0089,S-02331,4,89,诚信,诚信,chéng xìn,honesty; integrity,,,unique,False,1,P1,,,,
BATCH-24,B4-0090,S-02332,4,90,承担,承担,chéngdān,bear,,,unique,False,1,P1,,,,
BATCH-24,B4-0091,S-02333,4,91,承认,承认,chéngrèn,Admit,,,unique,False,1,P1,,,,
BATCH-24,B4-0092,S-02334,4,92,承受,承受,chéngshòu,bear,,,unique,False,1,P1,,,,
BATCH-24,B4-0093,S-02335,4,93,程序,程序,chéngxù,program,,,unique,False,1,P1,,,,
BATCH-24,B4-0094,S-02336,4,94,吃惊,吃惊,chījīng,Be amazed,,,unique,False,1,P1,,,,
BATCH-24,B4-0095,S-02337,4,95,迟到,迟到,chídào,Late,,,unique,False,1,P1,,,,
BATCH-24,B4-0096,S-02338,4,96,尺,尺,chǐ,rule; ruler,,,unique,False,1,P1,,,,
BATCH-24,B4-0097,S-02339,4,97,尺寸,尺寸,chǐ cùn,size; measurement; dimension,,,unique,False,1,P1,,,,
BATCH-24,B4-0098,S-02340,4,98,尺子,尺子,chǐzi,Ruler,,,unique,False,1,P1,,,,
BATCH-24,B4-0099,S-02341,4,99,冲,冲,chōng,punching,,,unique,False,1,P1,,,,
BATCH-24,B4-0100,S-02342,4,100,充电,充电,chōng diàn,recharge; charge,,,unique,False,1,P1,,,,
BATCH-24,B4-0101,S-02343,4,101,充电器,充电器,chōngdiànqì,Charger,,,unique,False,1,P1,,,,
BATCH-24,B4-0102,S-02344,4,102,充分,充分,chōngfèn,To the full,,,unique,False,1,P1,,,,
BATCH-24,B4-0103,S-02345,4,103,虫子,虫子,chóng zi,insect; worm; bug,,,unique,False,1,P1,,,,
BATCH-24,B4-0104,S-02346,4,104,抽,抽,chōu,pump; take out; shrink; pick out,,,unique,False,1,P1,,,,
BATCH-24,B4-0105,S-02347,4,105,抽奖,抽奖,chōu jiǎng,lottery; lottery draw,,,unique,False,1,P1,,,,
BATCH-24,B4-0106,S-02348,4,106,抽烟,抽烟,chōuyān,smoking,,,unique,False,1,P1,,,,
BATCH-24,B4-0107,S-02349,4,107,出口,出口,chūkǒu,Exit,,,same_form_different_sense_or_pos,False,1,P1,,,,
BATCH-24,B4-0108,S-02350,4,108,出色,出色,chūsè,excellent; outstanding,,,unique,False,1,P1,,,,
BATCH-24,B4-0109,S-02351,4,109,出售,出售,chū shòu,offer for sale; sell,,,unique,False,1,P1,,,,
BATCH-24,B4-0110,S-02352,4,110,出席,出席,chūxí,Attend,,,unique,False,1,P1,,,,
BATCH-24,B4-0111,S-02353,4,111,处于,处于,chǔ yú,be in; be (in a certain condition),,,unique,False,1,P1,,,,
BATCH-24,B4-0112,S-02354,4,112,处,处,chǔ,dwell; live; be in a position of,,,unique,False,1,P1,,,,
BATCH-24,B4-0113,S-02355,4,113,穿上,穿上,chuān shàng,put on,,,unique,False,1,P1,,,,
BATCH-24,B4-0114,S-02356,4,114,传统,传统,chuántǒng,tradition,,,unique,False,1,P1,,,,
BATCH-24,B4-0115,S-02357,4,115,窗户,窗户,chuānghu,Window,,,unique,False,1,P1,,,,
BATCH-24,B4-0116,S-02358,4,116,窗台,窗台,chuāng tái,windowsill; sill,,,unique,False,1,P1,,,,
BATCH-24,B4-0117,S-02359,4,117,窗子,窗子,chuāng zi,window,,,unique,False,1,P1,,,,
BATCH-24,B4-0118,S-02360,4,118,春季,春季,chūn jì,spring; springtime,,,unique,False,1,P1,,,,
BATCH-24,B4-0119,S-02361,4,119,纯,纯,chún,pure; unmixed; simple; skilful; practised,,,unique,False,1,P1,,,,
BATCH-24,B4-0120,S-02362,4,120,纯净水,纯净水,chún jìng shuǐ,pure water,,,unique,False,1,P1,,,,
BATCH-24,B4-0121,S-02363,4,121,词汇,词汇,cíhuì,vocabulary,,,unique,False,1,P1,,,,
BATCH-24,B4-0122,S-02364,4,122,此,此,cǐ,this; these; now; here,,,unique,False,1,P1,,,,
BATCH-24,B4-0123,S-02365,4,123,此外,此外,cǐwài,in addition,,,unique,False,1,P1,,,,
BATCH-24,B4-0125,S-02367,4,125,刺,刺,cì,thorn,,,unique,False,1,P1,,,,
BATCH-24,B4-0126,S-02368,4,126,刺激,刺激,cìjī,stimulate,,,unique,False,1,P1,,,,
BATCH-24,B4-0127,S-02369,4,127,从此,从此,cóngcǐ,from then on,,,unique,False,1,P1,,,,
BATCH-24,B4-0128,S-02370,4,128,粗,粗,cū,wide; thick; coarse; rough; gruff; careless; rude,,,unique,False,1,P1,,,,
BATCH-25,B4-0129,S-02371,4,129,粗心,粗心,cūxīn,careless,,,unique,False,1,P1,,,,
BATCH-25,B4-0130,S-02372,4,130,促进,促进,cùjìn,Promote,,,unique,False,1,P1,,,,
BATCH-25,B4-0131,S-02373,4,131,促使,促使,cùshǐ,Urge,,,unique,False,1,P1,,,,
BATCH-25,B4-0132,S-02374,4,132,促销,促销,cù xiāo,promotion,,,unique,False,1,P1,,,,
BATCH-25,B4-0133,S-02375,4,133,措施,措施,cuòshī,Measures,,,unique,False,1,P1,,,,
BATCH-25,B4-0134,S-02376,4,134,打,打,dǎ,strike; hit; break; fight; build; beat,,,same_form_different_sense_or_pos,False,1,P1,,,,
BATCH-25,B4-0135,S-02377,4,135,答案,答案,dá’àn,Answer,,,unique,False,1,P1,,,,
BATCH-25,B4-0136,S-02378,4,136,打败,打败,dǎ bài,defeat; beat; be defeated,,,unique,False,1,P1,,,,
BATCH-25,B4-0137,S-02379,4,137,打雷,打雷,dǎ léi,thunder,,,unique,False,1,P1,,,,
BATCH-25,B4-0138,S-02380,4,138,打扫,打扫,dǎsǎo,Clean,,,unique,False,1,P1,,,,
BATCH-25,B4-0139,S-02381,4,139,打折,打折,dǎzhé,Discount,,,unique,False,1,P1,,,,
BATCH-25,B4-0140,S-02382,4,140,打针,打针,dǎzhēn,To make an injection,,,unique,False,1,P1,,,,
BATCH-25,B4-0141,S-02383,4,141,大巴,大巴,dà bā,bus,,,unique,False,1,P1,,,,
BATCH-25,B4-0142,S-02384,4,142,大多,大多,dà duō,mostly; for the most part,,,unique,False,1,P1,,,,
BATCH-25,B4-0143,S-02385,4,143,大方,大方,dàfang,generous,,,unique,False,1,P1,,,,
BATCH-25,B4-0144,S-02386,4,144,大哥,大哥,dà gē,big brother; elder brother,,,unique,False,1,P1,,,,
BATCH-25,B4-0145,S-02387,4,145,大规模,大规模,dà guī mó,large-scale; extensive,,,unique,False,1,P1,,,,
BATCH-25,B4-0146,S-02388,4,146,大会,大会,dà huì,convention; general meeting; General Assembly,,,unique,False,1,P1,,,,
BATCH-25,B4-0147,S-02389,4,147,大姐,大姐,dà jiě,elder sister,,,unique,False,1,P1,,,,
BATCH-25,B4-0148,S-02390,4,148,大楼,大楼,dà lóu,building; large building,,,unique,False,1,P1,,,,
BATCH-25,B4-0149,S-02391,4,149,大陆,大陆,dà lù,continent; mainland,,,unique,False,1,P1,,,,
BATCH-25,B4-0150,S-02392,4,150,大妈,大妈,dà mā,aunt; father’s elder brother’s wife,,,unique,False,1,P1,,,,
BATCH-25,B4-0151,S-02393,4,151,大型,大型,dàxíng,large,,,unique,False,1,P1,,,,
BATCH-25,B4-0152,S-02394,4,152,大爷,大爷,dà ye,uncle; father’s elder brother,,,unique,False,1,P1,,,,
BATCH-25,B4-0153,S-02395,4,153,大众,大众,dà zhòng,public; the masses; people,,,unique,False,1,P1,,,,
BATCH-25,B4-0154,S-02396,4,154,代替,代替,dàitì,replace,,,unique,False,1,P1,,,,
BATCH-25,B4-0155,S-02397,4,155,待遇,待遇,dàiyù,treatment,,,unique,False,1,P1,,,,
BATCH-25,B4-0156,S-02398,4,156,袋,袋,dài,bag; sack; pocket; pouch,,,unique,False,1,P1,,,,
BATCH-25,B4-0157,S-02399,4,157,戴,戴,dài,wear,,,unique,False,1,P1,,,,
BATCH-25,B4-0158,S-02400,4,158,担保,担保,dānbǎo,assure; hypothecate,,,unique,False,1,P1,,,,
BATCH-25,B4-0159,S-02401,4,159,担任,担任,dānrèn,To serve as,,,unique,False,1,P1,,,,
BATCH-25,B4-0160,S-02402,4,160,担心,担心,dānxīn,Worry,,,unique,False,1,P1,,,,
BATCH-25,B4-0161,S-02403,4,161,单,单,dān,single; odd; unlined; thin; weak; only; alone,,,unique,False,1,P1,,,,
BATCH-25,B4-0162,S-02404,4,162,单纯,单纯,dānchún,Simple,,,unique,False,1,P1,,,,
BATCH-25,B4-0163,S-02405,4,163,单调,单调,dāndiào,monotonous,,,unique,False,1,P1,,,,
BATCH-25,B4-0164,S-02406,4,164,单独,单独,dāndú,Alone,,,unique,False,1,P1,,,,
BATCH-25,B4-0165,S-02407,4,165,淡,淡,dàn,light,,,unique,False,1,P1,,,,
BATCH-25,B4-0166,S-02408,4,166,导游,导游,dǎoyóu,Guide,,,unique,False,1,P1,,,,
BATCH-25,B4-0167,S-02409,4,167,导致,导致,dǎozhì,cause,,,unique,False,1,P1,,,,
BATCH-25,B4-0168,S-02410,4,168,倒闭,倒闭,dǎobì,Collapse,,,unique,False,1,P1,,,,
BATCH-25,B4-0169,S-02411,4,169,倒车,倒车,dǎo chē,change trains or buses,,,unique,False,1,P1,,,,
BATCH-25,B4-0170,S-02412,4,170,倒车,倒车,dào chē,back a car; reverse,,,unique,False,1,P1,,,,
BATCH-25,B4-0171,S-02413,4,171,得意,得意,déyì,Proud,,,unique,False,1,P1,,,,
BATCH-25,B4-0172,S-02414,4,172,得,得,děi,need; must; have to; be sure to,,,same_form_different_sense_or_pos,False,1,P1,,,,
BATCH-25,B4-0173,S-02415,4,173,灯光,灯光,dēng guāng,light; stage lighting,,,unique,False,1,P1,,,,
BATCH-25,B4-0174,S-02416,4,174,登,登,dēng,ascend; mount; scale; step on; pedal; publish,,,unique,False,1,P1,,,,
BATCH-25,B4-0175,S-02417,4,175,登记,登记,dēngjì,register,,,unique,False,1,P1,,,,
BATCH-25,B4-0176,S-02418,4,176,登录,登录,dēnglù,Sign in,,,unique,False,1,P1,,,,
BATCH-25,B4-0177,S-02419,4,177,登山,登山,dēng shān,mountaineer; mountain-climbing,,,unique,False,1,P1,,,,
BATCH-25,B4-0178,S-02420,4,178,的确,的确,díquè,indeed; be certain to,,,unique,False,1,P1,,,,
BATCH-25,B4-0179,S-02421,4,179,敌人,敌人,dírén,Enemy,,,unique,False,1,P1,,,,
BATCH-25,B4-0180,S-02422,4,180,底,底,dǐ,bottom,,,unique,False,1,P1,,,,
BATCH-25,B4-0182,S-02423,4,182,地面,地面,dì miàn,ground; floor; surface,,,unique,False,1,P1,,,,
BATCH-25,B4-0183,S-02424,4,183,地位,地位,dìwèi,status,,,unique,False,1,P1,,,,
BATCH-25,B4-0184,S-02425,4,184,地下,地下,dì xià,underground; subterranean; secret,,,unique,False,1,P1,,,,
BATCH-25,B4-0185,S-02426,4,185,地址,地址,dìzhǐ,address,,,unique,False,1,P1,,,,
BATCH-25,B4-0186,S-02427,4,186,典型,典型,diǎnxíng,typical,,,unique,False,1,P1,,,,
BATCH-25,B4-0187,S-02428,4,187,点名,点名,diǎn míng,rollcall; mention sb. by name,,,unique,False,1,P1,,,,
BATCH-25,B4-0188,S-02429,4,188,电灯,电灯,diàn dēng,electric light,,,unique,False,1,P1,,,,
BATCH-25,B4-0189,S-02430,4,189,电动车,电动车,diàn dòng chē,electric car,,,unique,False,1,P1,,,,
BATCH-25,B4-0190,S-02431,4,190,电梯,电梯,diàntī,Elevator.,,,unique,False,1,P1,,,,
BATCH-25,B4-0191,S-02432,4,191,电源,电源,diànyuán,power supply,,,unique,False,1,P1,,,,
BATCH-25,B4-0192,S-02433,4,192,顶,顶,dǐng,top,,,unique,False,1,P1,,,,
BATCH-25,B4-0193,S-02434,4,193,定,定,dìng,decide; fix; book; order; calm; stable,,,unique,False,1,P1,,,,
BATCH-25,B4-0194,S-02435,4,194,冬季,冬季,dōng jì,winter,,,unique,False,1,P1,,,,
BATCH-25,B4-0195,S-02436,4,195,动画片,动画片,dònghuàpiàn,Cartoon,,,unique,False,1,P1,,,,
BATCH-25,B4-0196,S-02437,4,196,动摇,动摇,dòng yáo,shake; vacillate; waver; be indecisive,,,unique,False,1,P1,,,,
BATCH-25,B4-0197,S-02438,4,197,豆腐,豆腐,dòufu,tofu,,,unique,False,1,P1,,,,
BATCH-25,B4-0198,S-02439,4,198,独立,独立,dúlì,Independent,,,unique,False,1,P1,,,,
BATCH-25,B4-0199,S-02440,4,199,独特,独特,dútè,unique,,,unique,False,1,P1,,,,
BATCH-25,B4-0200,S-02441,4,200,独自,独自,dú zì,alone; by oneself; one’s own,,,unique,False,1,P1,,,,
BATCH-25,B4-0201,S-02442,4,201,堵,堵,dǔ,stop up; block up; stifled; suffocated; oppressed,,,unique,False,1,P1,,,,
BATCH-25,B4-0202,S-02443,4,202,堵车,堵车,dǔchē,Traffic jam,,,unique,False,1,P1,,,,
BATCH-25,B4-0203,S-02444,4,203,肚子,肚子,dùzi,belly,,,unique,False,1,P1,,,,
BATCH-25,B4-0204,S-02445,4,204,度过,度过,dùguò,Spend,,,unique,False,1,P1,,,,
BATCH-25,B4-0205,S-02446,4,205,锻炼,锻炼,duànliàn,Physical exercise,,,unique,False,1,P1,,,,
BATCH-25,B4-0206,S-02447,4,206,对比,对比,duìbǐ,Contrast,,,unique,False,1,P1,,,,
BATCH-25,B4-0207,S-02448,4,207,对付,对付,duìfu,deal with,,,unique,False,1,P1,,,,
BATCH-25,B4-0208,S-02449,4,208,对于,对于,duìyú,about,,,unique,False,1,P1,,,,
BATCH-25,B4-0209,S-02450,4,209,多次,多次,duō cì,repeatedly; many a time,,,unique,False,1,P1,,,,
BATCH-25,B4-0210,S-02451,4,210,多年,多年,duō nián,many years,,,unique,False,1,P1,,,,
BATCH-25,B4-0211,S-02452,4,211,多样,多样,duō yàng,diversity,,,unique,False,1,P1,,,,
BATCH-25,B4-0212,S-02453,4,212,多种,多种,duō zhǒng,multiple; various; diversified; manifold,,,unique,False,1,P1,,,,
BATCH-25,B4-0213,S-02454,4,213,恶心,恶心,ěxin,disgusting,,,unique,False,1,P1,,,,
BATCH-25,B4-0214,S-02455,4,214,儿童,儿童,értóng,children,,,unique,False,1,P1,,,,
BATCH-25,B4-0215,S-02456,4,215,而,而,ér,and,,,unique,False,1,P1,,,,
BATCH-25,B4-0216,S-02457,4,216,而是,而是,ér shì,but,,,unique,False,1,P1,,,,
BATCH-25,B4-0217,S-02458,4,217,耳机,耳机,ěr jī,earphone; headphone; headset,,,unique,False,1,P1,,,,
BATCH-25,B4-0218,S-02459,4,218,二手,二手,èr shǒu,second hand,,,unique,False,1,P1,,,,
BATCH-25,B4-0219,S-02460,4,219,发挥,发挥,fāhuī,Develop,,,unique,False,1,P1,,,,
BATCH-25,B4-0220,S-02461,4,220,发票,发票,fāpiào,invoice,,,unique,False,1,P1,,,,
BATCH-25,B4-0221,S-02462,4,221,发烧,发烧,fāshāo,Have a fever,,,unique,False,1,P1,,,,
BATCH-25,B4-0222,S-02463,4,222,法,法,fǎ,law; way; method; example; rule,,,unique,False,1,P1,,,,
BATCH-25,B4-0223,S-02464,4,223,法官,法官,fǎ guān,judge,,,unique,False,1,P1,,,,
BATCH-25,B4-0224,S-02465,4,224,法律,法律,fǎlǜ,Law,,,unique,False,1,P1,,,,
BATCH-25,B4-0225,S-02466,4,225,法院,法院,fǎyuàn,Court,,,unique,False,1,P1,,,,
BATCH-25,B4-0226,S-02467,4,226,翻,翻,fān,Turn,,,unique,False,1,P1,,,,
BATCH-25,B4-0227,S-02468,4,227,翻译,翻译,fānyì,translate,,,unique,False,1,P1,,,,
BATCH-25,B4-0228,S-02469,4,228,烦,烦,fán,bother; to bother,,,unique,False,1,P1,,,,
BATCH-25,B4-0229,S-02470,4,229,反,反,fǎn,turn over; rebel; on the contrary; instead,,,unique,False,1,P1,,,,
BATCH-26,B4-0230,S-02471,4,230,反而,反而,fǎn’ér,Instead,,,unique,False,1,P1,,,,
BATCH-26,B4-0231,S-02472,4,231,反映,反映,fǎnyìng,reflect,,,unique,False,1,P1,,,,
BATCH-26,B4-0232,S-02473,4,232,方,方,fāng,square,,,unique,False,1,P1,,,,
BATCH-26,B4-0233,S-02474,4,233,方案,方案,fāng’àn,programme,,,unique,False,1,P1,,,,
BATCH-26,B4-0234,S-02475,4,234,方针,方针,fāngzhēn,policy,,,unique,False,1,P1,,,,
BATCH-26,B4-0235,S-02476,4,235,放松,放松,fàngsōng,Relax,,,unique,False,1,P1,,,,
BATCH-26,B4-0236,S-02477,4,236,非,非,fēi,wrong,,,unique,False,1,P1,,,,
BATCH-26,B4-0237,S-02478,4,237,肥,肥,féi,fat; fertile,,,unique,False,1,P1,,,,
BATCH-26,B4-0238,S-02479,4,238,分布,分布,fēnbù,distribution,,,unique,False,1,P1,,,,
BATCH-26,B4-0239,S-02480,4,239,分散,分散,fēnsàn,Dispersed,,,unique,False,1,P1,,,,
BATCH-26,B4-0240,S-02481,4,240,分手,分手,fēnshǒu,Break up,,,unique,False,1,P1,,,,
BATCH-26,B4-0241,S-02482,4,241,分为,分为,fēn wéi,divide into,,,unique,False,1,P1,,,,
BATCH-26,B4-0242,S-02483,4,242,…分之…   …,…分之…   …,fēn zhī …,fractional number,,,unique,False,1,P1,,,,
BATCH-26,B4-0243,S-02484,4,243,纷纷,纷纷,fēnfēn,one after another,,,unique,False,1,P1,,,,
BATCH-26,B4-0244,S-02485,4,244,奋斗,奋斗,fèndòu,Struggle,,,unique,False,1,P1,,,,
BATCH-26,B4-0245,S-02486,4,245,风格,风格,fēnggé,style,,,unique,False,1,P1,,,,
BATCH-26,B4-0246,S-02487,4,246,风景,风景,fēngjǐng,Scenery,,,unique,False,1,P1,,,,
BATCH-26,B4-0247,S-02488,4,247,风俗,风俗,fēngsú,Customs,,,unique,False,1,P1,,,,
BATCH-26,B4-0248,S-02489,4,248,封闭,封闭,fēngbì,close,,,unique,False,1,P1,,,,
BATCH-26,B4-0249,S-02490,4,249,否则,否则,fǒuzé,otherwise,,,unique,False,1,P1,,,,
BATCH-26,B4-0250,S-02491,4,250,夫妇,夫妇,fūfù,couple,,,unique,False,1,P1,,,,
BATCH-26,B4-0251,S-02492,4,251,夫妻,夫妻,fū qī,man and wife,,,unique,False,1,P1,,,,
BATCH-26,B4-0252,S-02493,4,252,夫人,夫人,fūrén,Madam,,,unique,False,1,P1,,,,
BATCH-26,B4-0253,S-02494,4,253,符号,符号,fúhào,Symbol,,,unique,False,1,P1,,,,
BATCH-26,B4-0254,S-02495,4,254,符合,符合,fúhé,accord with,,,unique,False,1,P1,,,,
BATCH-26,B4-0255,S-02496,4,255,付出,付出,fù chū,pay out,,,unique,False,1,P1,,,,
BATCH-26,B4-0256,S-02497,4,256,负担,负担,fùdān,burden,,,unique,False,1,P1,,,,
BATCH-26,B4-0257,S-02498,4,257,附近,附近,fùjìn,nearby,,,unique,False,1,P1,,,,
BATCH-26,B4-0258,S-02499,4,258,复制,复制,fùzhì,copy,,,unique,False,1,P1,,,,
BATCH-26,B4-0259,S-02500,4,259,改善,改善,gǎishàn,Improve,,,unique,False,1,P1,,,,
BATCH-26,B4-0260,S-02501,4,260,改正,改正,gǎizhèng,correction,,,unique,False,1,P1,,,,
BATCH-26,B4-0261,S-02502,4,261,盖,盖,gài,cover,,,unique,False,1,P1,,,,
BATCH-26,B4-0262,S-02503,4,262,概括,概括,gàikuò,Generalization,,,unique,False,1,P1,,,,
BATCH-26,B4-0263,S-02504,4,263,感兴趣,感兴趣,gǎnxìngqù,be intretested in,,,unique,False,1,P1,,,,
BATCH-26,B4-0264,S-02505,4,264,高潮,高潮,gāocháo,climax,,,unique,False,1,P1,,,,
BATCH-26,B4-0265,S-02506,4,265,高价,高价,gāo jià,high price,,,unique,False,1,P1,,,,
BATCH-26,B4-0266,S-02507,4,266,高尚,高尚,gāoshàng,noble,,,unique,False,1,P1,,,,
BATCH-26,B4-0267,S-02508,4,267,高铁,高铁,gāo tiě,high-speed train; high-speed rail,,,unique,False,1,P1,,,,
BATCH-26,B4-0268,S-02509,4,268,格外,格外,géwài,especially,,,unique,False,1,P1,,,,
BATCH-26,B4-0269,S-02510,4,269,隔,隔,gé,partition; separate; divide,,,unique,False,1,P1,,,,
BATCH-26,B4-0270,S-02511,4,270,隔开,隔开,gé kāi,separate; space out; separation; partition,,,unique,False,1,P1,,,,
BATCH-26,B4-0271,S-02512,4,271,个别,个别,gèbié,individual,,,unique,False,1,P1,,,,
BATCH-26,B4-0272,S-02513,4,272,个体,个体,gètǐ,individual,,,unique,False,1,P1,,,,
BATCH-26,B4-0273,S-02514,4,273,各个,各个,gè gè,each,,,unique,False,1,P1,,,,
BATCH-26,B4-0274,S-02515,4,274,根,根,gēn,root,,,unique,False,1,P1,,,,
BATCH-26,B4-0275,S-02516,4,275,根据,根据,gēnjù,according to,,,unique,False,1,P1,,,,
BATCH-26,B4-0276,S-02517,4,276,工程,工程,gōng chéng,engineering; project,,,unique,False,1,P1,,,,
BATCH-26,B4-0277,S-02518,4,277,公元,公元,gōngyuán,A.D.,,,unique,False,1,P1,,,,
BATCH-26,B4-0278,S-02519,4,278,供应,供应,gōng yìng,supply; provide,,,unique,False,1,P1,,,,
BATCH-26,B4-0279,S-02520,4,279,共,共,gòng,common; general; share; together; altogether,,,unique,False,1,P1,,,,
BATCH-26,B4-0280,S-02521,4,280,构成,构成,gòuchéng,constitute,,,unique,False,1,P1,,,,
BATCH-26,B4-0281,S-02522,4,281,构造,构造,gòu zào,structure; construction,,,unique,False,1,P1,,,,
BATCH-26,B4-0282,S-02523,4,282,购买,购买,gòu mǎi,buy; purchase,,,unique,False,1,P1,,,,
BATCH-26,B4-0283,S-02524,4,283,购物,购物,gòuwù,Shopping,,,unique,False,1,P1,,,,
BATCH-26,B4-0284,S-02525,4,284,骨头,骨头,gǔtou,Bone,,,unique,False,1,P1,,,,
BATCH-26,B4-0285,S-02526,4,285,固定,固定,gùdìng,fixed,,,unique,False,1,P1,,,,
BATCH-26,B4-0286,S-02527,4,286,瓜,瓜,guā,melon,,,unique,False,1,P1,,,,
BATCH-26,B4-0287,S-02528,4,287,怪,怪,guài,strange; odd; bewildering; very; quite; rather,,,same_form_different_sense_or_pos,False,1,P1,,,,
BATCH-26,B4-0289,S-02530,4,289,关闭,关闭,guānbì,close; shut,,,unique,False,1,P1,,,,
BATCH-26,B4-0290,S-02531,4,290,关于,关于,guānyú,about,,,unique,False,1,P1,,,,
BATCH-26,B4-0291,S-02532,4,291,官,官,guān,officer,,,unique,False,1,P1,,,,
BATCH-26,B4-0292,S-02533,4,292,官方,官方,guānfāng,by the government official,,,unique,False,1,P1,,,,
BATCH-26,B4-0293,S-02534,4,293,光临,光临,guānglín,presence,,,unique,False,1,P1,,,,
BATCH-26,B4-0294,S-02535,4,294,光盘,光盘,guāngpán,CD,,,unique,False,1,P1,,,,
BATCH-26,B4-0295,S-02536,4,295,逛,逛,guàng,Stroll,,,unique,False,1,P1,,,,
BATCH-26,B4-0296,S-02537,4,296,归,归,guī,return; go back,,,unique,False,1,P1,,,,
BATCH-26,B4-0297,S-02538,4,297,规律,规律,guīlǜ,Law,,,unique,False,1,P1,,,,
BATCH-26,B4-0298,S-02539,4,298,规模,规模,guīmó,scale,,,unique,False,1,P1,,,,
BATCH-26,B4-0299,S-02540,4,299,规则,规则,guīzé,rule,,,unique,False,1,P1,,,,
BATCH-26,B4-0300,S-02541,4,300,果实,果实,guǒshí,fruit,,,unique,False,1,P1,,,,
BATCH-26,B4-0301,S-02542,4,301,过分,过分,guòfèn,excessive,,,unique,False,1,P1,,,,
BATCH-26,B4-0302,S-02543,4,302,海水,海水,hǎi shuǐ,seawater; brine; sea,,,unique,False,1,P1,,,,
BATCH-26,B4-0303,S-02544,4,303,海鲜,海鲜,hǎixiān,seafood,,,unique,False,1,P1,,,,
BATCH-26,B4-0304,S-02545,4,304,含,含,hán,contain; cherish; nurse; keep,,,unique,False,1,P1,,,,
BATCH-26,B4-0305,S-02546,4,305,含量,含量,hán liàng,content,,,unique,False,1,P1,,,,
BATCH-26,B4-0306,S-02547,4,306,含义,含义,hányì,signification; meanings,,,unique,False,1,P1,,,,
BATCH-26,B4-0307,S-02548,4,307,含有,含有,hán yǒu,contain; have,,,unique,False,1,P1,,,,
BATCH-26,B4-0308,S-02549,4,308,寒假,寒假,hánjià,The winter vacation,,,unique,False,1,P1,,,,
BATCH-26,B4-0309,S-02550,4,309,寒冷,寒冷,hán lěng,cold; frigid; chill; frigidity,,,unique,False,1,P1,,,,
BATCH-26,B4-0310,S-02551,4,310,行业,行业,hángyè,industry,,,unique,False,1,P1,,,,
BATCH-26,B4-0311,S-02552,4,311,航班,航班,hángbān,flight,,,unique,False,1,P1,,,,
BATCH-26,B4-0312,S-02553,4,312,航空,航空,hángkōng,aviation,,,unique,False,1,P1,,,,
BATCH-26,B4-0313,S-02554,4,313,毫米,毫米,háomǐ,millimeter,,,unique,False,1,P1,,,,
BATCH-26,B4-0314,S-02555,4,314,毫升,毫升,háo shēng,milliliter,,,unique,False,1,P1,,,,
BATCH-26,B4-0315,S-02556,4,315,好友,好友,hǎo yǒu,friend,,,unique,False,1,P1,,,,
BATCH-26,B4-0316,S-02557,4,316,号码,号码,hàomǎ,number,,,unique,False,1,P1,,,,
BATCH-26,B4-0318,S-02558,4,318,合同,合同,hétong,contract,,,unique,False,1,P1,,,,
BATCH-26,B4-0319,S-02559,4,319,黑暗,黑暗,hēi àn,dark; darkness; murk,,,unique,False,1,P1,,,,
BATCH-26,B4-0320,S-02560,4,320,红包,红包,hóng bāo,red envelope; red packet,,,unique,False,1,P1,,,,
BATCH-26,B4-0321,S-02561,4,321,后头,后头,hòu tou,back,,,unique,False,1,P1,,,,
BATCH-26,B4-0322,S-02562,4,322,厚,厚,hòu,thick,,,unique,False,1,P1,,,,
BATCH-26,B4-0323,S-02563,4,323,呼吸,呼吸,hūxī,breathing,,,unique,False,1,P1,,,,
BATCH-26,B4-0324,S-02564,4,324,忽视,忽视,hūshì,Ignore,,,unique,False,1,P1,,,,
BATCH-26,B4-0325,S-02565,4,325,户,户,hù,household; family; door,,,unique,False,1,P1,,,,
BATCH-26,B4-0326,S-02566,4,326,护士,护士,hùshi,Nurse,,,unique,False,1,P1,,,,
BATCH-26,B4-0328,S-02568,4,328,划,划,huá,"paddle, row",,,unique,False,1,P1,,,,
BATCH-26,B4-0329,S-02569,4,329,划,划,huà,"transfer, assign, differenciate",,,unique,False,1,P1,,,,
BATCH-26,B4-0330,S-02570,4,330,怀念,怀念,huáiniàn,Miss,,,unique,False,1,P1,,,,
BATCH-26,B4-0331,S-02571,4,331,怀疑,怀疑,huáiyí,doubt,,,unique,False,1,P1,,,,
BATCH-26,B4-0332,S-02572,4,332,缓解,缓解,huǎnjiě,relieve,,,unique,False,1,P1,,,,
BATCH-27,B4-0333,S-02573,4,333,黄瓜,黄瓜,huáng guā,cucumber; cuke,,,unique,False,1,P1,,,,
BATCH-27,B4-0334,S-02574,4,334,黄金,黄金,huángjīn,gold,,,unique,False,1,P1,,,,
BATCH-27,B4-0335,S-02575,4,335,回复,回复,huí fù,reply,,,unique,False,1,P1,,,,
BATCH-27,B4-0336,S-02576,4,336,汇,汇,huì,remit; converge; collection; collected things,,,unique,False,1,P1,,,,
BATCH-27,B4-0337,S-02577,4,337,汇报,汇报,huìbào,report,,,unique,False,1,P1,,,,
BATCH-27,B4-0338,S-02578,4,338,汇率,汇率,huìlǜ,exchange rate,,,unique,False,1,P1,,,,
BATCH-27,B4-0339,S-02579,4,339,婚礼,婚礼,hūnlǐ,wedding,,,unique,False,1,P1,,,,
BATCH-27,B4-0341,S-02581,4,341,伙,伙,huǒ,partner; partnership,,,unique,False,1,P1,,,,
BATCH-27,B4-0342,S-02582,4,342,伙伴,伙伴,huǒbàn,Partner,,,unique,False,1,P1,,,,
BATCH-27,B4-0343,S-02583,4,343,或许,或许,huòxǔ,maybe; probably,,,unique,False,1,P1,,,,
BATCH-27,B4-0344,S-02584,4,344,货,货,huò,goods; commodity; money,,,unique,False,1,P1,,,,
BATCH-27,B4-0345,S-02585,4,345,获,获,huò,obtain; win; reap; capture; catch,,,unique,False,1,P1,,,,
BATCH-27,B4-0346,S-02586,4,346,获得,获得,huòdé,Get,,,unique,False,1,P1,,,,
BATCH-27,B4-0347,S-02587,4,347,获奖,获奖,huò jiǎng,win a prize; receive an award,,,unique,False,1,P1,,,,
BATCH-27,B4-0348,S-02588,4,348,获取,获取,huò qǔ,gain; obtain,,,unique,False,1,P1,,,,
BATCH-27,B4-0349,S-02589,4,349,几乎,几乎,jīhū,almost,,,unique,False,1,P1,,,,
BATCH-27,B4-0350,S-02590,4,350,机构,机构,jīgòu,mechanism,,,unique,False,1,P1,,,,
BATCH-27,B4-0351,S-02591,4,351,机遇,机遇,jīyù,Opportunity,,,unique,False,1,P1,,,,
BATCH-27,B4-0352,S-02592,4,352,积累,积累,jīlěi,accumulation,,,unique,False,1,P1,,,,
BATCH-27,B4-0353,S-02593,4,353,激动,激动,jīdòng,Excited,,,unique,False,1,P1,,,,
BATCH-27,B4-0354,S-02594,4,354,激烈,激烈,jīliè,fierce,,,unique,False,1,P1,,,,
BATCH-27,B4-0355,S-02595,4,355,及格,及格,jígé,pass,,,unique,False,1,P1,,,,
BATCH-27,B4-0356,S-02596,4,356,极,极,jí,extremely,,,unique,False,1,P1,,,,
BATCH-27,B4-0357,S-02597,4,357,极其,极其,jíqí,extremely,,,unique,False,1,P1,,,,
BATCH-27,B4-0358,S-02598,4,358,即将,即将,jíjiāng,soon,,,unique,False,1,P1,,,,
BATCH-27,B4-0359,S-02599,4,359,急忙,急忙,jímáng,Hastily,,,unique,False,1,P1,,,,
BATCH-27,B4-0360,S-02600,4,360,集合,集合,jíhé,aggregate,,,unique,False,1,P1,,,,
BATCH-27,B4-0361,S-02601,4,361,记载,记载,jìzǎi,Record,,,unique,False,1,P1,,,,
BATCH-27,B4-0362,S-02602,4,362,纪律,纪律,jìlǜ,discipline,,,unique,False,1,P1,,,,
BATCH-27,B4-0363,S-02603,4,363,技巧,技巧,jìqiǎo,Skill,,,unique,False,1,P1,,,,
BATCH-27,B4-0365,S-02604,4,365,季,季,jì,season; period,,,unique,False,1,P1,,,,
BATCH-27,B4-0366,S-02605,4,366,季度,季度,jìdù,quarter (of a year),,,unique,False,1,P1,,,,
BATCH-27,B4-0367,S-02606,4,367,季节,季节,jìjié,Season,,,unique,False,1,P1,,,,
BATCH-27,B4-0368,S-02607,4,368,既,既,jì,already; since; as,,,unique,False,1,P1,,,,
BATCH-27,B4-0369,S-02608,4,369,既然,既然,jìrán,Since,,,unique,False,1,P1,,,,
BATCH-27,B4-0370,S-02609,4,370,寄,寄,jì,send,,,unique,False,1,P1,,,,
BATCH-27,B4-0371,S-02610,4,371,加班,加班,jiābān,overtime work,,,unique,False,1,P1,,,,
BATCH-27,B4-0372,S-02611,4,372,加入,加入,jiā rù,add; mix; join; become a member,,,unique,False,1,P1,,,,
BATCH-27,B4-0373,S-02612,4,373,加油站,加油站,jiāyóuzhàn,Gas station,,,unique,False,1,P1,,,,
BATCH-27,B4-0374,S-02613,4,374,家务,家务,jiāwù,Housework,,,unique,False,1,P1,,,,
BATCH-27,B4-0375,S-02614,4,375,假如,假如,jiǎrú,If,,,unique,False,1,P1,,,,
BATCH-27,B4-0376,S-02615,4,376,坚固,坚固,jiāngù,strong,,,unique,False,1,P1,,,,
BATCH-27,B4-0377,S-02616,4,377,检测,检测,jiǎn cè,detect; test,,,unique,False,1,P1,,,,
BATCH-27,B4-0378,S-02617,4,378,减,减,jiǎn,subtract; reduce; decrease; cut; minus,,,unique,False,1,P1,,,,
BATCH-27,B4-0379,S-02618,4,379,减肥,减肥,jiǎnféi,Reduce weight,,,unique,False,1,P1,,,,
BATCH-27,B4-0380,S-02619,4,380,减少,减少,jiǎnshǎo,reduce,,,unique,False,1,P1,,,,
BATCH-27,B4-0381,S-02620,4,381,简历,简历,jiǎnlì,resume,,,unique,False,1,P1,,,,
BATCH-27,B4-0382,S-02621,4,382,健身,健身,jiànshēn,workout,,,unique,False,1,P1,,,,
BATCH-27,B4-0383,S-02622,4,383,渐渐,渐渐,jiàn jiàn,gradually; step by step,,,unique,False,1,P1,,,,
BATCH-27,B4-0384,S-02623,4,384,江,江,jiāng,river,,,unique,False,1,P1,,,,
BATCH-27,B4-0385,S-02624,4,385,讲究,讲究,jiǎngjiu,"Pay attention to, stress",,,unique,False,1,P1,,,,
BATCH-27,B4-0386,S-02625,4,386,讲座,讲座,jiǎngzuò,Lecture,,,unique,False,1,P1,,,,
BATCH-27,B4-0387,S-02626,4,387,奖,奖,jiǎng,award; prize; reward,,,unique,False,1,P1,,,,
BATCH-27,B4-0388,S-02627,4,388,奖金,奖金,jiǎngjīn,bonus,,,unique,False,1,P1,,,,
BATCH-27,B4-0389,S-02628,4,389,奖学金,奖学金,jiǎng xué jīn,scholarship; fellowship,,,unique,False,1,P1,,,,
BATCH-27,B4-0390,S-02629,4,390,降,降,jiàng,fall; drop; descend; come down; lower,,,unique,False,1,P1,,,,
BATCH-27,B4-0391,S-02630,4,391,降低,降低,jiàngdī,reduce,,,unique,False,1,P1,,,,
BATCH-27,B4-0392,S-02631,4,392,降价,降价,jiàng jià,cut price; reduce price,,,unique,False,1,P1,,,,
BATCH-27,B4-0393,S-02632,4,393,降落,降落,jiàngluò,land,,,unique,False,1,P1,,,,
BATCH-27,B4-0394,S-02633,4,394,降温,降温,jiàng wēn,lower the temperature; drop in temperature,,,unique,False,1,P1,,,,
BATCH-27,B4-0395,S-02634,4,395,交换,交换,jiāohuàn,exchange,,,unique,False,1,P1,,,,
BATCH-27,B4-0396,S-02635,4,396,交际,交际,jiāojì,communication,,,unique,False,1,P1,,,,
BATCH-27,B4-0397,S-02636,4,397,教授,教授,jiàoshòu,professor,,,unique,False,1,P1,,,,
BATCH-27,B4-0398,S-02637,4,398,教训,教训,jiàoxùn,lesson,,,unique,False,1,P1,,,,
BATCH-27,B4-0399,S-02638,4,399,阶段,阶段,jiēduàn,stage,,,unique,False,1,P1,,,,
BATCH-27,B4-0400,S-02639,4,400,街道,街道,jiēdào,Street,,,unique,False,1,P1,,,,
BATCH-27,B4-0401,S-02640,4,401,节省,节省,jiéshěng,save,,,unique,False,1,P1,,,,
BATCH-27,B4-0402,S-02641,4,402,结,结,jié,bear; form; knit; knot,,,unique,False,1,P1,,,,
BATCH-27,B4-0403,S-02642,4,403,结构,结构,jiégòu,structure,,,unique,False,1,P1,,,,
BATCH-27,B4-0404,S-02643,4,404,结论,结论,jiélùn,conclusion,,,unique,False,1,P1,,,,
BATCH-27,B4-0405,S-02644,4,405,姐妹,姐妹,jiě mèi,sisters,,,unique,False,1,P1,,,,
BATCH-27,B4-0406,S-02645,4,406,解释,解释,jiěshì,explain,,,unique,False,1,P1,,,,
BATCH-27,B4-0407,S-02646,4,407,尽快,尽快,jǐnkuài,as soon as possible,,,unique,False,1,P1,,,,
BATCH-27,B4-0408,S-02647,4,408,紧密,紧密,jǐn mì,close; inseparable,,,unique,False,1,P1,,,,
BATCH-27,B4-0409,S-02648,4,409,尽力,尽力,jìnlì,Try the best,,,unique,False,1,P1,,,,
BATCH-27,B4-0410,S-02649,4,410,进口,进口,jìnkǒu,Imported,,,unique,False,1,P1,,,,
BATCH-27,B4-0411,S-02650,4,411,近代,近代,jìndài,Modern,,,unique,False,1,P1,,,,
BATCH-27,B4-0412,S-02651,4,412,禁止,禁止,jìnzhǐ,prohibit,,,unique,False,1,P1,,,,
BATCH-27,B4-0413,S-02652,4,413,经典,经典,jīngdiǎn,classics; scriptures,,,unique,False,1,P1,,,,
BATCH-27,B4-0414,S-02653,4,414,精力,精力,jīnglì,energy,,,unique,False,1,P1,,,,
BATCH-27,B4-0415,S-02654,4,415,竟然,竟然,jìngrán,Unexpectedly,,,unique,False,1,P1,,,,
BATCH-27,B4-0416,S-02655,4,416,镜头,镜头,jìngtóu,Camera lens,,,unique,False,1,P1,,,,
BATCH-27,B4-0417,S-02656,4,417,镜子,镜子,jìngzi,Mirror,,,unique,False,1,P1,,,,
BATCH-27,B4-0418,S-02657,4,418,究竟,究竟,jiūjìng,exactly,,,unique,False,1,P1,,,,
BATCH-27,B4-0419,S-02658,4,419,酒吧,酒吧,jiǔbā,Bar,,,unique,False,1,P1,,,,
BATCH-27,B4-0420,S-02659,4,420,居民,居民,jūmín,residents,,,unique,False,1,P1,,,,
BATCH-27,B4-0421,S-02660,4,421,居住,居住,jūzhù,live,,,unique,False,1,P1,,,,
BATCH-27,B4-0423,S-02662,4,423,巨大,巨大,jùdà,huge,,,unique,False,1,P1,,,,
BATCH-27,B4-0424,S-02663,4,424,具备,具备,jùbèi,"Have, possess",,,unique,False,1,P1,,,,
BATCH-27,B4-0425,S-02664,4,425,距离,距离,jùlí,distance,,,unique,False,1,P1,,,,
BATCH-27,B4-0426,S-02665,4,426,聚,聚,jù,assemble; gather; get together,,,unique,False,1,P1,,,,
BATCH-27,B4-0427,S-02666,4,427,聚会,聚会,jùhuì,Party,,,unique,False,1,P1,,,,
BATCH-27,B4-0428,S-02667,4,428,卷,卷,juǎn,"roll, curly, reel",,,unique,False,1,P1,,,,
BATCH-27,B4-0429,S-02668,4,429,卷,卷,juàn,volume; file,,,unique,False,1,P1,,,,
BATCH-27,B4-0430,S-02669,4,430,角色,角色,juésè,role,,,unique,False,1,P1,,,,
BATCH-27,B4-0431,S-02670,4,431,开花,开花,kāi huā,flower; bloom; blossom,,,unique,False,1,P1,,,,
BATCH-27,B4-0432,S-02671,4,432,开水,开水,kāishuǐ,Boiling water,,,unique,False,1,P1,,,,
BATCH-27,B4-0433,S-02672,4,433,看不起,看不起,kànbuqǐ,Despise,,,unique,False,1,P1,,,,
BATCH-27,B4-0434,S-02673,4,434,看来,看来,kàn lái,it seems; it appears,,,unique,False,1,P1,,,,
BATCH-27,B4-0435,S-02674,4,435,看望,看望,kànwàng,visit,,,unique,False,1,P1,,,,
BATCH-28,B4-0436,S-02675,4,436,考察,考察,kǎochá,Investigate,,,unique,False,1,P1,,,,
BATCH-28,B4-0437,S-02676,4,437,考虑,考虑,kǎolǜ,Consider,,,unique,False,1,P1,,,,
BATCH-28,B4-0438,S-02677,4,438,棵,棵,kē,Tree (measure word),,,unique,False,1,P1,,,,
BATCH-28,B4-0439,S-02678,4,439,可见,可见,kějiàn,So,,,unique,False,1,P1,,,,
BATCH-28,B4-0440,S-02679,4,440,空间,空间,kōngjiān,space,,,unique,False,1,P1,,,,
BATCH-28,B4-0442,S-02680,4,442,口袋,口袋,kǒu dài,pocket,,,unique,False,1,P1,,,,
BATCH-28,B4-0443,S-02681,4,443,口语,口语,kǒu yǔ,spoken language,,,unique,False,1,P1,,,,
BATCH-28,B4-0444,S-02682,4,444,苦,苦,kǔ,bitter,,,unique,False,1,P1,,,,
BATCH-28,B4-0445,S-02683,4,445,会计,会计,kuàijì,accountant,,,unique,False,1,P1,,,,
BATCH-28,B4-0446,S-02684,4,446,快递,快递,kuài dì,express delivery,,,unique,False,1,P1,,,,
BATCH-28,B4-0447,S-02685,4,447,宽,宽,kuān,wide,,,unique,False,1,P1,,,,
BATCH-28,B4-0448,S-02686,4,448,宽广,宽广,kuān guǎng,broad; vast; extensive,,,unique,False,1,P1,,,,
BATCH-28,B4-0449,S-02687,4,449,矿泉水,矿泉水,kuàngquánshuǐ,Mineral water,,,unique,False,1,P1,,,,
BATCH-28,B4-0450,S-02688,4,450,扩大,扩大,kuòdà,Expand,,,unique,False,1,P1,,,,
BATCH-28,B4-0451,S-02689,4,451,扩展,扩展,kuò zhǎn,expand; extend; spread; develop,,,unique,False,1,P1,,,,
BATCH-28,B4-0452,S-02690,4,452,括号,括号,kuò hào,brackets; parentheses,,,unique,False,1,P1,,,,
BATCH-28,B4-0453,S-02691,4,453,垃圾,垃圾,lā jī,rubbish; garbage; refuse; waste,,,unique,False,1,P1,,,,
BATCH-28,B4-0454,S-02692,4,454,拉开,拉开,lā kāi,pull open; undraw; zip,,,unique,False,1,P1,,,,
BATCH-28,B4-0455,S-02693,4,455,辣,辣,là,"hot, spicy",,,unique,False,1,P1,,,,
BATCH-28,B4-0456,S-02694,4,456,来不及,来不及,láibují,There’s not enough time,,,unique,False,1,P1,,,,
BATCH-28,B4-0457,S-02695,4,457,来得及,来得及,láidejí,In time,,,unique,False,1,P1,,,,
BATCH-28,B4-0458,S-02696,4,458,来源,来源,láiyuán,source,,,unique,False,1,P1,,,,
BATCH-28,B4-0459,S-02697,4,459,老公,老公,lǎo gōng,husband,,,unique,False,1,P1,,,,
BATCH-28,B4-0460,S-02698,4,460,老家,老家,lǎo jiā,hometown; home state,,,unique,False,1,P1,,,,
BATCH-28,B4-0461,S-02699,4,461,老婆,老婆,lǎopó,wife,,,unique,False,1,P1,,,,
BATCH-28,B4-0462,S-02700,4,462,老实,老实,lǎoshi,honest,,,unique,False,1,P1,,,,
BATCH-28,B4-0463,S-02701,4,463,乐趣,乐趣,lèqù,pleasure,,,unique,False,1,P1,,,,
BATCH-28,B4-0464,S-02702,4,464,泪,泪,lèi,tear; teardrop,,,unique,False,1,P1,,,,
BATCH-28,B4-0465,S-02703,4,465,泪水,泪水,lèi shuǐ,tear; teardrop,,,unique,False,1,P1,,,,
BATCH-28,B4-0466,S-02704,4,466,类型,类型,lèixíng,type,,,unique,False,1,P1,,,,
BATCH-28,B4-0467,S-02705,4,467,冷静,冷静,lěngjìng,calm down,,,unique,False,1,P1,,,,
BATCH-28,B4-0468,S-02706,4,468,厘米,厘米,límǐ,centimeter,,,unique,False,1,P1,,,,
BATCH-28,B4-0469,S-02707,4,469,离不开,离不开,lí bù kāi,can’t do without,,,unique,False,1,P1,,,,
BATCH-28,B4-0470,S-02708,4,470,力气,力气,lìqi,Strength,,,unique,False,1,P1,,,,
BATCH-28,B4-0471,S-02709,4,471,历史,历史,lìshǐ,History,,,unique,False,1,P1,,,,
BATCH-28,B4-0472,S-02710,4,472,立即,立即,lìjí,immediately,,,unique,False,1,P1,,,,
BATCH-28,B4-0473,S-02711,4,473,利息,利息,lìxī,accrual; interest,,,unique,False,1,P1,,,,
BATCH-28,B4-0474,S-02712,4,474,利益,利益,lìyì,interest,,,unique,False,1,P1,,,,
BATCH-28,B4-0475,S-02713,4,475,俩,俩,liǎ,Two,,,unique,False,1,P1,,,,
BATCH-28,B4-0476,S-02714,4,476,良好,良好,liánghǎo,good,,,unique,False,1,P1,,,,
BATCH-28,B4-0477,S-02715,4,477,量,量,liáng,measure; estimate; amount,,,unique,False,1,P1,,,,
BATCH-28,B4-0478,S-02716,4,478,粮食,粮食,liángshi,foodstuff,,,unique,False,1,P1,,,,
BATCH-28,B4-0479,S-02717,4,479,两边,两边,liǎng biān,both sides,,,unique,False,1,P1,,,,
BATCH-28,B4-0480,S-02718,4,480,疗养,疗养,liáo yǎng,recuperate; convalesce,,,unique,False,1,P1,,,,
BATCH-28,B4-0481,S-02719,4,481,了不起,了不起,liǎobuqǐ,Amazing,,,unique,False,1,P1,,,,
BATCH-28,B4-0482,S-02720,4,482,了解,了解,liǎojiě,understand,,,unique,False,1,P1,,,,
BATCH-28,B4-0483,S-02721,4,483,列,列,liè,arrange; line up; list,,,unique,False,1,P1,,,,
BATCH-28,B4-0484,S-02722,4,484,列车,列车,lièchē,train,,,unique,False,1,P1,,,,
BATCH-28,B4-0485,S-02723,4,485,列入,列入,liè rù,included in,,,unique,False,1,P1,,,,
BATCH-28,B4-0486,S-02724,4,486,列为,列为,liè wéi,be classified as; listed as,,,unique,False,1,P1,,,,
BATCH-28,B4-0487,S-02725,4,487,临时,临时,línshí,temporary,,,unique,False,1,P1,,,,
BATCH-28,B4-0488,S-02726,4,488,零食,零食,língshí,snacks,,,unique,False,1,P1,,,,
BATCH-28,B4-0489,S-02727,4,489,流传,流传,liúchuán,spread,,,unique,False,1,P1,,,,
BATCH-28,B4-0490,S-02728,4,490,楼梯,楼梯,lóu tī,stairs; staircase; stairway,,,unique,False,1,P1,,,,
BATCH-28,B4-0491,S-02729,4,491,陆地,陆地,lùdì,land,,,unique,False,1,P1,,,,
BATCH-28,B4-0492,S-02730,4,492,陆续,陆续,lùxù,One after another,,,unique,False,1,P1,,,,
BATCH-28,B4-0493,S-02731,4,493,录取,录取,lùqǔ,matriculate,,,unique,False,1,P1,,,,
BATCH-28,B4-0494,S-02732,4,494,律师,律师,lǜshī,Lawyer,,,unique,False,1,P1,,,,
BATCH-28,B4-0495,S-02733,4,495,轮,轮,lún,wheel; ring; take turns,,,unique,False,1,P1,,,,
BATCH-28,B4-0496,S-02734,4,496,轮船,轮船,lúnchuán,Ship,,,unique,False,1,P1,,,,
BATCH-28,B4-0497,S-02735,4,497,轮椅,轮椅,lún yǐ,wheelchair,,,unique,False,1,P1,,,,
BATCH-28,B4-0498,S-02736,4,498,轮子,轮子,lún zi,wheel,,,unique,False,1,P1,,,,
BATCH-28,B4-0499,S-02737,4,499,论文,论文,lùnwén,paper,,,unique,False,1,P1,,,,
BATCH-28,B4-0500,S-02738,4,500,落,落,luò,fall; drop; go down; set; decline; drop behind,,,same_form_different_sense_or_pos,False,1,P1,,,,
BATCH-28,B4-0501,S-02739,4,501,毛巾,毛巾,máojīn,Towel,,,unique,False,1,P1,,,,
BATCH-28,B4-0502,S-02740,4,502,毛衣,毛衣,máo yī,sweater; wool sweater,,,unique,False,1,P1,,,,
BATCH-28,B4-0503,S-02741,4,503,帽子,帽子,màozi,Hat,,,unique,False,1,P1,,,,
BATCH-28,B4-0504,S-02742,4,504,没错,没错,méi cuò,that’s right,,,unique,False,1,P1,,,,
BATCH-28,B4-0505,S-02743,4,505,没法儿,没法儿,méi fǎr,can not; no way,,,unique,False,1,P1,,,,
BATCH-28,B4-0506,S-02744,4,506,没想到,没想到,méi xiǎng dào,didn’t expect,,,unique,False,1,P1,,,,
BATCH-28,B4-0507,S-02745,4,507,美金,美金,měi jīn,USD; dollar,,,unique,False,1,P1,,,,
BATCH-28,B4-0508,S-02746,4,508,美女,美女,měi nǚ,belle ; beauty; beautiful woman,,,unique,False,1,P1,,,,
BATCH-28,B4-0509,S-02747,4,509,梦,梦,mèng,dream,,,unique,False,1,P1,,,,
BATCH-28,B4-0510,S-02748,4,510,梦见,梦见,mèng jiàn,see in a dream; dream about; dream,,,unique,False,1,P1,,,,
BATCH-28,B4-0511,S-02749,4,511,梦想,梦想,mèngxiǎng,Dream,,,unique,False,1,P1,,,,
BATCH-28,B4-0512,S-02750,4,512,秘密,秘密,mìmì,Secret,,,unique,False,1,P1,,,,
BATCH-28,B4-0513,S-02751,4,513,秘书,秘书,mìshū,secretary,,,unique,False,1,P1,,,,
BATCH-28,B4-0514,S-02752,4,514,密,密,mì,thick; secret; close; dense,,,unique,False,1,P1,,,,
BATCH-28,B4-0515,S-02753,4,515,密码,密码,mìmǎ,Password,,,unique,False,1,P1,,,,
BATCH-28,B4-0516,S-02754,4,516,密切,密切,mìqiè,close,,,unique,False,1,P1,,,,
BATCH-28,B4-0517,S-02755,4,517,免费,免费,miǎnfèi,Free of charge,,,unique,False,1,P1,,,,
BATCH-28,B4-0518,S-02756,4,518,面临,面临,miànlín,face,,,unique,False,1,P1,,,,
BATCH-28,B4-0519,S-02757,4,519,面试,面试,miàn shì,interview; audition,,,unique,False,1,P1,,,,
BATCH-28,B4-0520,S-02758,4,520,描述,描述,miáo shù,describe; depict; description,,,unique,False,1,P1,,,,
BATCH-28,B4-0521,S-02759,4,521,描写,描写,miáoxiě,describe,,,unique,False,1,P1,,,,
BATCH-28,B4-0522,S-02760,4,522,名牌儿,名牌儿,míng páir,famous brand,,,unique,False,1,P1,,,,
BATCH-28,B4-0523,S-02761,4,523,名片,名片,míngpiàn,business card,,,unique,False,1,P1,,,,
BATCH-28,B4-0524,S-02762,4,524,名人,名人,míng rén,celebrity; famous person,,,unique,False,1,P1,,,,
BATCH-28,B4-0525,S-02763,4,525,摸,摸,mō,feel,,,unique,False,1,P1,,,,
BATCH-28,B4-0526,S-02764,4,526,模特儿,模特儿,mó tèr,model,,,unique,False,1,P1,,,,
BATCH-28,B4-0527,S-02765,4,527,模型,模型,móxíng,Model,,,unique,False,1,P1,,,,
BATCH-28,B4-0528,S-02766,4,528,末,末,mò,end; last; final stage,,,unique,False,1,P1,,,,
BATCH-28,B4-0529,S-02767,4,529,默默,默默,mòmò,silently,,,unique,False,1,P1,,,,
BATCH-28,B4-0530,S-02768,4,530,哪怕,哪怕,nǎpà,even if,,,unique,False,1,P1,,,,
BATCH-28,B4-0532,S-02769,4,532,男女,男女,nán nǚ,men and women; male and female,,,unique,False,1,P1,,,,
BATCH-28,B4-0533,S-02770,4,533,男士,男士,nán shì,man,,,unique,False,1,P1,,,,
BATCH-28,B4-0534,S-02771,4,534,难免,难免,nánmiǎn,Unavoidable,,,unique,False,1,P1,,,,
BATCH-28,B4-0535,S-02772,4,535,脑袋,脑袋,nǎodai,head,,,unique,False,1,P1,,,,
BATCH-28,B4-0536,S-02773,4,536,闹,闹,nào,noisy; make a noise; suffer; be troubled,,,unique,False,1,P1,,,,
BATCH-28,B4-0537,S-02774,4,537,闹钟,闹钟,nào zhōng,alarm clock,,,unique,False,1,P1,,,,
BATCH-29,B4-0538,S-02775,4,538,内部,内部,nèibù,interior,,,unique,False,1,P1,,,,
BATCH-29,B4-0539,S-02776,4,539,内科,内科,nèikē,Internal medicine,,,unique,False,1,P1,,,,
BATCH-29,B4-0540,S-02777,4,540,能干,能干,nénggàn,capable,,,unique,False,1,P1,,,,
BATCH-29,B4-0541,S-02778,4,541,宁静,宁静,níng jìng,peaceful; tranquil; quiet,,,unique,False,1,P1,,,,
BATCH-29,B4-0542,S-02779,4,542,浓,浓,nóng,strong,,,unique,False,1,P1,,,,
BATCH-29,B4-0543,S-02780,4,543,女士,女士,nǚshì,Ma’am,,,unique,False,1,P1,,,,
BATCH-29,B4-0544,S-02781,4,544,暖气,暖气,nuǎn qì,central heating; heating; heater,,,unique,False,1,P1,,,,
BATCH-29,B4-0545,S-02782,4,545,拍照,拍照,pāi zhào,take a picture; photograph,,,unique,False,1,P1,,,,
BATCH-29,B4-0546,S-02783,4,546,排列,排列,páiliè,array,,,unique,False,1,P1,,,,
BATCH-29,B4-0547,S-02784,4,547,牌,牌,pái,brand; cards; plate; tablet,,,unique,False,1,P1,,,,
BATCH-29,B4-0549,S-02786,4,549,盘子,盘子,pánzi,plate,,,unique,False,1,P1,,,,
BATCH-29,B4-0550,S-02787,4,550,胖子,胖子,pàng zi,fat person; fatty,,,unique,False,1,P1,,,,
BATCH-29,B4-0551,S-02788,4,551,培训,培训,péixùn,Train,,,unique,False,1,P1,,,,
BATCH-29,B4-0552,S-02789,4,552,培训班,培训班,péi xùn bān,training class,,,unique,False,1,P1,,,,
BATCH-29,B4-0553,S-02790,4,553,培养,培养,péiyǎng,culture,,,unique,False,1,P1,,,,
BATCH-29,B4-0554,S-02791,4,554,培育,培育,péiyù,Cultivation,,,unique,False,1,P1,,,,
BATCH-29,B4-0557,S-02794,4,557,片面,片面,piànmiàn,one-sided,,,unique,False,1,P1,,,,
BATCH-29,B4-0558,S-02795,4,558,品质,品质,pǐnzhì,quality,,,unique,False,1,P1,,,,
BATCH-29,B4-0559,S-02796,4,559,平方,平方,píngfāng,square,,,unique,False,1,P1,,,,
BATCH-29,B4-0560,S-02797,4,560,平静,平静,píngjìng,calm,,,unique,False,1,P1,,,,
BATCH-29,B4-0561,S-02798,4,561,平均,平均,píngjūn,Average,,,unique,False,1,P1,,,,
BATCH-29,B4-0562,S-02799,4,562,平稳,平稳,píng wěn,smooth; steady,,,unique,False,1,P1,,,,
BATCH-29,B4-0563,S-02800,4,563,迫切,迫切,pòqiè,urgent,,,unique,False,1,P1,,,,
BATCH-29,B4-0564,S-02801,4,564,破产,破产,pòchǎn,bankruptcy,,,unique,False,1,P1,,,,
BATCH-29,B4-0565,S-02802,4,565,妻子,妻子,qīzi,Wife,,,unique,False,1,P1,,,,
BATCH-29,B4-0566,S-02803,4,566,期待,期待,qīdài,expect; look forward to,,,unique,False,1,P1,,,,
BATCH-29,B4-0567,S-02804,4,567,期间,期间,qījiān,Period,,,unique,False,1,P1,,,,
BATCH-29,B4-0568,S-02805,4,568,期末,期末,qī mò,end of term,,,unique,False,1,P1,,,,
BATCH-29,B4-0569,S-02806,4,569,期限,期限,qīxiàn,term,,,unique,False,1,P1,,,,
BATCH-29,B4-0570,S-02807,4,570,期中,期中,qī zhōng,midterm,,,unique,False,1,P1,,,,
BATCH-29,B4-0571,S-02808,4,571,其余,其余,qíyú,Rest,,,unique,False,1,P1,,,,
BATCH-29,B4-0572,S-02809,4,572,企业,企业,qǐyè,enterprise,,,unique,False,1,P1,,,,
BATCH-29,B4-0573,S-02810,4,573,气球,气球,qì qiú,balloon,,,unique,False,1,P1,,,,
BATCH-29,B4-0574,S-02811,4,574,汽水,汽水,qì shuǐ,soda; soda water; aerated water; sparkling water,,,unique,False,1,P1,,,,
BATCH-29,B4-0575,S-02812,4,575,汽油,汽油,qìyóu,gasoline,,,unique,False,1,P1,,,,
BATCH-29,B4-0576,S-02813,4,576,器官,器官,qìguān,organ,,,unique,False,1,P1,,,,
BATCH-29,B4-0577,S-02814,4,577,前头,前头,qián tou,front; thereinbefore,,,unique,False,1,P1,,,,
BATCH-29,B4-0578,S-02815,4,578,前途,前途,qiántú,future,,,unique,False,1,P1,,,,
BATCH-29,B4-0579,S-02816,4,579,浅,浅,qiǎn,shallow,,,unique,False,1,P1,,,,
BATCH-29,B4-0580,S-02817,4,580,巧克力,巧克力,qiǎokèlì,Chocolates,,,unique,False,1,P1,,,,
BATCH-29,B4-0581,S-02818,4,581,切,切,qiē,cut,,,unique,False,1,P1,,,,
BATCH-29,B4-0582,S-02819,4,582,亲爱,亲爱,qīn’ài,Dear,,,unique,False,1,P1,,,,
BATCH-29,B4-0583,S-02820,4,583,亲密,亲密,qīnmì,close,,,unique,False,1,P1,,,,
BATCH-29,B4-0584,S-02821,4,584,青春,青春,qīngchūn,Youth,,,unique,False,1,P1,,,,
BATCH-29,B4-0585,S-02822,4,585,轻松,轻松,qīngsōng,Relaxed,,,unique,False,1,P1,,,,
BATCH-29,B4-0586,S-02823,4,586,轻易,轻易,qīngyì,easily,,,unique,False,1,P1,,,,
BATCH-29,B4-0587,S-02824,4,587,清醒,清醒,qīngxǐng,Sober,,,unique,False,1,P1,,,,
BATCH-29,B4-0588,S-02825,4,588,情景,情景,qíngjǐng,scene,,,unique,False,1,P1,,,,
BATCH-29,B4-0589,S-02826,4,589,穷,穷,qióng,poor,,,unique,False,1,P1,,,,
BATCH-29,B4-0590,S-02827,4,590,穷人,穷人,qióng rén,poor people; the poor,,,unique,False,1,P1,,,,
BATCH-29,B4-0591,S-02828,4,591,秋季,秋季,qiū jì,autumn; fall,,,unique,False,1,P1,,,,
BATCH-29,B4-0592,S-02829,4,592,趋势,趋势,qūshì,trend,,,unique,False,1,P1,,,,
BATCH-29,B4-0593,S-02830,4,593,圈,圈,quān,circle,,,unique,False,1,P1,,,,
BATCH-29,B4-0594,S-02831,4,594,权利,权利,quánlì,Right,,,unique,False,1,P1,,,,
BATCH-29,B4-0595,S-02832,4,595,却,却,què,but,,,unique,False,1,P1,,,,
BATCH-29,B4-0596,S-02833,4,596,确认,确认,quèrèn,confirm,,,unique,False,1,P1,,,,
BATCH-29,B4-0597,S-02834,4,597,然而,然而,rán’ér,however,,,unique,False,1,P1,,,,
BATCH-29,B4-0598,S-02835,4,598,燃料,燃料,rán liào,fuel,,,unique,False,1,P1,,,,
BATCH-29,B4-0599,S-02836,4,599,燃烧,燃烧,ránshāo,burning,,,unique,False,1,P1,,,,
BATCH-29,B4-0600,S-02837,4,600,热闹,热闹,rènao,lively,,,unique,False,1,P1,,,,
BATCH-29,B4-0601,S-02838,4,601,热心,热心,rèxīn,enthusiastic,,,unique,False,1,P1,,,,
BATCH-29,B4-0602,S-02839,4,602,人家,人家,rénjiā,family,,,unique,False,1,P1,,,,
BATCH-29,B4-0603,S-02840,4,603,日记,日记,rìjì,diary,,,unique,False,1,P1,,,,
BATCH-29,B4-0604,S-02841,4,604,日历,日历,rìlì,calendar,,,unique,False,1,P1,,,,
BATCH-29,B4-0605,S-02842,4,605,如今,如今,rújīn,nowadays,,,unique,False,1,P1,,,,
BATCH-29,B4-0606,S-02843,4,606,弱,弱,ruò,weak,,,unique,False,1,P1,,,,
BATCH-29,B4-0607,S-02844,4,607,伞,伞,sǎn,umbrella,,,unique,False,1,P1,,,,
BATCH-29,B4-0608,S-02845,4,608,散,散,sàn,break up; disperse; distribute; disseminate; give out,,,same_form_different_sense_or_pos,False,1,P1,,,,
BATCH-29,B4-0609,S-02846,4,609,扫,扫,sǎo,sweep; broom,,,unique,False,1,P1,,,,
BATCH-29,B4-0610,S-02847,4,610,色,色,sè,colour; look; expression; scene; quality,,,unique,False,1,P1,,,,
BATCH-29,B4-0611,S-02848,4,611,色彩,色彩,sècǎi,color,,,unique,False,1,P1,,,,
BATCH-29,B4-0612,S-02849,4,612,森林,森林,sēnlín,Forest,,,unique,False,1,P1,,,,
BATCH-29,B4-0613,S-02850,4,613,晒,晒,shài,The sun dodge; get out of the way; sprain; flash; sparkle; shine;,,,unique,False,1,P1,,,,
BATCH-29,B4-0614,S-02851,4,614,闪,闪,shǎn,lightning,,,unique,False,1,P1,,,,
BATCH-29,B4-0615,S-02852,4,615,闪电,闪电,shǎndiàn,lightning,,,unique,False,1,P1,,,,
BATCH-29,B4-0616,S-02853,4,616,善良,善良,shànliáng,kind; virtuous,,,unique,False,1,P1,,,,
BATCH-29,B4-0617,S-02854,4,617,善于,善于,shànyú,be good at,,,unique,False,1,P1,,,,
BATCH-29,B4-0618,S-02855,4,618,伤害,伤害,shānghài,hurt,,,unique,False,1,P1,,,,
BATCH-29,B4-0619,S-02856,4,619,商务,商务,shāngwù,business,,,unique,False,1,P1,,,,
BATCH-29,B4-0620,S-02857,4,620,赏,赏,shǎng,award; appreciate; reward,,,unique,False,1,P1,,,,
BATCH-29,B4-0621,S-02858,4,621,上个月,上个月,shàng gè yuè,last month,,,unique,False,1,P1,,,,
BATCH-29,B4-0622,S-02859,4,622,上楼,上楼,shàng lóu,go upstairs,,,unique,False,1,P1,,,,
BATCH-29,B4-0623,S-02860,4,623,上门,上门,shàng mén,drop in; visit,,,unique,False,1,P1,,,,
BATCH-29,B4-0624,S-02861,4,624,烧,烧,shāo,burn; cook; bake; roast; run a fever,,,unique,False,1,P1,,,,
BATCH-29,B4-0625,S-02862,4,625,设施,设施,shèshī,facilities,,,unique,False,1,P1,,,,
BATCH-29,B4-0626,S-02863,4,626,设置,设置,shèzhì,Set up,,,unique,False,1,P1,,,,
BATCH-29,B4-0627,S-02864,4,627,申请,申请,shēnqǐng,Apply,,,unique,False,1,P1,,,,
BATCH-29,B4-0628,S-02865,4,628,身材,身材,shēncái,figure,,,unique,False,1,P1,,,,
BATCH-29,B4-0629,S-02866,4,629,身份,身份,shēnfèn,identity,,,unique,False,1,P1,,,,
BATCH-29,B4-0630,S-02867,4,630,身高,身高,shēn gāo,height,,,unique,False,1,P1,,,,
BATCH-29,B4-0631,S-02868,4,631,深厚,深厚,shēn hòu,deep; profound; solid; deep-seated,,,unique,False,1,P1,,,,
BATCH-29,B4-0632,S-02869,4,632,神话,神话,shénhuà,Myth,,,unique,False,1,P1,,,,
BATCH-29,B4-0633,S-02870,4,633,神秘,神秘,shénmì,mysterious,,,unique,False,1,P1,,,,
BATCH-29,B4-0634,S-02871,4,634,甚至,甚至,shènzhì,Even to the extent that,,,unique,False,1,P1,,,,
BATCH-29,B4-0635,S-02872,4,635,失败,失败,shībài,fail,,,unique,False,1,P1,,,,
BATCH-29,B4-0636,S-02873,4,636,失望,失望,shīwàng,Disappointment,,,unique,False,1,P1,,,,
BATCH-29,B4-0637,S-02874,4,637,失业,失业,shīyè,Unemployment,,,unique,False,1,P1,,,,
BATCH-29,B4-0638,S-02875,4,638,诗,诗,shī,poetry,,,unique,False,1,P1,,,,
BATCH-29,B4-0639,S-02876,4,639,诗人,诗人,shī rén,poet,,,unique,False,1,P1,,,,
BATCH-29,B4-0640,S-02877,4,640,湿,湿,shī,wet; damp; humid,,,unique,False,1,P1,,,,
BATCH-30,B4-0641,S-02878,4,641,实施,实施,shíshī,Implementation,,,unique,False,1,P1,,,,
BATCH-30,B4-0642,S-02879,4,642,实用,实用,shíyòng,Practical,,,unique,False,1,P1,,,,
BATCH-30,B4-0643,S-02880,4,643,食堂,食堂,shí táng,dining room; mess hall; canteen,,,unique,False,1,P1,,,,
BATCH-30,B4-0644,S-02881,4,644,使劲,使劲,shǐ jìn,exert all one’s strength; put in energy,,,unique,False,1,P1,,,,
BATCH-30,B4-0645,S-02882,4,645,士兵,士兵,shìbīng,soldiers,,,unique,False,1,P1,,,,
BATCH-30,B4-0646,S-02883,4,646,市区,市区,shì qū,downtown area; urban district,,,unique,False,1,P1,,,,
BATCH-30,B4-0647,S-02884,4,647,似的,似的,shìde,Like,,,unique,False,1,P1,,,,
BATCH-30,B4-0648,S-02885,4,648,事物,事物,shìwù,Thing,,,unique,False,1,P1,,,,
BATCH-30,B4-0649,S-02886,4,649,事先,事先,shìxiān,Prior,,,unique,False,1,P1,,,,
BATCH-30,B4-0650,S-02887,4,650,试卷,试卷,shìjuàn,test paper,,,unique,False,1,P1,,,,
BATCH-30,B4-0651,S-02888,4,651,是否,是否,shìfǒu,Whether,,,unique,False,1,P1,,,,
BATCH-30,B4-0652,S-02889,4,652,收回,收回,shōu huí,withdraw; regain; call in; countermand,,,unique,False,1,P1,,,,
BATCH-30,B4-0653,S-02890,4,653,收获,收获,shōuhuò,Harvest,,,unique,False,1,P1,,,,
BATCH-30,B4-0654,S-02891,4,654,收益,收益,shōuyì,income; profit,,,unique,False,1,P1,,,,
BATCH-30,B4-0655,S-02892,4,655,手工,手工,shǒugōng,manual,,,unique,False,1,P1,,,,
BATCH-30,B4-0656,S-02893,4,656,手里,手里,shǒu lǐ,in one’s hands,,,unique,False,1,P1,,,,
BATCH-30,B4-0657,S-02894,4,657,手术,手术,shǒushù,Operation,,,unique,False,1,P1,,,,
BATCH-30,B4-0658,S-02895,4,658,手套,手套,shǒutào,glove,,,unique,False,1,P1,,,,
BATCH-30,B4-0659,S-02896,4,659,守,守,shǒu,guard; defend; observe,,,unique,False,1,P1,,,,
BATCH-30,B4-0661,S-02898,4,661,受不了,受不了,shòubuliǎo,Cannot bear sth,,,unique,False,1,P1,,,,
BATCH-30,B4-0662,S-02899,4,662,售货员,售货员,shòuhuòyuán,Salesperson,,,unique,False,1,P1,,,,
BATCH-30,B4-0663,S-02900,4,663,叔叔,叔叔,shūshu,uncle,,,unique,False,1,P1,,,,
BATCH-30,B4-0664,S-02901,4,664,舒适,舒适,shūshì,Comfortable,,,unique,False,1,P1,,,,
BATCH-30,B4-0665,S-02902,4,665,熟练,熟练,shúliàn,skilled,,,unique,False,1,P1,,,,
BATCH-30,B4-0666,S-02903,4,666,暑假,暑假,shǔ jià,summer vacation,,,unique,False,1,P1,,,,
BATCH-30,B4-0667,S-02904,4,667,树林,树林,shù lín,wood; grove; forest,,,unique,False,1,P1,,,,
BATCH-30,B4-0668,S-02905,4,668,树叶,树叶,shù yè,leaf; tree leaf,,,unique,False,1,P1,,,,
BATCH-30,B4-0669,S-02906,4,669,数据,数据,shùjù,data,,,unique,False,1,P1,,,,
BATCH-30,B4-0670,S-02907,4,670,数码,数码,shùmǎ,Digital,,,unique,False,1,P1,,,,
BATCH-30,B4-0671,S-02908,4,671,刷,刷,shuā,brush; scrub; paste up,,,unique,False,1,P1,,,,
BATCH-30,B4-0672,S-02909,4,672,刷牙,刷牙,shuāyá,Brush one’s teeth,,,unique,False,1,P1,,,,
BATCH-30,B4-0673,S-02910,4,673,刷子,刷子,shuā zi,brush; scrub,,,unique,False,1,P1,,,,
BATCH-30,B4-0674,S-02911,4,674,帅,帅,shuài,Handsome,,,unique,False,1,P1,,,,
BATCH-30,B4-0675,S-02912,4,675,帅哥,帅哥,shuài gē,handsome boy,,,unique,False,1,P1,,,,
BATCH-30,B4-0676,S-02913,4,676,率先,率先,shuài xiān,lead; take the lead,,,unique,False,1,P1,,,,
BATCH-30,B4-0677,S-02914,4,677,睡着,睡着,shuì zháo,sleep; fall asleep,,,unique,False,1,P1,,,,
BATCH-30,B4-0678,S-02915,4,678,顺序,顺序,shùnxù,order,,,unique,False,1,P1,,,,
BATCH-30,B4-0679,S-02916,4,679,说不定,说不定,shuōbudìng,maybe,,,unique,False,1,P1,,,,
BATCH-30,B4-0680,S-02917,4,680,说服,说服,shuōfú,Persuade,,,unique,False,1,P1,,,,
BATCH-30,B4-0681,S-02918,4,681,思考,思考,sīkǎo,Reflection,,,unique,False,1,P1,,,,
BATCH-30,B4-0682,S-02919,4,682,似乎,似乎,sìhū,It seems that,,,unique,False,1,P1,,,,
BATCH-30,B4-0683,S-02920,4,683,松,松,sōng,pine; loose; slack; loosen; relax; slacken,,,unique,False,1,P1,,,,
BATCH-30,B4-0684,S-02921,4,684,松树,松树,sōng shù,pine tree; pine,,,unique,False,1,P1,,,,
BATCH-30,B4-0685,S-02922,4,685,塑料,塑料,sù liào,plastic,,,unique,False,1,P1,,,,
BATCH-30,B4-0686,S-02923,4,686,塑料袋,塑料袋,sùliàodài,Plastic bag,,,unique,False,1,P1,,,,
BATCH-30,B4-0687,S-02924,4,687,酸,酸,suān,acid,,,unique,False,1,P1,,,,
BATCH-30,B4-0688,S-02925,4,688,酸奶,酸奶,suān nǎi,yogurt,,,unique,False,1,P1,,,,
BATCH-30,B4-0689,S-02926,4,689,随手,随手,suíshǒu,Readily,,,unique,False,1,P1,,,,
BATCH-30,B4-0690,S-02927,4,690,孙女,孙女,sūn nǚ,granddaughter,,,unique,False,1,P1,,,,
BATCH-30,B4-0691,S-02928,4,691,孙子,孙子,sūnzi,Grandson,,,unique,False,1,P1,,,,
BATCH-30,B4-0692,S-02929,4,692,缩短,缩短,suōduǎn,Shorten,,,unique,False,1,P1,,,,
BATCH-30,B4-0693,S-02930,4,693,缩小,缩小,suō xiǎo,reduce; lessen; narrow; shrink; zoom out,,,unique,False,1,P1,,,,
BATCH-30,B4-0694,S-02931,4,694,台阶,台阶,táijiē,Steps,,,unique,False,1,P1,,,,
BATCH-30,B4-0695,S-02932,4,695,台上,台上,tái shàng,on the stage,,,unique,False,1,P1,,,,
BATCH-30,B4-0696,S-02933,4,696,躺,躺,tǎng,lie,,,unique,False,1,P1,,,,
BATCH-30,B4-0697,S-02934,4,697,套餐,套餐,tào cān,set meal,,,unique,False,1,P1,,,,
BATCH-30,B4-0698,S-02935,4,698,特价,特价,tè jià,special offer; bargain price,,,unique,False,1,P1,,,,
BATCH-30,B4-0699,S-02936,4,699,特殊,特殊,tèshū,special,,,unique,False,1,P1,,,,
BATCH-30,B4-0700,S-02937,4,700,特征,特征,tèzhēng,Features,,,unique,False,1,P1,,,,
BATCH-30,B4-0701,S-02938,4,701,提供,提供,tígōng,provide,,,unique,False,1,P1,,,,
BATCH-30,B4-0702,S-02939,4,702,提醒,提醒,tíxǐng,remind,,,unique,False,1,P1,,,,
BATCH-30,B4-0703,S-02940,4,703,体操,体操,tǐ cāo,gymnastics,,,unique,False,1,P1,,,,
BATCH-30,B4-0704,S-02941,4,704,体检,体检,tǐ jiǎn,physical examination,,,unique,False,1,P1,,,,
BATCH-30,B4-0705,S-02942,4,705,体重,体重,tǐ zhòng,body weight,,,unique,False,1,P1,,,,
BATCH-30,B4-0706,S-02943,4,706,替,替,tì,replace; substitute; take the place of; for; on behalf of,,,unique,False,1,P1,,,,
BATCH-30,B4-0707,S-02944,4,707,替代,替代,tì dài,replace; substitute,,,unique,False,1,P1,,,,
BATCH-30,B4-0708,S-02945,4,708,天真,天真,tiānzhēn,naive,,,unique,False,1,P1,,,,
BATCH-30,B4-0709,S-02946,4,709,填,填,tián,fill; stuff; fill in; write,,,unique,False,1,P1,,,,
BATCH-30,B4-0710,S-02947,4,710,填空,填空,tiánkòng,Fill in the blanks,,,unique,False,1,P1,,,,
BATCH-30,B4-0711,S-02948,4,711,挑,挑,tiāo,choose; pick; select,,,unique,False,1,P1,,,,
BATCH-30,B4-0712,S-02949,4,712,挑选,挑选,tiāo xuǎn,pick; choose; select; pick out,,,unique,False,1,P1,,,,
BATCH-30,B4-0713,S-02950,4,713,调皮,调皮,tiáopí,naughty,,,unique,False,1,P1,,,,
BATCH-30,B4-0714,S-02951,4,714,挑,挑,tiǎo,lift up; raise; prick; incite,,,unique,False,1,P1,,,,
BATCH-30,B4-0715,S-02952,4,715,挑战,挑战,tiǎozhàn,Dekaron,,,unique,False,1,P1,,,,
BATCH-30,B4-0716,S-02953,4,716,贴,贴,tiē,stick; paste; glue; nestle up to; keep close to,,,unique,False,1,P1,,,,
BATCH-30,B4-0717,S-02954,4,717,停下,停下,tíng xià,stop,,,unique,False,1,P1,,,,
BATCH-30,B4-0719,S-02956,4,719,通知书,通知书,tōng zhī shū,notice,,,unique,False,1,P1,,,,
BATCH-30,B4-0720,S-02957,4,720,同情,同情,tóngqíng,Sympathy,,,unique,False,1,P1,,,,
BATCH-30,B4-0721,S-02958,4,721,童话,童话,tónghuà,fairy tale,,,unique,False,1,P1,,,,
BATCH-30,B4-0722,S-02959,4,722,童年,童年,tóng nián,childhood; babyhood,,,unique,False,1,P1,,,,
BATCH-30,B4-0723,S-02960,4,723,统计,统计,tǒngjì,Statistics,,,unique,False,1,P1,,,,
BATCH-30,B4-0724,S-02961,4,724,统一,统一,tǒngyī,Unified,,,unique,False,1,P1,,,,
BATCH-30,B4-0725,S-02962,4,725,痛快,痛快,tòngkuài,"Happy, to one`s heart`s content",,,unique,False,1,P1,,,,
BATCH-30,B4-0726,S-02963,4,726,投,投,tóu,throw; fling; hurl; cast; drop; put in; send; go to,,,unique,False,1,P1,,,,
BATCH-30,B4-0727,S-02964,4,727,投入,投入,tóurù,put into,,,unique,False,1,P1,,,,
BATCH-30,B4-0728,S-02965,4,728,投诉,投诉,tóusù,complaint,,,unique,False,1,P1,,,,
BATCH-30,B4-0729,S-02966,4,729,投资,投资,tóuzī,Investment,,,unique,False,1,P1,,,,
BATCH-30,B4-0730,S-02967,4,730,透,透,tòu,penetrate; pass through; tell secretly; show; through,,,unique,False,1,P1,,,,
BATCH-30,B4-0731,S-02968,4,731,透明,透明,tòumíng,transparent,,,unique,False,1,P1,,,,
BATCH-30,B4-0732,S-02969,4,732,图案,图案,tú’àn,pattern,,,unique,False,1,P1,,,,
BATCH-30,B4-0733,S-02970,4,733,途中,途中,tú zhōng,on the way to; en route,,,unique,False,1,P1,,,,
BATCH-30,B4-0734,S-02971,4,734,土地,土地,tǔdì,land,,,unique,False,1,P1,,,,
BATCH-30,B4-0735,S-02972,4,735,推迟,推迟,tuīchí,delay,,,unique,False,1,P1,,,,
BATCH-30,B4-0736,S-02973,4,736,推销,推销,tuīxiāo,promote sales,,,unique,False,1,P1,,,,
BATCH-30,B4-0737,S-02974,4,737,脱,脱,tuō,take off,,,unique,False,1,P1,,,,
BATCH-30,B4-0738,S-02975,4,738,袜子,袜子,wàzi,Socks,,,unique,False,1,P1,,,,
BATCH-30,B4-0739,S-02976,4,739,外汇,外汇,wài huì,foreign exchange; foreign currency,,,unique,False,1,P1,,,,
BATCH-30,B4-0740,S-02977,4,740,外交官,外交官,wài jiāo guān,diplomat; diplomatist,,,unique,False,1,P1,,,,
BATCH-30,B4-0741,S-02978,4,741,外套,外套,wài tào,coat,,,unique,False,1,P1,,,,
BATCH-30,B4-0742,S-02979,4,742,弯,弯,wān,curved; bend; turn; crooked,,,unique,False,1,P1,,,,
BATCH-31,B4-0743,S-02980,4,743,晚点,晚点,wǎn diǎn,late; behind schedule,,,unique,False,1,P1,,,,
BATCH-31,B4-0744,S-02981,4,744,万一,万一,wànyī,In case,,,unique,False,1,P1,,,,
BATCH-31,B4-0745,S-02982,4,745,王,王,wáng,king; monarch; head; chief,,,unique,False,1,P1,,,,
BATCH-31,B4-0746,S-02983,4,746,网络,网络,wǎngluò,network,,,unique,False,1,P1,,,,
BATCH-31,B4-0747,S-02984,4,747,网址,网址,wǎng zhǐ,Internet site; website; URL,,,unique,False,1,P1,,,,
BATCH-31,B4-0748,S-02985,4,748,微笑,微笑,wēixiào,Smile,,,unique,False,1,P1,,,,
BATCH-31,B4-0749,S-02986,4,749,微信,微信,wēi xìn,WeChat (a Chinese social app),,,unique,False,1,P1,,,,
BATCH-31,B4-0750,S-02987,4,750,围巾,围巾,wéijīn,scarf,,,unique,False,1,P1,,,,
BATCH-31,B4-0751,S-02988,4,751,维持,维持,wéichí,maintain,,,unique,False,1,P1,,,,
BATCH-31,B4-0752,S-02989,4,752,维护,维护,wéihù,protect,,,unique,False,1,P1,,,,
BATCH-31,B4-0753,S-02990,4,753,维修,维修,wéixiū,Repair,,,unique,False,1,P1,,,,
BATCH-31,B4-0754,S-02991,4,754,尾巴,尾巴,wěiba,tail,,,unique,False,1,P1,,,,
BATCH-31,B4-0755,S-02992,4,755,未必,未必,wèibì,not necessarily,,,unique,False,1,P1,,,,
BATCH-31,B4-0756,S-02993,4,756,未来,未来,wèilái,Future,,,unique,False,1,P1,,,,
BATCH-31,B4-0757,S-02994,4,757,位于,位于,wèiyú,Be located,,,unique,False,1,P1,,,,
BATCH-31,B4-0758,S-02995,4,758,位置,位置,wèizhì,position,,,unique,False,1,P1,,,,
BATCH-31,B4-0759,S-02996,4,759,味儿,味儿,wèir,flavor; taste,,,unique,False,1,P1,,,,
BATCH-31,B4-0761,S-02998,4,761,稳,稳,wěn,steady; stable; sure; certain,,,unique,False,1,P1,,,,
BATCH-31,B4-0762,S-02999,4,762,稳定,稳定,wěndìng,Stable,,,unique,False,1,P1,,,,
BATCH-31,B4-0763,S-03000,4,763,问候,问候,wènhòu,To greet,,,unique,False,1,P1,,,,
BATCH-31,B4-0764,S-03001,4,764,无,无,wú,nothing,,,unique,False,1,P1,,,,
BATCH-31,B4-0765,S-03002,4,765,无法,无法,wú fǎ,unable; incapable,,,unique,False,1,P1,,,,
BATCH-31,B4-0766,S-03003,4,766,无聊,无聊,wúliáo,Boring,,,unique,False,1,P1,,,,
BATCH-31,B4-0767,S-03004,4,767,无论,无论,wúlùn,no matter,,,unique,False,1,P1,,,,
BATCH-31,B4-0768,S-03005,4,768,无数,无数,wúshù,Countless,,,unique,False,1,P1,,,,
BATCH-31,B4-0769,S-03006,4,769,无所谓,无所谓,wúsuǒwèi,cannot be designated as,,,unique,False,1,P1,,,,
BATCH-31,B4-0770,S-03007,4,770,无限,无限,wú xiàn,infinite; limitless; unlimited,,,unique,False,1,P1,,,,
BATCH-31,B4-0771,S-03008,4,771,五颜六色,五颜六色,wǔ yán liù sè,colourful; multicolored,,,unique,False,1,P1,,,,
BATCH-31,B4-0772,S-03009,4,772,误会,误会,wùhuì,Misunderstanding,,,unique,False,1,P1,,,,
BATCH-31,B4-0773,S-03010,4,773,西瓜,西瓜,xīguā,watermelon,,,unique,False,1,P1,,,,
BATCH-31,B4-0774,S-03011,4,774,吸,吸,xī,inhale; breathe; absorb; suck in,,,unique,False,1,P1,,,,
BATCH-31,B4-0775,S-03012,4,775,吸管,吸管,xī guǎn,straw,,,unique,False,1,P1,,,,
BATCH-31,B4-0776,S-03013,4,776,吸收,吸收,xīshōu,absorb,,,unique,False,1,P1,,,,
BATCH-31,B4-0777,S-03014,4,777,吸烟,吸烟,xī yān,smoke,,,unique,False,1,P1,,,,
BATCH-31,B4-0778,S-03015,4,778,吸引,吸引,xīyǐn,Attract,,,unique,False,1,P1,,,,
BATCH-31,B4-0779,S-03016,4,779,喜爱,喜爱,xǐ ài,like; love; be fond of,,,unique,False,1,P1,,,,
BATCH-31,B4-0780,S-03017,4,780,系列,系列,xìliè,series,,,unique,False,1,P1,,,,
BATCH-31,B4-0781,S-03018,4,781,系统,系统,xìtǒng,system,,,unique,False,1,P1,,,,
BATCH-31,B4-0782,S-03019,4,782,细,细,xì,thin; slender; delicate; careful; trifling,,,unique,False,1,P1,,,,
BATCH-31,B4-0783,S-03020,4,783,细节,细节,xìjié,details,,,unique,False,1,P1,,,,
BATCH-31,B4-0784,S-03021,4,784,细致,细致,xìzhì,careful,,,unique,False,1,P1,,,,
BATCH-31,B4-0785,S-03022,4,785,下个月,下个月,xià gè yuè,next month,,,unique,False,1,P1,,,,
BATCH-31,B4-0786,S-03023,4,786,下降,下降,xià jiàng,decline; drop; decrease; fall; go down,,,unique,False,1,P1,,,,
BATCH-31,B4-0787,S-03024,4,787,下楼,下楼,xià lóu,go downstairs; come downstairs,,,unique,False,1,P1,,,,
BATCH-31,B4-0788,S-03025,4,788,下载,下载,xiàzài,download,,,unique,False,1,P1,,,,
BATCH-31,B4-0789,S-03026,4,789,夏季,夏季,xià jì,summer,,,unique,False,1,P1,,,,
BATCH-31,B4-0790,S-03027,4,790,鲜,鲜,xiān,fresh; bright; delicious; little; rare,,,unique,False,1,P1,,,,
BATCH-31,B4-0791,S-03028,4,791,鲜花,鲜花,xiān huā,fresh flower,,,unique,False,1,P1,,,,
BATCH-31,B4-0792,S-03029,4,792,鲜明,鲜明,xiānmíng,distinct,,,unique,False,1,P1,,,,
BATCH-31,B4-0793,S-03030,4,793,咸,咸,xián,salty,,,unique,False,1,P1,,,,
BATCH-31,B4-0794,S-03031,4,794,显著,显著,xiǎnzhù,remarkable,,,unique,False,1,P1,,,,
BATCH-31,B4-0795,S-03032,4,795,县,县,xiàn,county,,,unique,False,1,P1,,,,
BATCH-31,B4-0796,S-03033,4,796,限制,限制,xiànzhì,limit,,,unique,False,1,P1,,,,
BATCH-31,B4-0797,S-03034,4,797,相处,相处,xiāngchǔ,Get along with,,,unique,False,1,P1,,,,
BATCH-31,B4-0798,S-03035,4,798,相反,相反,xiāngfǎn,Contrary,,,unique,False,1,P1,,,,
BATCH-31,B4-0799,S-03036,4,799,箱,箱,xiāng,chest; box; case; trunk,,,unique,False,1,P1,,,,
BATCH-31,B4-0800,S-03037,4,800,箱子,箱子,xiāng zi,chest; bin; box; case; trunk,,,unique,False,1,P1,,,,
BATCH-31,B4-0801,S-03038,4,801,想念,想念,xiǎngniàn,miss,,,unique,False,1,P1,,,,
BATCH-31,B4-0802,S-03039,4,802,想象,想象,xiǎngxiàng,imagine,,,unique,False,1,P1,,,,
BATCH-31,B4-0803,S-03040,4,803,项,项,xiàng,term,,,unique,False,1,P1,,,,
BATCH-31,B4-0804,S-03041,4,804,项目,项目,xiàngmù,project,,,unique,False,1,P1,,,,
BATCH-31,B4-0805,S-03042,4,805,相片,相片,xiàng piàn,photo; photograph,,,unique,False,1,P1,,,,
BATCH-31,B4-0806,S-03043,4,806,消化,消化,xiāohuà,Digestion,,,unique,False,1,P1,,,,
BATCH-31,B4-0807,S-03044,4,807,销售,销售,xiāoshòu,Sale,,,unique,False,1,P1,,,,
BATCH-31,B4-0808,S-03045,4,808,小吃,小吃,xiǎochī,snack,,,unique,False,1,P1,,,,
BATCH-31,B4-0809,S-03046,4,809,小伙子,小伙子,xiǎohuǒzi,Young fellow,,,unique,False,1,P1,,,,
BATCH-31,B4-0810,S-03047,4,810,小型,小型,xiǎo xíng,small-size; small-scale,,,unique,False,1,P1,,,,
BATCH-31,B4-0811,S-03048,4,811,效率,效率,xiàolǜ,efficiency,,,unique,False,1,P1,,,,
BATCH-31,B4-0812,S-03049,4,812,些,些,xiē,some,,,unique,False,1,P1,,,,
BATCH-31,B4-0813,S-03050,4,813,心理,心理,xīnlǐ,Psychology,,,unique,False,1,P1,,,,
BATCH-31,B4-0814,S-03051,4,814,新郎,新郎,xīnláng,Groom,,,unique,False,1,P1,,,,
BATCH-31,B4-0815,S-03052,4,815,新娘,新娘,xīnniáng,Bride,,,unique,False,1,P1,,,,
BATCH-31,B4-0816,S-03053,4,816,新鲜,新鲜,xīnxiān,fresh,,,unique,False,1,P1,,,,
BATCH-31,B4-0817,S-03054,4,817,新型,新型,xīn xíng,new type; new kind,,,unique,False,1,P1,,,,
BATCH-31,B4-0818,S-03055,4,818,兴奋,兴奋,xīngfèn,Excitement,,,unique,False,1,P1,,,,
BATCH-31,B4-0819,S-03056,4,819,形容,形容,xíngróng,describe,,,unique,False,1,P1,,,,
BATCH-31,B4-0820,S-03057,4,820,形势,形势,xíngshì,situation,,,unique,False,1,P1,,,,
BATCH-31,B4-0821,S-03058,4,821,型,型,xíng,mould; model; type; pattern,,,unique,False,1,P1,,,,
BATCH-31,B4-0822,S-03059,4,822,型号,型号,xíng hào,model; type; pattern,,,unique,False,1,P1,,,,
BATCH-31,B4-0823,S-03060,4,823,醒,醒,xǐng,wake up,,,unique,False,1,P1,,,,
BATCH-31,B4-0824,S-03061,4,824,兴趣,兴趣,xìng qù,interest,,,unique,False,1,P1,,,,
BATCH-31,B4-0825,S-03062,4,825,性质,性质,xìngzhì,Nature,,,unique,False,1,P1,,,,
BATCH-31,B4-0826,S-03063,4,826,兄弟,兄弟,xiōngdì,Brother,,,unique,False,1,P1,,,,
BATCH-31,B4-0827,S-03064,4,827,胸部,胸部,xiōng bù,chest; thorax; breast,,,unique,False,1,P1,,,,
BATCH-31,B4-0828,S-03065,4,828,修理,修理,xiūlǐ,repair,,,unique,False,1,P1,,,,
BATCH-31,B4-0829,S-03066,4,829,选择,选择,xuǎnzé,Choice,,,unique,False,1,P1,,,,
BATCH-31,B4-0830,S-03067,4,830,学分,学分,xué fēn,credit; academic credit,,,unique,False,1,P1,,,,
BATCH-31,B4-0831,S-03068,4,831,学年,学年,xué nián,school year; academic year,,,unique,False,1,P1,,,,
BATCH-31,B4-0832,S-03069,4,832,学时,学时,xué shí,class hour; period,,,unique,False,1,P1,,,,
BATCH-31,B4-0833,S-03070,4,833,学术,学术,xuéshù,learning,,,unique,False,1,P1,,,,
BATCH-31,B4-0834,S-03071,4,834,学问,学问,xuéwen,knowledge,,,unique,False,1,P1,,,,
BATCH-31,B4-0835,S-03072,4,835,寻找,寻找,xúnzhǎo,"Seek, look for",,,unique,False,1,P1,,,,
BATCH-31,B4-0836,S-03073,4,836,迅速,迅速,xùnsù,rapid,,,unique,False,1,P1,,,,
BATCH-31,B4-0837,S-03074,4,837,牙,牙,yá,tooth; ivory; tooth-like thing,,,unique,False,1,P1,,,,
BATCH-31,B4-0838,S-03075,4,838,牙刷,牙刷,yá shuā,toothbrush,,,unique,False,1,P1,,,,
BATCH-31,B4-0839,S-03076,4,839,亚运会,亚运会,yà yùn huì,Asian Games,,,unique,False,1,P1,,,,
BATCH-31,B4-0840,S-03077,4,840,呀,呀,ya,ah,,,unique,False,1,P1,,,,
BATCH-31,B4-0841,S-03078,4,841,延长,延长,yáncháng,extend,,,unique,False,1,P1,,,,
BATCH-31,B4-0842,S-03079,4,842,延期,延期,yánqī,Delay,,,unique,False,1,P1,,,,
BATCH-31,B4-0843,S-03080,4,843,延续,延续,yánxù,continue,,,unique,False,1,P1,,,,
BATCH-32,B4-0844,S-03081,4,844,严,严,yán,strict; tight; severe; stern,,,unique,False,1,P1,,,,
BATCH-32,B4-0845,S-03082,4,845,严格,严格,yángé,strict,,,unique,False,1,P1,,,,
BATCH-32,B4-0846,S-03083,4,846,严重,严重,yánzhòng,serious,,,unique,False,1,P1,,,,
BATCH-32,B4-0847,S-03084,4,847,研究,研究,yánjiū,research,,,unique,False,1,P1,,,,
BATCH-32,B4-0848,S-03085,4,848,研究生,研究生,yán jiū shēng,postgraduate; graduate student,,,unique,False,1,P1,,,,
BATCH-32,B4-0849,S-03086,4,849,研制,研制,yán zhì,prepare; manufacture; develop,,,unique,False,1,P1,,,,
BATCH-32,B4-0850,S-03087,4,850,盐,盐,yán,salt,,,unique,False,1,P1,,,,
BATCH-32,B4-0851,S-03088,4,851,眼镜,眼镜,yǎnjìng,glasses,,,unique,False,1,P1,,,,
BATCH-32,B4-0852,S-03089,4,852,眼泪,眼泪,yǎn lèi,tear; eyedrop,,,unique,False,1,P1,,,,
BATCH-32,B4-0853,S-03090,4,853,眼里,眼里,yǎn lǐ,within one’s vision; in one’s eyes,,,unique,False,1,P1,,,,
BATCH-32,B4-0854,S-03091,4,854,演讲,演讲,yǎnjiǎng,speech,,,unique,False,1,P1,,,,
BATCH-32,B4-0855,S-03092,4,855,阳台,阳台,yángtái,balcony,,,unique,False,1,P1,,,,
BATCH-32,B4-0856,S-03093,4,856,养成,养成,yǎngchéng,Cultivate,,,unique,False,1,P1,,,,
BATCH-32,B4-0857,S-03094,4,857,腰,腰,yāo,waist,,,unique,False,1,P1,,,,
BATCH-32,B4-0858,S-03095,4,858,摇,摇,yáo,shake,,,unique,False,1,P1,,,,
BATCH-32,B4-0859,S-03096,4,859,药物,药物,yào wù,drug; medicine,,,unique,False,1,P1,,,,
BATCH-32,B4-0861,S-03098,4,861,业余,业余,yèyú,amateur,,,unique,False,1,P1,,,,
BATCH-32,B4-0862,S-03099,4,862,叶子,叶子,yèzi,Leaf,,,unique,False,1,P1,,,,
BATCH-32,B4-0863,S-03100,4,863,医疗,医疗,yī liáo,medical treatment,,,unique,False,1,P1,,,,
BATCH-32,B4-0864,S-03101,4,864,医学,医学,yī xué,medical science; medicine,,,unique,False,1,P1,,,,
BATCH-32,B4-0865,S-03102,4,865,依靠,依靠,yīkào,rely on; depend on,,,unique,False,1,P1,,,,
BATCH-32,B4-0866,S-03103,4,866,依然,依然,yīrán,still,,,unique,False,1,P1,,,,
BATCH-32,B4-0867,S-03104,4,867,一律,一律,yílǜ,all and singular,,,unique,False,1,P1,,,,
BATCH-32,B4-0868,S-03105,4,868,一再,一再,yízài,repeatedly,,,unique,False,1,P1,,,,
BATCH-32,B4-0869,S-03106,4,869,一致,一致,yízhì,Agreement,,,unique,False,1,P1,,,,
BATCH-32,B4-0870,S-03107,4,870,移,移,yí,move; remove; shift; change; alter,,,unique,False,1,P1,,,,
BATCH-32,B4-0871,S-03108,4,871,移动,移动,yídòng,move,,,unique,False,1,P1,,,,
BATCH-32,B4-0872,S-03109,4,872,移民,移民,yímín,immigrant,,,unique,False,1,P1,,,,
BATCH-32,B4-0873,S-03110,4,873,遗产,遗产,yíchǎn,heritage,,,unique,False,1,P1,,,,
BATCH-32,B4-0874,S-03111,4,874,遗传,遗传,yíchuán,inheritance,,,unique,False,1,P1,,,,
BATCH-32,B4-0875,S-03112,4,875,疑问,疑问,yíwèn,Doubt,,,unique,False,1,P1,,,,
BATCH-32,B4-0876,S-03113,4,876,以及,以及,yǐjí,as well as,,,unique,False,1,P1,,,,
BATCH-32,B4-0877,S-03114,4,877,以内,以内,yǐ nèi,within,,,unique,False,1,P1,,,,
BATCH-32,B4-0878,S-03115,4,878,一般来说,一般来说,yì bān lái shuō,generally speaking,,,unique,False,1,P1,,,,
BATCH-32,B4-0879,S-03116,4,879,义务,义务,yìwù,obligation,,,unique,False,1,P1,,,,
BATCH-32,B4-0880,S-03117,4,880,议论,议论,yìlùn,Discussion,,,unique,False,1,P1,,,,
BATCH-32,B4-0881,S-03118,4,881,引,引,yǐn,lead; guide; draw; stretch; lure; attract; cause,,,unique,False,1,P1,,,,
BATCH-32,B4-0882,S-03119,4,882,引导,引导,yǐndǎo,guide,,,unique,False,1,P1,,,,
BATCH-32,B4-0883,S-03120,4,883,引进,引进,yǐn jìn,introduce from elsewhere; bring in; recommend,,,unique,False,1,P1,,,,
BATCH-32,B4-0884,S-03121,4,884,引起,引起,yǐnqǐ,cause,,,unique,False,1,P1,,,,
BATCH-32,B4-0885,S-03122,4,885,应,应,yīng,should; ought to; answer; respond; promise,,,same_form_different_sense_or_pos,False,1,P1,,,,
BATCH-32,B4-0886,S-03123,4,886,英勇,英勇,yīngyǒng,heroic,,,unique,False,1,P1,,,,
BATCH-32,B4-0887,S-03124,4,887,营业,营业,yíngyè,Do business,,,unique,False,1,P1,,,,
BATCH-32,B4-0888,S-03125,4,888,赢得,赢得,yíng dé,gain; win,,,unique,False,1,P1,,,,
BATCH-32,B4-0889,S-03126,4,889,影子,影子,yǐngzi,shadow,,,unique,False,1,P1,,,,
BATCH-32,B4-0890,S-03127,4,890,勇敢,勇敢,yǒnggǎn,Brave,,,unique,False,1,P1,,,,
BATCH-32,B4-0891,S-03128,4,891,勇气,勇气,yǒngqì,courage,,,unique,False,1,P1,,,,
BATCH-32,B4-0892,S-03129,4,892,用途,用途,yòngtú,purpose,,,unique,False,1,P1,,,,
BATCH-32,B4-0893,S-03130,4,893,优良,优良,yōu liáng,fine; good; excellent,,,unique,False,1,P1,,,,
BATCH-32,B4-0894,S-03131,4,894,优美,优美,yōuměi,Graceful,,,unique,False,1,P1,,,,
BATCH-32,B4-0895,S-03132,4,895,优秀,优秀,yōuxiù,excellent,,,unique,False,1,P1,,,,
BATCH-32,B4-0896,S-03133,4,896,邮局,邮局,yóujú,Post Office,,,unique,False,1,P1,,,,
BATCH-32,B4-0897,S-03134,4,897,有劲儿,有劲儿,yǒu jìnr,strong; energetic,,,unique,False,1,P1,,,,
BATCH-32,B4-0898,S-03135,4,898,有趣,有趣,yǒuqù,interesting,,,unique,False,1,P1,,,,
BATCH-32,B4-0899,S-03136,4,899,有限,有限,yǒu xiàn,limited; finite,,,unique,False,1,P1,,,,
BATCH-32,B4-0900,S-03137,4,900,幼儿园,幼儿园,yòu’éryuán,Kindergarten,,,unique,False,1,P1,,,,
BATCH-32,B4-0901,S-03138,4,901,于是,于是,yúshì,Therefore,,,unique,False,1,P1,,,,
BATCH-32,B4-0902,S-03139,4,902,语法,语法,yǔfǎ,grammar,,,unique,False,1,P1,,,,
BATCH-32,B4-0903,S-03140,4,903,语音,语音,yǔ yīn,voice,,,unique,False,1,P1,,,,
BATCH-32,B4-0904,S-03141,4,904,玉,玉,yù,jade,,,unique,False,1,P1,,,,
BATCH-32,B4-0905,S-03142,4,905,玉米,玉米,yùmǐ,Corn,,,unique,False,1,P1,,,,
BATCH-32,B4-0906,S-03143,4,906,预测,预测,yù cè,forecast; prognosis,,,unique,False,1,P1,,,,
BATCH-32,B4-0907,S-03144,4,907,预订,预订,yùdìng,book; subscribe for,,,unique,False,1,P1,,,,
BATCH-32,B4-0908,S-03145,4,908,遇,遇,yù,meet; encounter,,,unique,False,1,P1,,,,
BATCH-32,B4-0909,S-03146,4,909,遇到,遇到,yùdào,encounter,,,unique,False,1,P1,,,,
BATCH-32,B4-0910,S-03147,4,910,遇见,遇见,yù jiàn,meet; come across,,,unique,False,1,P1,,,,
BATCH-32,B4-0911,S-03148,4,911,原料,原料,yuánliào,raw material,,,unique,False,1,P1,,,,
BATCH-32,B4-0912,S-03149,4,912,原则,原则,yuánzé,Principle,,,unique,False,1,P1,,,,
BATCH-32,B4-0913,S-03150,4,913,圆,圆,yuán,circular,,,unique,False,1,P1,,,,
BATCH-32,B4-0914,S-03151,4,914,圆满,圆满,yuánmǎn,Satisfactorily,,,unique,False,1,P1,,,,
BATCH-32,B4-0915,S-03152,4,915,约会,约会,yuēhuì,Date,,,unique,False,1,P1,,,,
BATCH-32,B4-0916,S-03153,4,916,月底,月底,yuè dǐ,the end of a month,,,unique,False,1,P1,,,,
BATCH-32,B4-0917,S-03154,4,917,阅读,阅读,yuèdú,Read,,,unique,False,1,P1,,,,
BATCH-32,B4-0918,S-03155,4,918,运动会,运动会,yùn dòng huì,sports meeting,,,unique,False,1,P1,,,,
BATCH-32,B4-0919,S-03156,4,919,运动员,运动员,yùn dòng yuán,athlete; sportsman,,,unique,False,1,P1,,,,
BATCH-32,B4-0920,S-03157,4,920,运气,运气,yùnqi,luck,,,unique,False,1,P1,,,,
BATCH-32,B4-0921,S-03158,4,921,运用,运用,yùnyòng,Application,,,unique,False,1,P1,,,,
BATCH-32,B4-0922,S-03159,4,922,再三,再三,zàisān,repeatedly,,,unique,False,1,P1,,,,
BATCH-32,B4-0923,S-03160,4,923,在乎,在乎,zàihu,care about,,,unique,False,1,P1,,,,
BATCH-32,B4-0924,S-03161,4,924,在于,在于,zàiyú,rest with,,,unique,False,1,P1,,,,
BATCH-32,B4-0925,S-03162,4,925,赞成,赞成,zànchéng,agree,,,unique,False,1,P1,,,,
BATCH-32,B4-0926,S-03163,4,926,赞赏,赞赏,zàn shǎng,praise; panegyrize; eulogize; admiration,,,unique,False,1,P1,,,,
BATCH-32,B4-0927,S-03164,4,927,赞助,赞助,zànzhù,Sponsor,,,unique,False,1,P1,,,,
BATCH-32,B4-0928,S-03165,4,928,造型,造型,zàoxíng,style; modeling,,,unique,False,1,P1,,,,
BATCH-32,B4-0929,S-03166,4,929,战斗,战斗,zhàndòu,Battle,,,unique,False,1,P1,,,,
BATCH-32,B4-0930,S-03167,4,930,战胜,战胜,zhàn shèng,defeat; conquer,,,unique,False,1,P1,,,,
BATCH-32,B4-0931,S-03168,4,931,战士,战士,zhàn shì,warrior; soldier; fighter,,,unique,False,1,P1,,,,
BATCH-32,B4-0932,S-03169,4,932,战争,战争,zhànzhēng,War,,,unique,False,1,P1,,,,
BATCH-32,B4-0933,S-03170,4,933,丈夫,丈夫,zhàngfu,husband,,,unique,False,1,P1,,,,
BATCH-32,B4-0934,S-03171,4,934,招呼,招呼,zhāo hu,call; hail; greet; glad-hand,,,unique,False,1,P1,,,,
BATCH-32,B4-0936,S-03172,4,936,着火,着火,zháohuǒ,on fire,,,unique,False,1,P1,,,,
BATCH-32,B4-0937,S-03173,4,937,着急,着急,zháojí,Worry,,,unique,False,1,P1,,,,
BATCH-32,B4-0938,S-03174,4,938,召开,召开,zhàokāi,convene,,,unique,False,1,P1,,,,
BATCH-32,B4-0939,S-03175,4,939,折,折,zhé,fracture,,,unique,False,1,P1,,,,
BATCH-32,B4-0940,S-03176,4,940,针,针,zhēn,needle; injection,,,unique,False,1,P1,,,,
BATCH-32,B4-0941,S-03177,4,941,针对,针对,zhēnduì,In the light of,,,unique,False,1,P1,,,,
BATCH-32,B4-0942,S-03178,4,942,阵,阵,zhèn,front,,,unique,False,1,P1,,,,
BATCH-32,B4-0943,S-03179,4,943,争论,争论,zhēnglùn,debate,,,unique,False,1,P1,,,,
BATCH-32,B4-0944,S-03180,4,944,征服,征服,zhēngfú,Conquer,,,unique,False,1,P1,,,,
BATCH-32,B4-0945,S-03181,4,945,征求,征求,zhēngqiú,"seek, ask for",,,unique,False,1,P1,,,,
BATCH-33,B4-0946,S-03182,4,946,政府,政府,zhèngfǔ,government,,,unique,False,1,P1,,,,
BATCH-33,B4-0947,S-03183,4,947,政治,政治,zhèngzhì,Politics,,,unique,False,1,P1,,,,
BATCH-33,B4-0948,S-03184,4,948,之后,之后,zhī hòu,later; after; afterwards,,,unique,False,1,P1,,,,
BATCH-33,B4-0949,S-03185,4,949,之间,之间,zhī jiān,between; among,,,unique,False,1,P1,,,,
BATCH-33,B4-0950,S-03186,4,950,之前,之前,zhī qián,before; prior to,,,unique,False,1,P1,,,,
BATCH-33,B4-0951,S-03187,4,951,之一,之一,zhī yī,one of,,,unique,False,1,P1,,,,
BATCH-33,B4-0953,S-03189,4,953,植物,植物,zhíwù,Botany,,,unique,False,1,P1,,,,
BATCH-33,B4-0954,S-03190,4,954,指挥,指挥,zhǐhuī,command,,,unique,False,1,P1,,,,
BATCH-33,B4-0955,S-03191,4,955,制订,制订,zhì dìng,formulate; work out; map out,,,unique,False,1,P1,,,,
BATCH-33,B4-0956,S-03192,4,956,质量,质量,zhìliàng,quality,,,unique,False,1,P1,,,,
BATCH-33,B4-0957,S-03193,4,957,治,治,zhì,rule; govern; manage; cure; treatment,,,unique,False,1,P1,,,,
BATCH-33,B4-0958,S-03194,4,958,治疗,治疗,zhìliáo,Treatment,,,unique,False,1,P1,,,,
BATCH-33,B4-0959,S-03195,4,959,智力,智力,zhìlì,intelligence,,,unique,False,1,P1,,,,
BATCH-33,B4-0960,S-03196,4,960,智能,智能,zhìnéng,Intelligence,,,unique,False,1,P1,,,,
BATCH-33,B4-0961,S-03197,4,961,中介,中介,zhōngjiè,intermediary,,,unique,False,1,P1,,,,
BATCH-33,B4-0962,S-03198,4,962,种类,种类,zhǒnglèi,type,,,unique,False,1,P1,,,,
BATCH-33,B4-0963,S-03199,4,963,中奖,中奖,zhòng jiǎng,win a lottery,,,unique,False,1,P1,,,,
BATCH-33,B4-0965,S-03200,4,965,种植,种植,zhòngzhí,plant,,,unique,False,1,P1,,,,
BATCH-33,B4-0966,S-03201,4,966,重量,重量,zhòngliàng,weight,,,unique,False,1,P1,,,,
BATCH-33,B4-0967,S-03202,4,967,逐步,逐步,zhúbù,gradually,,,unique,False,1,P1,,,,
BATCH-33,B4-0968,S-03203,4,968,逐渐,逐渐,zhújiàn,gradually,,,unique,False,1,P1,,,,
BATCH-33,B4-0969,S-03204,4,969,主题,主题,zhǔtí,theme,,,unique,False,1,P1,,,,
BATCH-33,B4-0970,S-03205,4,970,主席,主席,zhǔxí,Chairman,,,unique,False,1,P1,,,,
BATCH-33,B4-0971,S-03206,4,971,祝福,祝福,zhùfú,blessing,,,unique,False,1,P1,,,,
BATCH-33,B4-0972,S-03207,4,972,著名,著名,zhùmíng,famous,,,unique,False,1,P1,,,,
BATCH-33,B4-0973,S-03208,4,973,著作,著作,zhùzuò,Work,,,unique,False,1,P1,,,,
BATCH-33,B4-0974,S-03209,4,974,抓紧,抓紧,zhuājǐn,Pay close attention to; grasp,,,unique,False,1,P1,,,,
BATCH-33,B4-0975,S-03210,4,975,专心,专心,zhuānxīn,Attentively,,,unique,False,1,P1,,,,
BATCH-33,B4-0976,S-03211,4,976,转动,转动,zhuǎn dòng,turn; move; turn round,,,unique,False,1,P1,,,,
BATCH-33,B4-0977,S-03212,4,977,转告,转告,zhuǎngào,Tell,,,unique,False,1,P1,,,,
BATCH-33,B4-0978,S-03213,4,978,转身,转身,zhuǎn shēn,turn round; face about,,,unique,False,1,P1,,,,
BATCH-33,B4-0979,S-03214,4,979,转弯,转弯,zhuǎn wān,make a turn; turn a corner,,,unique,False,1,P1,,,,
BATCH-33,B4-0980,S-03215,4,980,转移,转移,zhuǎnyí,transfer,,,unique,False,1,P1,,,,
BATCH-33,B4-0981,S-03216,4,981,装修,装修,zhuāngxiū,decorate house,,,unique,False,1,P1,,,,
BATCH-33,B4-0982,S-03217,4,982,装置,装置,zhuāng zhì,device; equipment,,,unique,False,1,P1,,,,
BATCH-33,B4-0983,S-03218,4,983,追求,追求,zhuīqiú,Pursuit,,,unique,False,1,P1,,,,
BATCH-33,B4-0984,S-03219,4,984,准时,准时,zhǔnshí,on time,,,unique,False,1,P1,,,,
BATCH-33,B4-0985,S-03220,4,985,资料,资料,zīliào,data,,,unique,False,1,P1,,,,
BATCH-33,B4-0986,S-03221,4,986,资源,资源,zīyuán,Resources,,,unique,False,1,P1,,,,
BATCH-33,B4-0987,S-03222,4,987,自,自,zì,from; since; self; oneself,,,unique,False,1,P1,,,,
BATCH-33,B4-0988,S-03223,4,988,自信,自信,zìxìn,self-confidence,,,unique,False,1,P1,,,,
BATCH-33,B4-0989,S-03224,4,989,字母,字母,zìmǔ,Letter,,,unique,False,1,P1,,,,
BATCH-33,B4-0990,S-03225,4,990,综合,综合,zōnghé,comprehensive,,,unique,False,1,P1,,,,
BATCH-33,B4-0991,S-03226,4,991,总共,总共,zǒnggòng,In total,,,unique,False,1,P1,,,,
BATCH-33,B4-0992,S-03227,4,992,总理,总理,zǒnglǐ,prime minister,,,unique,False,1,P1,,,,
BATCH-33,B4-0993,S-03228,4,993,总统,总统,zǒngtǒng,President,,,unique,False,1,P1,,,,
BATCH-33,B4-0994,S-03229,4,994,总之,总之,zǒngzhī,in short,,,unique,False,1,P1,,,,
BATCH-33,B4-0995,S-03230,4,995,阻止,阻止,zǔzhǐ,prevent,,,unique,False,1,P1,,,,
BATCH-33,B4-0996,S-03231,4,996,嘴巴,嘴巴,zuǐ ba,mouth,,,unique,False,1,P1,,,,
BATCH-33,B4-0997,S-03232,4,997,最初,最初,zuìchū,First,,,unique,False,1,P1,,,,
BATCH-33,B4-0998,S-03233,4,998,作出,作出,zuò chū,"make (a decision, etc.)",,,unique,False,1,P1,,,,
BATCH-33,B4-0999,S-03234,4,999,作为,作为,zuòwéi,As,,,unique,False,1,P1,,,,
BATCH-33,B4-1000,S-03235,4,1000,做梦,做梦,zuò mèng,dream; daydream,,,unique,False,1,P1,,,,
BATCH-33,B5-0001,S-03236,5,1,安慰,安慰,ānwèi,comfort,,,unique,False,1,P1,,,,
BATCH-33,B5-0002,S-03237,5,2,岸,岸,àn,bank,,,unique,False,1,P1,,,,
BATCH-33,B5-0003,S-03238,5,3,岸上,岸上,àn shàng,ashore; shore; bank,,,unique,False,1,P1,,,,
BATCH-33,B5-0004,S-03239,5,4,按摩,按摩,ànmó,massage,,,unique,False,1,P1,,,,
BATCH-33,B5-0005,S-03240,5,5,拔,拔,bá,pluck; pull out; draw; select; choose; extract,,,unique,False,1,P1,,,,
BATCH-33,B5-0006,S-03241,5,6,白酒,白酒,bái jiǔ,Chinese Baijiu; liquor and spirits,,,unique,False,1,P1,,,,
BATCH-33,B5-0007,S-03242,5,7,拜访,拜访,bàifǎng,visit,,,unique,False,1,P1,,,,
BATCH-33,B5-0008,S-03243,5,8,版,版,bǎn,printing plate; edition; version,,,unique,False,1,P1,,,,
BATCH-33,B5-0009,S-03244,5,9,扮演,扮演,bànyǎn,Play the role,,,unique,False,1,P1,,,,
BATCH-33,B5-0010,S-03245,5,10,棒,棒,bàng,stick；excellent,,,unique,False,1,P1,,,,
BATCH-33,B5-0011,S-03246,5,11,包围,包围,bāowéi,Surround,,,unique,False,1,P1,,,,
BATCH-33,B5-0012,S-03247,5,12,包装,包装,bāozhuāng,pack; put up; make up,,,unique,False,1,P1,,,,
BATCH-33,B5-0013,S-03248,5,13,保卫,保卫,bǎowèi,Defend,,,unique,False,1,P1,,,,
BATCH-33,B5-0014,S-03249,5,14,保养,保养,bǎoyǎng,maintain,,,unique,False,1,P1,,,,
BATCH-33,B5-0015,S-03250,5,15,报答,报答,bàodá,reciprocate; pay back; repay,,,unique,False,1,P1,,,,
BATCH-33,B5-0016,S-03251,5,16,报警,报警,bàojǐng,call the police,,,unique,False,1,P1,,,,
BATCH-33,B5-0017,S-03252,5,17,抱怨,抱怨,bàoyuàn,Complain,,,unique,False,1,P1,,,,
BATCH-33,B5-0018,S-03253,5,18,背包,背包,bēi bāo,backpack; knapsack; rucksack; infantry pack,,,unique,False,1,P1,,,,
BATCH-33,B5-0019,S-03254,5,19,悲剧,悲剧,bēi jù,tragedy,,,unique,False,1,P1,,,,
BATCH-33,B5-0020,S-03255,5,20,悲伤,悲伤,bēi shāng,sad; sorrowful,,,unique,False,1,P1,,,,
BATCH-33,B5-0021,S-03256,5,21,北极,北极,běijí,arctic,,,unique,False,1,P1,,,,
BATCH-33,B5-0022,S-03257,5,22,被动,被动,bèidòng,passive,,,unique,False,1,P1,,,,
BATCH-33,B5-0023,S-03258,5,23,辈,辈,bèi,generation; lifetime,,,unique,False,1,P1,,,,
BATCH-33,B5-0024,S-03259,5,24,本人,本人,běnrén,oneself,,,unique,False,1,P1,,,,
BATCH-33,B5-0025,S-03260,5,25,鼻子,鼻子,bízi,nose,,,unique,False,1,P1,,,,
BATCH-33,B5-0026,S-03261,5,26,比方,比方,bǐfāng,Example,,,unique,False,1,P1,,,,
BATCH-33,B5-0027,S-03262,5,27,比重,比重,bǐzhòng,specific gravity; proportion,,,unique,False,1,P1,,,,
BATCH-33,B5-0028,S-03263,5,28,彼此,彼此,bǐcǐ,each other,,,unique,False,1,P1,,,,
BATCH-33,B5-0029,S-03264,5,29,必,必,bì,must; certainly; necessarily,,,unique,False,1,P1,,,,
BATCH-33,B5-0030,S-03265,5,30,必需,必需,bì xū,essential; indispensable,,,unique,False,1,P1,,,,
BATCH-33,B5-0031,S-03266,5,31,毕竟,毕竟,bìjìng,after all,,,unique,False,1,P1,,,,
BATCH-33,B5-0032,S-03267,5,32,闭幕,闭幕,bì mù,close; conclude; lower the curtain,,,unique,False,1,P1,,,,
BATCH-33,B5-0033,S-03268,5,33,闭幕式,闭幕式,bì mù shì,closing ceremony,,,unique,False,1,P1,,,,
BATCH-33,B5-0034,S-03269,5,34,边境,边境,biānjìng,border; frontier,,,unique,False,1,P1,,,,
BATCH-33,B5-0035,S-03270,5,35,编辑,编辑,biānjí,edit,,,unique,False,1,P1,,,,
BATCH-33,B5-0036,S-03271,5,36,编辑,编辑,biānji,editor,,,unique,False,1,P1,,,,
BATCH-33,B5-0037,S-03272,5,37,变动,变动,biàn dòng,change; alteration; variation,,,unique,False,1,P1,,,,
BATCH-33,B5-0038,S-03273,5,38,便利,便利,biànlì,facilitate,,,unique,False,1,P1,,,,
BATCH-33,B5-0039,S-03274,5,39,便条,便条,biàntiáo,Note,,,unique,False,1,P1,,,,
BATCH-33,B5-0040,S-03275,5,40,便于,便于,biànyú,Easy to,,,unique,False,1,P1,,,,
BATCH-33,B5-0041,S-03276,5,41,宾馆,宾馆,bīnguǎn,hotel,,,unique,False,1,P1,,,,
BATCH-33,B5-0042,S-03277,5,42,饼,饼,bǐng,cake; cookie; pastry; round flat cake,,,unique,False,1,P1,,,,
BATCH-33,B5-0043,S-03278,5,43,饼干,饼干,bǐnggān,Biscuits,,,unique,False,1,P1,,,,
BATCH-33,B5-0044,S-03279,5,44,病毒,病毒,bìngdú,virus,,,unique,False,1,P1,,,,
BATCH-33,B5-0045,S-03280,5,45,玻璃,玻璃,bōli,Glass,,,unique,False,1,P1,,,,
BATCH-33,B5-0046,S-03281,5,46,博客,博客,bó kè,blog,,,unique,False,1,P1,,,,
BATCH-33,B5-0047,S-03282,5,47,博览会,博览会,bólǎnhuì,exposition,,,unique,False,1,P1,,,,
BATCH-34,B5-0048,S-03283,5,48,博士,博士,bóshì,doctor,,,unique,False,1,P1,,,,
BATCH-34,B5-0049,S-03284,5,49,博物馆,博物馆,bówùguǎn,Museum,,,unique,False,1,P1,,,,
BATCH-34,B5-0050,S-03285,5,50,薄弱,薄弱,bóruò,weak,,,unique,False,1,P1,,,,
BATCH-34,B5-0051,S-03286,5,51,不顾,不顾,búgù,disregard unfavourable; disadvantageous; harmful;,,,unique,False,1,P1,,,,
BATCH-34,B5-0052,S-03287,5,52,不利,不利,bú lì,detrimental,,,unique,False,1,P1,,,,
BATCH-34,B5-0053,S-03288,5,53,不耐烦,不耐烦,búnàifán,Impatient,,,unique,False,1,P1,,,,
BATCH-34,B5-0054,S-03289,5,54,不幸,不幸,bú xìng,misfortune; unfortunat; unfortunately,,,unique,False,1,P1,,,,
BATCH-34,B5-0055,S-03290,5,55,不易,不易,bú yì,not easy; difficult; tough,,,unique,False,1,P1,,,,
BATCH-34,B5-0056,S-03291,5,56,补偿,补偿,bǔcháng,compensate,,,unique,False,1,P1,,,,
BATCH-34,B5-0057,S-03292,5,57,补贴,补贴,bǔtiē,subsidy,,,unique,False,1,P1,,,,
BATCH-34,B5-0058,S-03293,5,58,不曾,不曾,bù céng,never,,,unique,False,1,P1,,,,
BATCH-34,B5-0059,S-03294,5,59,不得了,不得了,búdéliǎo,Very,,,unique,False,1,P1,,,,
BATCH-34,B5-0060,S-03295,5,60,不敢当,不敢当,bùgǎndāng,I really don’t deserve this.,,,unique,False,1,P1,,,,
BATCH-34,B5-0061,S-03296,5,61,不良,不良,bù liáng,bad; harmful; unhealthy,,,unique,False,1,P1,,,,
BATCH-34,B5-0062,S-03297,5,62,不免,不免,bùmiǎn,unavoidable,,,unique,False,1,P1,,,,
BATCH-34,B5-0063,S-03298,5,63,不能不,不能不,bù néng bù,have to; cannot but,,,unique,False,1,P1,,,,
BATCH-34,B5-0064,S-03299,5,64,不时,不时,bùshí,now and then,,,unique,False,1,P1,,,,
BATCH-34,B5-0065,S-03300,5,65,不停,不停,bù tíng,without stop; non-stop,,,unique,False,1,P1,,,,
BATCH-34,B5-0066,S-03301,5,66,不许,不许,bù xǔ,not allow; must not; can’t,,,unique,False,1,P1,,,,
BATCH-34,B5-0067,S-03302,5,67,不止,不止,bùzhǐ,more than,,,unique,False,1,P1,,,,
BATCH-34,B5-0068,S-03303,5,68,不足,不足,bùzú,insufficient,,,unique,False,1,P1,,,,
BATCH-34,B5-0069,S-03304,5,69,部位,部位,bùwèi,part; section,,,unique,False,1,P1,,,,
BATCH-34,B5-0070,S-03305,5,70,猜,猜,cāi,guess,,,unique,False,1,P1,,,,
BATCH-34,B5-0071,S-03306,5,71,猜测,猜测,cāi cè,guess; conjecture; surmise,,,unique,False,1,P1,,,,
BATCH-34,B5-0072,S-03307,5,72,裁判,裁判,cáipàn,Referee,,,unique,False,1,P1,,,,
BATCH-34,B5-0073,S-03308,5,73,采购,采购,cǎigòu,Purchase,,,unique,False,1,P1,,,,
BATCH-34,B5-0074,S-03309,5,74,彩票,彩票,cǎipiào,lottery,,,unique,False,1,P1,,,,
BATCH-34,B5-0075,S-03310,5,75,餐馆,餐馆,cān guǎn,restaurant,,,unique,False,1,P1,,,,
BATCH-34,B5-0076,S-03311,5,76,餐厅,餐厅,cāntīng,Restaurant,,,unique,False,1,P1,,,,
BATCH-34,B5-0077,S-03312,5,77,餐饮,餐饮,cān yǐn,catering; repast,,,unique,False,1,P1,,,,
BATCH-34,B5-0078,S-03313,5,78,草原,草原,cǎo yuán,grasslands; prairie,,,unique,False,1,P1,,,,
BATCH-34,B5-0079,S-03314,5,79,册,册,cè,book (measure word),,,unique,False,1,P1,,,,
BATCH-34,B5-0080,S-03315,5,80,层次,层次,céngcì,gradation; arrangement,,,unique,False,1,P1,,,,
BATCH-34,B5-0081,S-03316,5,81,叉,叉,chā,fork; cross,,,unique,False,1,P1,,,,
BATCH-34,B5-0082,S-03317,5,82,叉子,叉子,chāzi,Fork,,,unique,False,1,P1,,,,
BATCH-34,B5-0083,S-03318,5,83,差别,差别,chābié,difference,,,unique,False,1,P1,,,,
BATCH-34,B5-0084,S-03319,5,84,差距,差距,chājù,disparity; distance,,,unique,False,1,P1,,,,
BATCH-34,B5-0085,S-03320,5,85,插,插,chā,insert,,,unique,False,1,P1,,,,
BATCH-34,B5-0086,S-03321,5,86,查询,查询,chá xún,inquire; demand,,,unique,False,1,P1,,,,
BATCH-34,B5-0087,S-03322,5,87,差点儿,差点儿,chā（yì）diǎnr,almost; nearly,,,unique,False,1,P1,,,,
BATCH-34,B5-0088,S-03323,5,88,拆,拆,chāi,Remove,,,unique,False,1,P1,,,,
BATCH-34,B5-0089,S-03324,5,89,拆除,拆除,chāi chú,tear down; demolish; dismantle; remove,,,unique,False,1,P1,,,,
BATCH-34,B5-0090,S-03325,5,90,产业,产业,chǎnyè,industry,,,unique,False,1,P1,,,,
BATCH-34,B5-0091,S-03326,5,91,长度,长度,cháng dù,length; extent,,,unique,False,1,P1,,,,
BATCH-34,B5-0092,S-03327,5,92,长寿,长寿,cháng shòu,long life; longevity,,,unique,False,1,P1,,,,
BATCH-34,B5-0093,S-03328,5,93,肠,肠,cháng,intestine; bowel; intestinal,,,unique,False,1,P1,,,,
BATCH-34,B5-0094,S-03329,5,94,尝,尝,cháng,taste,,,unique,False,1,P1,,,,
BATCH-34,B5-0095,S-03330,5,95,尝试,尝试,chángshì,attempt,,,unique,False,1,P1,,,,
BATCH-34,B5-0096,S-03331,5,96,厂长,厂长,chǎng zhǎng,factory director; plant manager,,,unique,False,1,P1,,,,
BATCH-34,B5-0097,S-03332,5,97,场面,场面,chǎngmiàn,scene,,,unique,False,1,P1,,,,
BATCH-34,B5-0098,S-03333,5,98,倡导,倡导,chàngdǎo,Advocate,,,unique,False,1,P1,,,,
BATCH-34,B5-0099,S-03334,5,99,超越,超越,chāoyuè,Transcend,,,unique,False,1,P1,,,,
BATCH-34,B5-0100,S-03335,5,100,车主,车主,chē zhǔ,car owner,,,unique,False,1,P1,,,,
BATCH-34,B5-0102,S-03337,5,102,称号,称号,chēnghào,Title,,,unique,False,1,P1,,,,
BATCH-34,B5-0103,S-03338,5,103,成本,成本,chéngběn,cost,,,unique,False,1,P1,,,,
BATCH-34,B5-0104,S-03339,5,104,成交,成交,chéngjiāo,Deal,,,unique,False,1,P1,,,,
BATCH-34,B5-0105,S-03340,5,105,成效,成效,chéngxiào,"Results, effects",,,unique,False,1,P1,,,,
BATCH-34,B5-0106,S-03341,5,106,成语,成语,chéngyǔ,idiom,,,unique,False,1,P1,,,,
BATCH-34,B5-0107,S-03342,5,107,承办,承办,chéngbàn,Undertake,,,unique,False,1,P1,,,,
BATCH-34,B5-0108,S-03343,5,108,城里,城里,chéng lǐ,inside the city; in town,,,unique,False,1,P1,,,,
BATCH-34,B5-0109,S-03344,5,109,乘,乘,chéng,ride,,,unique,False,1,P1,,,,
BATCH-34,B5-0110,S-03345,5,110,乘车,乘车,chéng chē,riding; ride,,,unique,False,1,P1,,,,
BATCH-34,B5-0111,S-03346,5,111,乘客,乘客,chéng kè,passenger,,,unique,False,1,P1,,,,
BATCH-34,B5-0112,S-03347,5,112,乘坐,乘坐,chéngzuò,ride,,,unique,False,1,P1,,,,
BATCH-34,B5-0113,S-03348,5,113,吃力,吃力,chīlì,Sweaty,,,unique,False,1,P1,,,,
BATCH-34,B5-0114,S-03349,5,114,池子,池子,chí zi,pond; pool,,,unique,False,1,P1,,,,
BATCH-34,B5-0115,S-03350,5,115,迟,迟,chí,late; delayed; slow,,,unique,False,1,P1,,,,
BATCH-34,B5-0116,S-03351,5,116,冲动,冲动,chōngdòng,impulse,,,unique,False,1,P1,,,,
BATCH-34,B5-0117,S-03352,5,117,冲突,冲突,chōngtū,conflict,,,unique,False,1,P1,,,,
BATCH-34,B5-0118,S-03353,5,118,充足,充足,chōngzú,adequate,,,unique,False,1,P1,,,,
BATCH-34,B5-0119,S-03354,5,119,愁,愁,chóu,worry; be anxious,,,unique,False,1,P1,,,,
BATCH-34,B5-0120,S-03355,5,120,丑,丑,chǒu,ugly,,,unique,False,1,P1,,,,
BATCH-34,B5-0121,S-03356,5,121,臭,臭,chòu,smelly,,,unique,False,1,P1,,,,
BATCH-34,B5-0122,S-03357,5,122,出版,出版,chūbǎn,publish,,,unique,False,1,P1,,,,
BATCH-34,B5-0123,S-03358,5,123,出差,出差,chūchāi,A business travel,,,unique,False,1,P1,,,,
BATCH-34,B5-0124,S-03359,5,124,出汗,出汗,chū hàn,sweat; sweating,,,unique,False,1,P1,,,,
BATCH-34,B5-0125,S-03360,5,125,出于,出于,chū yú,out of; start from; proceed from; stem,,,unique,False,1,P1,,,,
BATCH-34,B5-0126,S-03361,5,126,初期,初期,chū qī,prime; initial stage; early days,,,unique,False,1,P1,,,,
BATCH-34,B5-0127,S-03362,5,127,除非,除非,chúfēi,Unless,,,unique,False,1,P1,,,,
BATCH-34,B5-0128,S-03363,5,128,除夕,除夕,chúxī,the New Year’s Eve,,,unique,False,1,P1,,,,
BATCH-34,B5-0129,S-03364,5,129,厨房,厨房,chúfáng,Kitchen,,,unique,False,1,P1,,,,
BATCH-34,B5-0130,S-03365,5,130,处罚,处罚,chǔ fá,punish; penalize; punishment,,,unique,False,1,P1,,,,
BATCH-34,B5-0131,S-03366,5,131,处分,处分,chǔfèn,prescription,,,unique,False,1,P1,,,,
BATCH-34,B5-0132,S-03367,5,132,处在,处在,chǔ zài,at; be in,,,unique,False,1,P1,,,,
BATCH-34,B5-0133,S-03368,5,133,传达,传达,chuándá,Convey,,,unique,False,1,P1,,,,
BATCH-34,B5-0134,S-03369,5,134,传递,传递,chuán dì,transmit; deliver; transfer,,,unique,False,1,P1,,,,
BATCH-34,B5-0135,S-03370,5,135,传真,传真,chuánzhēn,Fax,,,unique,False,1,P1,,,,
BATCH-34,B5-0136,S-03371,5,136,窗帘,窗帘,chuānglián,Window curtains,,,unique,False,1,P1,,,,
BATCH-34,B5-0137,S-03372,5,137,闯,闯,chuǎng,rush; dash,,,unique,False,1,P1,,,,
BATCH-34,B5-0138,S-03373,5,138,创立,创立,chuànglì,Found,,,unique,False,1,P1,,,,
BATCH-34,B5-0139,S-03374,5,139,辞典,辞典,cí diǎn,dictionary,,,unique,False,1,P1,,,,
BATCH-34,B5-0140,S-03375,5,140,辞职,辞职,cízhí,resign,,,unique,False,1,P1,,,,
BATCH-34,B5-0141,S-03376,5,141,此后,此后,cǐ hòu,after that; hereafter; henceforth,,,unique,False,1,P1,,,,
BATCH-34,B5-0142,S-03377,5,142,此刻,此刻,cǐ kè,now; at the moment,,,unique,False,1,P1,,,,
BATCH-34,B5-0143,S-03378,5,143,此时,此时,cǐ shí,this moment; now,,,unique,False,1,P1,,,,
BATCH-34,B5-0144,S-03379,5,144,聪明,聪明,cōngming,clever,,,unique,False,1,P1,,,,
BATCH-34,B5-0145,S-03380,5,145,从而,从而,cóng’ér,thus,,,unique,False,1,P1,,,,
BATCH-34,B5-0146,S-03381,5,146,从中,从中,cóng zhōng,from; therefrom,,,unique,False,1,P1,,,,
BATCH-34,B5-0147,S-03382,5,147,脆,脆,cuì,crisp; brittle; fragile; clear voice,,,unique,False,1,P1,,,,
BATCH-34,B5-0148,S-03383,5,148,存款,存款,cún kuǎn,deposit; bank savings,,,unique,False,1,P1,,,,
BATCH-35,B5-0149,S-03384,5,149,寸,寸,cùn,very short; a unit of length (=1/3 decimetre),,,unique,False,1,P1,,,,
BATCH-35,B5-0150,S-03385,5,150,达成,达成,dáchéng,Reach,,,unique,False,1,P1,,,,
BATCH-35,B5-0151,S-03386,5,151,答,答,dá,answer; reply; respond; return,,,unique,False,1,P1,,,,
BATCH-35,B5-0152,S-03387,5,152,答复,答复,dáfù,Reply,,,unique,False,1,P1,,,,
BATCH-35,B5-0154,S-03389,5,154,打扮,打扮,dǎban,dress up,,,unique,False,1,P1,,,,
BATCH-35,B5-0155,S-03390,5,155,打包,打包,dǎbāo,Pack,,,unique,False,1,P1,,,,
BATCH-35,B5-0156,S-03391,5,156,打击,打击,dǎjī,strike,,,unique,False,1,P1,,,,
BATCH-35,B5-0157,S-03392,5,157,打架,打架,dǎjià,Fight,,,unique,False,1,P1,,,,
BATCH-35,B5-0158,S-03393,5,158,打扰,打扰,dǎrǎo,Disturb,,,unique,False,1,P1,,,,
BATCH-35,B5-0159,S-03394,5,159,大胆,大胆,dà dǎn,bold; daring; audacious; audacity,,,unique,False,1,P1,,,,
BATCH-35,B5-0160,S-03395,5,160,大都,大都,dà dōu,for the most part; mostly,,,unique,False,1,P1,,,,
BATCH-35,B5-0161,S-03396,5,161,大纲,大纲,dà gāng,outline; main point; compendium,,,unique,False,1,P1,,,,
BATCH-35,B5-0162,S-03397,5,162,大伙儿,大伙儿,dàhuǒr,you all; everybody,,,unique,False,1,P1,,,,
BATCH-35,B5-0163,S-03398,5,163,大奖赛,大奖赛,dà jiǎng sài,grand prix,,,unique,False,1,P1,,,,
BATCH-35,B5-0164,S-03399,5,164,大脑,大脑,dà nǎo,cerebrum; brain,,,unique,False,1,P1,,,,
BATCH-35,B5-0165,S-03400,5,165,大事,大事,dà shì,event; in a big way,,,unique,False,1,P1,,,,
BATCH-35,B5-0166,S-03401,5,166,大厅,大厅,dà tīng,hall,,,unique,False,1,P1,,,,
BATCH-35,B5-0167,S-03402,5,167,大象,大象,dàxiàng,Elephant,,,unique,False,1,P1,,,,
BATCH-35,B5-0168,S-03403,5,168,大熊猫,大熊猫,dà xióng māo,panda; giant panda,,,unique,False,1,P1,,,,
BATCH-35,B5-0169,S-03404,5,169,大于,大于,dà yú,be greater than; more than,,,unique,False,1,P1,,,,
BATCH-35,B5-0170,S-03405,5,170,大致,大致,dàzhì,roughly,,,unique,False,1,P1,,,,
BATCH-35,B5-0171,S-03406,5,171,呆,呆,dāi,stay,,,unique,False,1,P1,,,,
BATCH-35,B5-0172,S-03407,5,172,待,待,dāi,stay,,,unique,False,1,P1,,,,
BATCH-35,B5-0173,S-03408,5,173,代价,代价,dàijià,cost,,,unique,False,1,P1,,,,
BATCH-35,B5-0174,S-03409,5,174,代理,代理,dàilǐ,agent,,,unique,False,1,P1,,,,
BATCH-35,B5-0175,S-03410,5,175,带有,带有,dài yǒu,with; have; bear,,,unique,False,1,P1,,,,
BATCH-35,B5-0176,S-03411,5,176,贷款,贷款,dàikuǎn,extend credit to; provide a loan,,,unique,False,1,P1,,,,
BATCH-35,B5-0177,S-03412,5,177,单一,单一,dān yī,single; unitary; sole,,,unique,False,1,P1,,,,
BATCH-35,B5-0178,S-03413,5,178,胆,胆,dǎn,courage; gut; bravery; gallbladder,,,unique,False,1,P1,,,,
BATCH-35,B5-0179,S-03414,5,179,胆小,胆小,dǎn xiǎo,timid; cowardly,,,unique,False,1,P1,,,,
BATCH-35,B5-0180,S-03415,5,180,蛋糕,蛋糕,dàngāo,Cake,,,unique,False,1,P1,,,,
BATCH-35,B5-0181,S-03416,5,181,当场,当场,dāngchǎng,On the spot,,,unique,False,1,P1,,,,
BATCH-35,B5-0182,S-03417,5,182,当代,当代,dāngdài,Contemporary,,,unique,False,1,P1,,,,
BATCH-35,B5-0183,S-03418,5,183,当年,当年,dāng nián,in those years; in those days,,,unique,False,1,P1,,,,
BATCH-35,B5-0184,S-03419,5,184,当前,当前,dāngqián,current,,,unique,False,1,P1,,,,
BATCH-35,B5-0185,S-03420,5,185,当选,当选,dāngxuǎn,be elected; come in,,,unique,False,1,P1,,,,
BATCH-35,B5-0186,S-03421,5,186,挡,挡,dǎng,block,,,unique,False,1,P1,,,,
BATCH-35,B5-0187,S-03422,5,187,到来,到来,dào lái,arrival; advent,,,unique,False,1,P1,,,,
BATCH-35,B5-0188,S-03423,5,188,倒是,倒是,dào shì,on the contrary; contrariwise; actually,,,unique,False,1,P1,,,,
BATCH-35,B5-0189,S-03424,5,189,道德,道德,dàodé,Morality,,,unique,False,1,P1,,,,
BATCH-35,B5-0190,S-03425,5,190,得了,得了,dé le,stop it; hold it; got,,,unique,False,1,P1,,,,
BATCH-35,B5-0191,S-03426,5,191,得以,得以,dé yǐ,be able to,,,unique,False,1,P1,,,,
BATCH-35,B5-0192,S-03427,5,192,等候,等候,děnghòu,Wait,,,unique,False,1,P1,,,,
BATCH-35,B5-0193,S-03428,5,193,等级,等级,děngjí,grade; rank,,,unique,False,1,P1,,,,
BATCH-35,B5-0194,S-03429,5,194,低于,低于,dī yú,below; under,,,unique,False,1,P1,,,,
BATCH-35,B5-0195,S-03430,5,195,地带,地带,dì dài,zone; district; region,,,unique,False,1,P1,,,,
BATCH-35,B5-0196,S-03431,5,196,地形,地形,dì xíng,terrain; topography; orographic,,,unique,False,1,P1,,,,
BATCH-35,B5-0197,S-03432,5,197,地震,地震,dìzhèn,earthquake,,,unique,False,1,P1,,,,
BATCH-35,B5-0198,S-03433,5,198,递,递,dì,Delivery,,,unique,False,1,P1,,,,
BATCH-35,B5-0199,S-03434,5,199,递给,递给,dì gěi,hand over; pass on,,,unique,False,1,P1,,,,
BATCH-35,B5-0200,S-03435,5,200,典礼,典礼,diǎnlǐ,Ceremony,,,unique,False,1,P1,,,,
BATCH-35,B5-0201,S-03436,5,201,点燃,点燃,diǎn rán,light; ignite; kindle,,,unique,False,1,P1,,,,
BATCH-35,B5-0202,S-03437,5,202,电池,电池,diànchí,Battery,,,unique,False,1,P1,,,,
BATCH-35,B5-0203,S-03438,5,203,电饭锅,电饭锅,diàn fàn guō,rice cooker,,,unique,False,1,P1,,,,
BATCH-35,B5-0204,S-03439,5,204,电子版,电子版,diàn zǐ bǎn,electronic edition,,,unique,False,1,P1,,,,
BATCH-35,B5-0205,S-03440,5,205,调动,调动,diàodòng,transfer,,,unique,False,1,P1,,,,
BATCH-35,B5-0206,S-03441,5,206,丢,丢,diū,lose,,,unique,False,1,P1,,,,
BATCH-35,B5-0207,S-03442,5,207,动机,动机,dòngjī,motivation,,,unique,False,1,P1,,,,
BATCH-35,B5-0208,S-03443,5,208,动手,动手,dòngshǒu,DIY,,,unique,False,1,P1,,,,
BATCH-35,B5-0209,S-03444,5,209,动态,动态,dòngtài,dynamic,,,unique,False,1,P1,,,,
BATCH-35,B5-0210,S-03445,5,210,动员,动员,dòngyuán,mobilization,,,unique,False,1,P1,,,,
BATCH-35,B5-0211,S-03446,5,211,冻,冻,dòng,freeze,,,unique,False,1,P1,,,,
BATCH-35,B5-0212,S-03447,5,212,洞,洞,dòng,hole,,,unique,False,1,P1,,,,
BATCH-35,B5-0213,S-03448,5,213,豆制品,豆制品,dòu zhì pǐn,bean products,,,unique,False,1,P1,,,,
BATCH-35,B5-0214,S-03449,5,214,毒,毒,dú,poison; toxin; narcotics; poisonous,,,unique,False,1,P1,,,,
BATCH-35,B5-0215,S-03450,5,215,堆,堆,duī,heap,,,unique,False,1,P1,,,,
BATCH-35,B5-0216,S-03451,5,216,对立,对立,duìlì,Opposition,,,unique,False,1,P1,,,,
BATCH-35,B5-0217,S-03452,5,217,对应,对应,duìyìng,Corresponding,,,unique,False,1,P1,,,,
BATCH-35,B5-0218,S-03453,5,218,吨,吨,dūn,ton,,,unique,False,1,P1,,,,
BATCH-35,B5-0219,S-03454,5,219,朵,朵,duǒ,classifier of flower,,,unique,False,1,P1,,,,
BATCH-35,B5-0220,S-03455,5,220,躲,躲,duǒ,hide; avoid; dodge,,,unique,False,1,P1,,,,
BATCH-35,B5-0221,S-03456,5,221,儿女,儿女,ér nǚ,sons and daughters; children,,,unique,False,1,P1,,,,
BATCH-35,B5-0222,S-03457,5,222,耳朵,耳朵,ěrduo,Ears,,,unique,False,1,P1,,,,
BATCH-35,B5-0223,S-03458,5,223,二维码,二维码,èr wéi mǎ,QR code,,,unique,False,1,P1,,,,
BATCH-35,B5-0224,S-03459,5,224,发布,发布,fābù,Release,,,unique,False,1,P1,,,,
BATCH-35,B5-0225,S-03460,5,225,发觉,发觉,fājué,find,,,unique,False,1,P1,,,,
BATCH-35,B5-0226,S-03461,5,226,发射,发射,fāshè,launch,,,unique,False,1,P1,,,,
BATCH-35,B5-0227,S-03462,5,227,发行,发行,fāxíng,issue,,,unique,False,1,P1,,,,
BATCH-35,B5-0228,S-03463,5,228,罚,罚,fá,punish; penalize; punishment; retribution,,,unique,False,1,P1,,,,
BATCH-35,B5-0229,S-03464,5,229,罚款,罚款,fákuǎn,forfeit; amerce; fine,,,unique,False,1,P1,,,,
BATCH-35,B5-0230,S-03465,5,230,法规,法规,fǎ guī,rule of law; statute; law,,,unique,False,1,P1,,,,
BATCH-35,B5-0231,S-03466,5,231,法制,法制,fǎ zhì,legal system,,,unique,False,1,P1,,,,
BATCH-35,B5-0232,S-03467,5,232,繁荣,繁荣,fánróng,Boom,,,unique,False,1,P1,,,,
BATCH-35,B5-0233,S-03468,5,233,返回,返回,fǎn huí,return; backtrack; go back,,,unique,False,1,P1,,,,
BATCH-35,B5-0234,S-03469,5,234,防治,防治,fángzhì,Prevention and cure,,,unique,False,1,P1,,,,
BATCH-35,B5-0235,S-03470,5,235,放大,放大,fàngdà,enlarge,,,unique,False,1,P1,,,,
BATCH-35,B5-0236,S-03471,5,236,放弃,放弃,fàngqì,give up,,,unique,False,1,P1,,,,
BATCH-35,B5-0237,S-03472,5,237,分成,分成,fēn chéng,divide into; separate into,,,unique,False,1,P1,,,,
BATCH-35,B5-0238,S-03473,5,238,分解,分解,fēnjiě,decompose,,,unique,False,1,P1,,,,
BATCH-35,B5-0239,S-03474,5,239,分类,分类,fēn lèi,classify; assort; classification; sort,,,unique,False,1,P1,,,,
BATCH-35,B5-0240,S-03475,5,240,分离,分离,fēn lí,separate; sever; dissociate; detachment,,,unique,False,1,P1,,,,
BATCH-35,B5-0241,S-03476,5,241,分析,分析,fēnxī,Analysis,,,unique,False,1,P1,,,,
BATCH-35,B5-0242,S-03477,5,242,分享,分享,fēn xiǎng,share; partake,,,unique,False,1,P1,,,,
BATCH-35,B5-0243,S-03478,5,243,丰收,丰收,fēngshōu,Have bumper harvest,,,unique,False,1,P1,,,,
BATCH-35,B5-0244,S-03479,5,244,风度,风度,fēngdù,Manner,,,unique,False,1,P1,,,,
BATCH-35,B5-0245,S-03480,5,245,风光,风光,fēngguāng,Scenery,,,unique,False,1,P1,,,,
BATCH-35,B5-0247,S-03482,5,247,疯,疯,fēng,mad; crazy; insane,,,unique,False,1,P1,,,,
BATCH-35,B5-0248,S-03483,5,248,疯狂,疯狂,fēngkuáng,Insane,,,unique,False,1,P1,,,,
BATCH-35,B5-0249,S-03484,5,249,扶,扶,fú,hold up,,,unique,False,1,P1,,,,
BATCH-35,B5-0250,S-03485,5,250,服从,服从,fúcóng,Obey,,,unique,False,1,P1,,,,
BATCH-36,B5-0251,S-03486,5,251,幅,幅,fú,classifier of picture,,,unique,False,1,P1,,,,
BATCH-36,B5-0252,S-03487,5,252,幅度,幅度,fúdù,range; extent,,,unique,False,1,P1,,,,
BATCH-36,B5-0253,S-03488,5,253,福利,福利,fúlì,welfare,,,unique,False,1,P1,,,,
BATCH-36,B5-0254,S-03489,5,254,辅助,辅助,fǔzhù,auxiliary,,,unique,False,1,P1,,,,
BATCH-36,B5-0255,S-03490,5,255,负责人,负责人,fù zé rén,principal; person in charge,,,unique,False,1,P1,,,,
BATCH-36,B5-0256,S-03491,5,256,附件,附件,fùjiàn,Enclosure,,,unique,False,1,P1,,,,
BATCH-36,B5-0257,S-03492,5,257,改革,改革,gǎigé,reform,,,unique,False,1,P1,,,,
BATCH-36,B5-0258,S-03493,5,258,干脆,干脆,gāncuì,simply,,,unique,False,1,P1,,,,
BATCH-36,B5-0259,S-03494,5,259,干扰,干扰,gānrǎo,interfere,,,unique,False,1,P1,,,,
BATCH-36,B5-0260,S-03495,5,260,干预,干预,gānyù,intervene,,,unique,False,1,P1,,,,
BATCH-36,B5-0261,S-03496,5,261,感想,感想,gǎnxiǎng,Feel,,,unique,False,1,P1,,,,
BATCH-36,B5-0262,S-03497,5,262,钢笔,钢笔,gāng bǐ,pen; fountain pen,,,unique,False,1,P1,,,,
BATCH-36,B5-0263,S-03498,5,263,钢琴,钢琴,gāng qín,piano; pianoforte,,,unique,False,1,P1,,,,
BATCH-36,B5-0264,S-03499,5,264,高大,高大,gāo dà,tall; lofty,,,unique,False,1,P1,,,,
BATCH-36,B5-0265,S-03500,5,265,高度,高度,gāo dù,altitude; height; high; highly,,,unique,False,1,P1,,,,
BATCH-36,B5-0266,S-03501,5,266,高跟鞋,高跟鞋,gāo gēn xié,high-heeled shoes,,,unique,False,1,P1,,,,
BATCH-36,B5-0267,S-03502,5,267,高温,高温,gāo wēn,high temperature,,,unique,False,1,P1,,,,
BATCH-36,B5-0268,S-03503,5,268,高于,高于,gāo yú,higher than; overtop,,,unique,False,1,P1,,,,
BATCH-36,B5-0269,S-03504,5,269,高原,高原,gāo yuán,plateau; highland; tableland,,,unique,False,1,P1,,,,
BATCH-36,B5-0270,S-03505,5,270,搞,搞,gǎo,get,,,unique,False,1,P1,,,,
BATCH-36,B5-0271,S-03506,5,271,搞好,搞好,gǎo hǎo,do well; make a good job of,,,unique,False,1,P1,,,,
BATCH-36,B5-0272,S-03507,5,272,歌曲,歌曲,gē qǔ,song,,,unique,False,1,P1,,,,
BATCH-36,B5-0273,S-03508,5,273,隔壁,隔壁,gébì,next door,,,unique,False,1,P1,,,,
BATCH-36,B5-0274,S-03509,5,274,个儿,个儿,gèr,height; size; stature,,,unique,False,1,P1,,,,
BATCH-36,B5-0275,S-03510,5,275,跟前,跟前,gēnqián,In front of,,,unique,False,1,P1,,,,
BATCH-36,B5-0276,S-03511,5,276,跟随,跟随,gēnsuí,follow,,,unique,False,1,P1,,,,
BATCH-36,B5-0277,S-03512,5,277,更换,更换,gēng huàn,change; replace,,,unique,False,1,P1,,,,
BATCH-36,B5-0278,S-03513,5,278,更新,更新,gēngxīn,renovate; renew,,,unique,False,1,P1,,,,
BATCH-36,B5-0279,S-03514,5,279,工艺,工艺,gōng yì,technology; craft,,,unique,False,1,P1,,,,
BATCH-36,B5-0280,S-03515,5,280,工作日,工作日,gōng zuò rì,workday; working day,,,unique,False,1,P1,,,,
BATCH-36,B5-0281,S-03516,5,281,公告,公告,gōnggào,Notice,,,unique,False,1,P1,,,,
BATCH-36,B5-0282,S-03517,5,282,公认,公认,gōngrèn,Accepted,,,unique,False,1,P1,,,,
BATCH-36,B5-0283,S-03518,5,283,公式,公式,gōngshì,formula,,,unique,False,1,P1,,,,
BATCH-36,B5-0284,S-03519,5,284,公正,公正,gōngzhèng,fair,,,unique,False,1,P1,,,,
BATCH-36,B5-0285,S-03520,5,285,共计,共计,gòngjì,count up to; sum to,,,unique,False,1,P1,,,,
BATCH-36,B5-0286,S-03521,5,286,共享,共享,gòng xiǎng,enjoy together; share,,,unique,False,1,P1,,,,
BATCH-36,B5-0287,S-03522,5,287,沟,沟,gōu,ditch; gutter; trench; gully,,,unique,False,1,P1,,,,
BATCH-36,B5-0288,S-03523,5,288,沟通,沟通,gōutōng,Communicate,,,unique,False,1,P1,,,,
BATCH-36,B5-0289,S-03524,5,289,估计,估计,gūjì,estimate,,,unique,False,1,P1,,,,
BATCH-36,B5-0290,S-03525,5,290,古老,古老,gǔ lǎo,ancient; old; age-old,,,unique,False,1,P1,,,,
BATCH-36,B5-0291,S-03526,5,291,鼓,鼓,gǔ,drum; beat; rouse; bulging,,,unique,False,1,P1,,,,
BATCH-36,B5-0292,S-03527,5,292,鼓励,鼓励,gǔlì,encourage,,,unique,False,1,P1,,,,
BATCH-36,B5-0293,S-03528,5,293,鼓掌,鼓掌,gǔzhǎng,applause,,,unique,False,1,P1,,,,
BATCH-36,B5-0294,S-03529,5,294,顾问,顾问,gùwèn,adviser,,,unique,False,1,P1,,,,
BATCH-36,B5-0296,S-03531,5,296,关怀,关怀,guānhuái,Care,,,unique,False,1,P1,,,,
BATCH-36,B5-0297,S-03532,5,297,关键,关键,guānjiàn,crux,,,unique,False,1,P1,,,,
BATCH-36,B5-0298,S-03533,5,298,冠军,冠军,guànjūn,Champion,,,unique,False,1,P1,,,,
BATCH-36,B5-0299,S-03534,5,299,光荣,光荣,guāngróng,glory,,,unique,False,1,P1,,,,
BATCH-36,B5-0300,S-03535,5,300,光线,光线,guāng xiàn,light; optical line,,,unique,False,1,P1,,,,
BATCH-36,B5-0301,S-03536,5,301,广,广,guǎng,broad; wide; vast; extensive; numerous; spread,,,unique,False,1,P1,,,,
BATCH-36,B5-0302,S-03537,5,302,广泛,广泛,guǎngfàn,widely,,,unique,False,1,P1,,,,
BATCH-36,B5-0303,S-03538,5,303,规划,规划,guīhuà,Plan,,,unique,False,1,P1,,,,
BATCH-36,B5-0304,S-03539,5,304,鬼,鬼,guǐ,ghost; spirit; apparition; dirty trick; terrible;,,,unique,False,1,P1,,,,
BATCH-36,B5-0305,S-03540,5,305,柜子,柜子,guì zi,cupboard; cabinet; chest,,,unique,False,1,P1,,,,
BATCH-36,B5-0306,S-03541,5,306,滚,滚,gǔn,rolling,,,unique,False,1,P1,,,,
BATCH-36,B5-0307,S-03542,5,307,锅,锅,guō,pot,,,unique,False,1,P1,,,,
BATCH-36,B5-0308,S-03543,5,308,国籍,国籍,guójí,nationality,,,unique,False,1,P1,,,,
BATCH-36,B5-0309,S-03544,5,309,国民,国民,guó mín,national,,,unique,False,1,P1,,,,
BATCH-36,B5-0310,S-03545,5,310,过度,过度,guòdù,excessive,,,unique,False,1,P1,,,,
BATCH-36,B5-0311,S-03546,5,311,过敏,过敏,guòmǐn,allergy,,,unique,False,1,P1,,,,
BATCH-36,B5-0312,S-03547,5,312,过于,过于,guòyú,too; excessively evil; harm; calamity; harmful; destructive;,,,unique,False,1,P1,,,,
BATCH-36,B5-0313,S-03548,5,313,害,害,hài,injurious; do harm,,,unique,False,1,P1,,,,
BATCH-36,B5-0314,S-03549,5,314,汗,汗,hàn,sweat,,,unique,False,1,P1,,,,
BATCH-36,B5-0315,S-03550,5,315,好运,好运,hǎo yùn,good luck,,,unique,False,1,P1,,,,
BATCH-36,B5-0316,S-03551,5,316,号召,号召,hàozhào,call,,,unique,False,1,P1,,,,
BATCH-36,B5-0317,S-03552,5,317,合并,合并,hébìng,merge,,,unique,False,1,P1,,,,
BATCH-36,B5-0318,S-03553,5,318,合成,合成,héchéng,Synthesis,,,unique,False,1,P1,,,,
BATCH-36,B5-0319,S-03554,5,319,盒,盒,hé,box; case,,,unique,False,1,P1,,,,
BATCH-36,B5-0320,S-03555,5,320,盒饭,盒饭,hé fàn,box lunch,,,unique,False,1,P1,,,,
BATCH-36,B5-0321,S-03556,5,321,盒子,盒子,hézi,Box,,,unique,False,1,P1,,,,
BATCH-36,B5-0322,S-03557,5,322,贺卡,贺卡,hè kǎ,greeting card,,,unique,False,1,P1,,,,
BATCH-36,B5-0323,S-03558,5,323,恨,恨,hèn,hate,,,unique,False,1,P1,,,,
BATCH-36,B5-0324,S-03559,5,324,猴,猴,hóu,monkey,,,unique,False,1,P1,,,,
BATCH-36,B5-0325,S-03560,5,325,后悔,后悔,hòuhuǐ,regret,,,unique,False,1,P1,,,,
BATCH-36,B5-0326,S-03561,5,326,胡同儿,胡同儿,hú tòngr,alley; lane; bystreet,,,unique,False,1,P1,,,,
BATCH-36,B5-0327,S-03562,5,327,胡子,胡子,hú zi,mustache; beard,,,unique,False,1,P1,,,,
BATCH-36,B5-0328,S-03563,5,328,虎,虎,hǔ,tiger,,,unique,False,1,P1,,,,
BATCH-36,B5-0329,S-03564,5,329,华语,华语,huá yǔ,the Chinese language; Chinese,,,unique,False,1,P1,,,,
BATCH-36,B5-0330,S-03565,5,330,滑,滑,huá,slippery,,,unique,False,1,P1,,,,
BATCH-36,B5-0331,S-03566,5,331,化石,化石,huàshí,Fossil,,,unique,False,1,P1,,,,
BATCH-36,B5-0332,S-03567,5,332,划分,划分,huàfēn,Divide,,,unique,False,1,P1,,,,
BATCH-36,B5-0333,S-03568,5,333,画面,画面,huà miàn,frames; picture,,,unique,False,1,P1,,,,
BATCH-36,B5-0334,S-03569,5,334,环节,环节,huánjié,link,,,unique,False,1,P1,,,,
BATCH-36,B5-0335,S-03570,5,335,慌,慌,huāng,panic; flurried; confused; flustered; awfully,,,unique,False,1,P1,,,,
BATCH-36,B5-0336,S-03571,5,336,慌忙,慌忙,huāng máng,hurried; hurry; hurry-scurry,,,unique,False,1,P1,,,,
BATCH-36,B5-0337,S-03572,5,337,灰色,灰色,huī sè,gray; pessimistic,,,unique,False,1,P1,,,,
BATCH-36,B5-0338,S-03573,5,338,恢复,恢复,huīfù,recovery,,,unique,False,1,P1,,,,
BATCH-36,B5-0339,S-03574,5,339,回报,回报,huíbào,Return,,,unique,False,1,P1,,,,
BATCH-36,B5-0340,S-03575,5,340,回避,回避,huíbì,obviate; slide over,,,unique,False,1,P1,,,,
BATCH-36,B5-0341,S-03576,5,341,回顾,回顾,huígù,review; look back,,,unique,False,1,P1,,,,
BATCH-36,B5-0342,S-03577,5,342,回收,回收,huíshōu,recovery,,,unique,False,1,P1,,,,
BATCH-36,B5-0343,S-03578,5,343,回头,回头,huí tóu,turn one’s head; repent; later,,,unique,False,1,P1,,,,
BATCH-36,B5-0344,S-03579,5,344,回信,回信,huí xìn,reply; write in reply; letter in reply,,,unique,False,1,P1,,,,
BATCH-36,B5-0345,S-03580,5,345,回忆,回忆,huíyì,Memory,,,unique,False,1,P1,,,,
BATCH-36,B5-0346,S-03581,5,346,汇款,汇款,huì kuǎn,remittance; remit money,,,unique,False,1,P1,,,,
BATCH-36,B5-0347,S-03582,5,347,会谈,会谈,huì tán,talks; conversation,,,unique,False,1,P1,,,,
BATCH-36,B5-0348,S-03583,5,348,活力,活力,huólì,energy; vigor,,,unique,False,1,P1,,,,
BATCH-36,B5-0349,S-03584,5,349,活泼,活泼,huópō,lively,,,unique,False,1,P1,,,,
BATCH-36,B5-0350,S-03585,5,350,火柴,火柴,huǒchái,Match,,,unique,False,1,P1,,,,
BATCH-36,B5-0351,S-03586,5,351,火腿,火腿,huǒ tuǐ,ham,,,unique,False,1,P1,,,,
BATCH-37,B5-0352,S-03587,5,352,火灾,火灾,huǒ zāi,fire; fire disaster,,,unique,False,1,P1,,,,
BATCH-37,B5-0353,S-03588,5,353,或是,或是,huò shì,or,,,unique,False,1,P1,,,,
BATCH-37,B5-0354,S-03589,5,354,机器人,机器人,jī qì rén,robot,,,unique,False,1,P1,,,,
BATCH-37,B5-0355,S-03590,5,355,机制,机制,jī zhì,mechanism; machine-processed; machine-made,,,unique,False,1,P1,,,,
BATCH-37,B5-0356,S-03591,5,356,肌肉,肌肉,jīròu,muscle,,,unique,False,1,P1,,,,
BATCH-37,B5-0357,S-03592,5,357,基地,基地,jīdì,base,,,unique,False,1,P1,,,,
BATCH-37,B5-0358,S-03593,5,358,基金,基金,jījīn,fund,,,unique,False,1,P1,,,,
BATCH-37,B5-0359,S-03594,5,359,即使,即使,jíshǐ,even if,,,unique,False,1,P1,,,,
BATCH-37,B5-0360,S-03595,5,360,集团,集团,jítuán,group,,,unique,False,1,P1,,,,
BATCH-37,B5-0361,S-03596,5,361,挤,挤,jǐ,squeeze; press; crowd; push; crowded,,,unique,False,1,P1,,,,
BATCH-37,B5-0362,S-03597,5,362,记忆,记忆,jìyì,memory,,,unique,False,1,P1,,,,
BATCH-37,B5-0363,S-03598,5,363,技能,技能,jì néng,technical ability; skill,,,unique,False,1,P1,,,,
BATCH-37,B5-0364,S-03599,5,364,继承,继承,jìchéng,inherit,,,unique,False,1,P1,,,,
BATCH-37,B5-0365,S-03600,5,365,加热,加热,jiā rè,heat; heating; calefaction,,,unique,False,1,P1,,,,
BATCH-37,B5-0366,S-03601,5,366,加上,加上,jiā shàng,plus; add; with the addition of,,,unique,False,1,P1,,,,
BATCH-37,B5-0367,S-03602,5,367,加速,加速,jiā sù,speed up; accelerate; quicken,,,unique,False,1,P1,,,,
BATCH-37,B5-0368,S-03603,5,368,加以,加以,jiā yǐ,moreover; in addition clip; folder; press from both sides; place in,,,unique,False,1,P1,,,,
BATCH-37,B5-0369,S-03604,5,369,夹,夹,jiā,between; mix,,,unique,False,1,P1,,,,
BATCH-37,B5-0370,S-03605,5,370,甲,甲,jiǎ,nail,,,unique,False,1,P1,,,,
BATCH-37,B5-0371,S-03606,5,371,价,价,jià,price; value,,,unique,False,1,P1,,,,
BATCH-37,B5-0372,S-03607,5,372,驾驶,驾驶,jiàshǐ,Drive,,,unique,False,1,P1,,,,
BATCH-37,B5-0373,S-03608,5,373,驾照,驾照,jià zhào,driving license,,,unique,False,1,P1,,,,
BATCH-37,B5-0374,S-03609,5,374,坚定,坚定,jiāndìng,"Firm, steadfast",,,unique,False,1,P1,,,,
BATCH-37,B5-0375,S-03610,5,375,肩,肩,jiān,shoulder,,,unique,False,1,P1,,,,
BATCH-37,B5-0376,S-03611,5,376,艰苦,艰苦,jiānkǔ,hard,,,unique,False,1,P1,,,,
BATCH-37,B5-0377,S-03612,5,377,艰难,艰难,jiānnán,difficult,,,unique,False,1,P1,,,,
BATCH-37,B5-0378,S-03613,5,378,检验,检验,jiǎnyàn,test,,,unique,False,1,P1,,,,
BATCH-37,B5-0379,S-03614,5,379,减轻,减轻,jiǎn qīng,lighten; ease; alleviate; mitigate; mitigation,,,unique,False,1,P1,,,,
BATCH-37,B5-0380,S-03615,5,380,剪,剪,jiǎn,cut; clip; trim; wipe out; scissors,,,unique,False,1,P1,,,,
BATCH-37,B5-0381,S-03616,5,381,剪刀,剪刀,jiǎndāo,scissors,,,unique,False,1,P1,,,,
BATCH-37,B5-0382,S-03617,5,382,剪子,剪子,jiǎn zi,scissors; shears; clippers,,,unique,False,1,P1,,,,
BATCH-37,B5-0383,S-03618,5,383,间接,间接,jiànjiē,indirect,,,unique,False,1,P1,,,,
BATCH-37,B5-0384,S-03619,5,384,建造,建造,jiàn zào,construct; build; put up,,,unique,False,1,P1,,,,
BATCH-37,B5-0385,S-03620,5,385,建筑,建筑,jiànzhù,Architecture,,,unique,False,1,P1,,,,
BATCH-37,B5-0386,S-03621,5,386,健全,健全,jiànquán,sound,,,unique,False,1,P1,,,,
BATCH-37,B5-0387,S-03622,5,387,键,键,jiàn,key; bond,,,unique,False,1,P1,,,,
BATCH-37,B5-0388,S-03623,5,388,键盘,键盘,jiànpán,keyboard,,,unique,False,1,P1,,,,
BATCH-37,B5-0389,S-03624,5,389,将,将,jiāng,be going to; will; would,,,unique,False,1,P1,,,,
BATCH-37,B5-0390,S-03625,5,390,将要,将要,jiāng yào,will; shall; be going to,,,unique,False,1,P1,,,,
BATCH-37,B5-0391,S-03626,5,391,奖励,奖励,jiǎnglì,reward,,,unique,False,1,P1,,,,
BATCH-37,B5-0392,S-03627,5,392,交代,交代,jiāodài,hand over,,,unique,False,1,P1,,,,
BATCH-37,B5-0393,S-03628,5,393,郊区,郊区,jiāoqū,Suburb,,,unique,False,1,P1,,,,
BATCH-37,B5-0394,S-03629,5,394,胶带,胶带,jiāo dài,tape; adhesive plaster,,,unique,False,1,P1,,,,
BATCH-37,B5-0395,S-03630,5,395,胶水,胶水,jiāoshuǐ,glue,,,unique,False,1,P1,,,,
BATCH-37,B5-0396,S-03631,5,396,脚步,脚步,jiǎo bù,footstep; step; pace,,,unique,False,1,P1,,,,
BATCH-37,B5-0397,S-03632,5,397,接触,接触,jiēchù,Contact,,,unique,False,1,P1,,,,
BATCH-37,B5-0398,S-03633,5,398,接连,接连,jiēlián,One after another,,,unique,False,1,P1,,,,
BATCH-37,B5-0399,S-03634,5,399,解除,解除,jiěchú,Relieve,,,unique,False,1,P1,,,,
BATCH-37,B5-0400,S-03635,5,400,解放,解放,jiěfàng,liberate,,,unique,False,1,P1,,,,
BATCH-37,B5-0401,S-03636,5,401,戒,戒,jiè,Quit,,,unique,False,1,P1,,,,
BATCH-37,B5-0402,S-03637,5,402,届,届,jiè,Session,,,unique,False,1,P1,,,,
BATCH-37,B5-0403,S-03638,5,403,今日,今日,jīn rì,today,,,unique,False,1,P1,,,,
BATCH-37,B5-0404,S-03639,5,404,尽管,尽管,jǐnguǎn,although,,,unique,False,1,P1,,,,
BATCH-37,B5-0405,S-03640,5,405,紧紧,紧紧,jǐn jǐn,closely; tightly,,,unique,False,1,P1,,,,
BATCH-37,B5-0406,S-03641,5,406,尽可能,尽可能,jǐn kě néng,as much as possible,,,unique,False,1,P1,,,,
BATCH-37,B5-0407,S-03642,5,407,进化,进化,jìnhuà,evolution,,,unique,False,1,P1,,,,
BATCH-37,B5-0408,S-03643,5,408,近来,近来,jìnlái,recently,,,unique,False,1,P1,,,,
BATCH-37,B5-0409,S-03644,5,409,经费,经费,jīngfèi,funds,,,unique,False,1,P1,,,,
BATCH-37,B5-0410,S-03645,5,410,景象,景象,jǐng xiàng,scene; sight,,,unique,False,1,P1,,,,
BATCH-37,B5-0411,S-03646,5,411,警告,警告,jǐnggào,warning,,,unique,False,1,P1,,,,
BATCH-37,B5-0412,S-03647,5,412,竞赛,竞赛,jìngsài,competition,,,unique,False,1,P1,,,,
BATCH-37,B5-0413,S-03648,5,413,竞争,竞争,jìngzhēng,compete,,,unique,False,1,P1,,,,
BATCH-37,B5-0414,S-03649,5,414,酒鬼,酒鬼,jiǔ guǐ,drunkard,,,unique,False,1,P1,,,,
BATCH-37,B5-0415,S-03650,5,415,救灾,救灾,jiù zāi,disaster relief,,,unique,False,1,P1,,,,
BATCH-37,B5-0416,S-03651,5,416,居然,居然,jūrán,actually,,,unique,False,1,P1,,,,
BATCH-37,B5-0417,S-03652,5,417,局面,局面,júmiàn,situation,,,unique,False,1,P1,,,,
BATCH-37,B5-0418,S-03653,5,418,局长,局长,jú zhǎng,director,,,unique,False,1,P1,,,,
BATCH-37,B5-0419,S-03654,5,419,举动,举动,jǔdòng,Move,,,unique,False,1,P1,,,,
BATCH-37,B5-0420,S-03655,5,420,拒绝,拒绝,jùjué,refuse,,,unique,False,1,P1,,,,
BATCH-37,B5-0421,S-03656,5,421,俱乐部,俱乐部,jùlèbù,Club,,,unique,False,1,P1,,,,
BATCH-37,B5-0422,S-03657,5,422,剧本,剧本,jùběn,Script,,,unique,False,1,P1,,,,
BATCH-37,B5-0423,S-03658,5,423,决不,决不,jué bù,never; not at all; definitely not,,,unique,False,1,P1,,,,
BATCH-37,B5-0424,S-03659,5,424,绝望,绝望,juéwàng,Despair,,,unique,False,1,P1,,,,
BATCH-37,B5-0425,S-03660,5,425,军人,军人,jūn rén,soldier; serviceman,,,unique,False,1,P1,,,,
BATCH-37,B5-0426,S-03661,5,426,开幕,开幕,kāi mù,open; inaugurate; rising of a curtain,,,unique,False,1,P1,,,,
BATCH-37,B5-0427,S-03662,5,427,开幕式,开幕式,kāimùshì,The opening ceremony,,,unique,False,1,P1,,,,
BATCH-37,B5-0428,S-03663,5,428,看成,看成,kàn chéng,regard as; consider as; treat,,,unique,False,1,P1,,,,
BATCH-37,B5-0429,S-03664,5,429,看出,看出,kàn chū,see; find out; perceive; espy,,,unique,False,1,P1,,,,
BATCH-37,B5-0430,S-03665,5,430,看待,看待,kàndài,To view,,,unique,False,1,P1,,,,
BATCH-37,B5-0431,S-03666,5,431,考核,考核,kǎohé,examine; assess,,,unique,False,1,P1,,,,
BATCH-37,B5-0432,S-03667,5,432,烤肉,烤肉,kǎo ròu,barbecue; roast meat; grill,,,unique,False,1,P1,,,,
BATCH-37,B5-0433,S-03668,5,433,烤鸭,烤鸭,kǎoyā,Roasted Duck,,,unique,False,1,P1,,,,
BATCH-37,B5-0434,S-03669,5,434,靠近,靠近,kào jìn,near; close to; by,,,unique,False,1,P1,,,,
BATCH-37,B5-0435,S-03670,5,435,颗,颗,kē,grain (measure word),,,unique,False,1,P1,,,,
BATCH-37,B5-0436,S-03671,5,436,咳,咳,ké,cough,,,unique,False,1,P1,,,,
BATCH-37,B5-0437,S-03672,5,437,可,可,kě,can; may; approve; be worth; suit; but; yet,,,unique,False,1,P1,,,,
BATCH-37,B5-0438,S-03673,5,438,可怜,可怜,kělián,Poor,,,unique,False,1,P1,,,,
BATCH-37,B5-0439,S-03674,5,439,可惜,可惜,kěxī,unfortunately,,,unique,False,1,P1,,,,
BATCH-37,B5-0440,S-03675,5,440,渴望,渴望,kěwàng,Yearn,,,unique,False,1,P1,,,,
BATCH-37,B5-0442,S-03677,5,442,客户,客户,kèhù,Customer,,,unique,False,1,P1,,,,
BATCH-37,B5-0443,S-03678,5,443,客气,客气,kè qì,polite; courteous; modest,,,unique,False,1,P1,,,,
BATCH-37,B5-0444,S-03679,5,444,客厅,客厅,kètīng,A living room,,,unique,False,1,P1,,,,
BATCH-37,B5-0445,S-03680,5,445,课题,课题,kètí,topic,,,unique,False,1,P1,,,,
BATCH-37,B5-0446,S-03681,5,446,肯定,肯定,kěndìng,sure,,,unique,False,1,P1,,,,
BATCH-37,B5-0447,S-03682,5,447,空中,空中,kōng zhōng,in the air; in the sky,,,unique,False,1,P1,,,,
BATCH-37,B5-0448,S-03683,5,448,控制,控制,kòngzhì,control,,,unique,False,1,P1,,,,
BATCH-37,B5-0449,S-03684,5,449,口号,口号,kǒu hào,slogan; catchword; catchphrase,,,unique,False,1,P1,,,,
BATCH-37,B5-0450,S-03685,5,450,库,库,kù,library; warehouse; storeroom,,,unique,False,1,P1,,,,
BATCH-37,B5-0451,S-03686,5,451,快活,快活,kuàihuo,happy,,,unique,False,1,P1,,,,
BATCH-37,B5-0452,S-03687,5,452,宽度,宽度,kuān dù,breadth; width,,,unique,False,1,P1,,,,
BATCH-38,B5-0453,S-03688,5,453,狂,狂,kuáng,mad; crazy; violent; wild; unrestrained,,,unique,False,1,P1,,,,
BATCH-38,B5-0454,S-03689,5,454,亏,亏,kuī,deficit; deficiency; luckily,,,unique,False,1,P1,,,,
BATCH-38,B5-0455,S-03690,5,455,困扰,困扰,kùn rǎo,perplex; persecute; puzzle; obsession,,,unique,False,1,P1,,,,
BATCH-38,B5-0456,S-03691,5,456,落,落,là,be missing; leave behind; forget to bring,,,same_form_different_sense_or_pos,False,1,P1,,,,
BATCH-38,B5-0457,S-03692,5,457,来信,来信,lái xìn,send a letter here; incoming letter,,,unique,False,1,P1,,,,
BATCH-38,B5-0458,S-03693,5,458,烂,烂,làn,rotten,,,unique,False,1,P1,,,,
BATCH-38,B5-0459,S-03694,5,459,朗读,朗读,lǎngdú,Reading aloud,,,unique,False,1,P1,,,,
BATCH-38,B5-0460,S-03695,5,460,浪漫,浪漫,làngmàn,romantic,,,unique,False,1,P1,,,,
BATCH-38,B5-0461,S-03696,5,461,劳动,劳动,láodòng,labour,,,unique,False,1,P1,,,,
BATCH-38,B5-0462,S-03697,5,462,梨,梨,lí,pear,,,unique,False,1,P1,,,,
BATCH-38,B5-0463,S-03698,5,463,礼,礼,lǐ,ceremony; rite; courtesy; manners; gift,,,unique,False,1,P1,,,,
BATCH-38,B5-0464,S-03699,5,464,礼拜,礼拜,lǐ bài,week; day of the week; religious service,,,unique,False,1,P1,,,,
BATCH-38,B5-0465,S-03700,5,465,礼貌,礼貌,lǐmào,politeness,,,unique,False,1,P1,,,,
BATCH-38,B5-0466,S-03701,5,466,厉害,厉害,lìhai,Fierce,,,unique,False,1,P1,,,,
BATCH-38,B5-0467,S-03702,5,467,立,立,lì,stand; erect; stand; found; set up; upright; vertical,,,unique,False,1,P1,,,,
BATCH-38,B5-0468,S-03703,5,468,立场,立场,lìchǎng,position,,,unique,False,1,P1,,,,
BATCH-38,B5-0469,S-03704,5,469,利润,利润,lìrùn,profit,,,unique,False,1,P1,,,,
BATCH-38,B5-0470,S-03705,5,470,例外,例外,lìwài,exception,,,unique,False,1,P1,,,,
BATCH-38,B5-0471,S-03706,5,471,连接,连接,lián jiē,"link; joint; relate, unite, connect, attach;",,,unique,False,1,P1,,,,
BATCH-38,B5-0472,S-03707,5,472,联络,联络,liánluò,liaison,,,unique,False,1,P1,,,,
BATCH-38,B5-0473,S-03708,5,473,联想,联想,liánxiǎng,association,,,unique,False,1,P1,,,,
BATCH-38,B5-0474,S-03709,5,474,脸盆,脸盆,liǎn pén,washbasin,,,unique,False,1,P1,,,,
BATCH-38,B5-0475,S-03710,5,475,脸色,脸色,liǎn sè,complexion; look; color; facial expression,,,unique,False,1,P1,,,,
BATCH-38,B5-0476,S-03711,5,476,恋爱,恋爱,liàn’ài,Love,,,unique,False,1,P1,,,,
BATCH-38,B5-0477,S-03712,5,477,两岸,两岸,liǎng àn,both sides; both coasts; cross-strait,,,unique,False,1,P1,,,,
BATCH-38,B5-0478,S-03713,5,478,邻居,邻居,línjū,neighbor,,,unique,False,1,P1,,,,
BATCH-38,B5-0479,S-03714,5,479,铃,铃,líng,bell,,,unique,False,1,P1,,,,
BATCH-38,B5-0480,S-03715,5,480,铃声,铃声,líng shēng,ring; the tinkle of bells,,,unique,False,1,P1,,,,
BATCH-38,B5-0481,S-03716,5,481,领带,领带,lǐng dài,necktie; tie,,,unique,False,1,P1,,,,
BATCH-38,B5-0482,S-03717,5,482,令,令,lìng,make; cause; order; command; decree; season,,,unique,False,1,P1,,,,
BATCH-38,B5-0483,S-03718,5,483,流动,流动,liú dòng,flow; run; mobile,,,unique,False,1,P1,,,,
BATCH-38,B5-0484,S-03719,5,484,流通,流通,liútōng,circulation,,,unique,False,1,P1,,,,
BATCH-38,B5-0485,S-03720,5,485,漏,漏,lòu,leak,,,unique,False,1,P1,,,,
BATCH-38,B5-0486,S-03721,5,486,漏洞,漏洞,lòu dòng,leak; flaw; hole; loophole,,,unique,False,1,P1,,,,
BATCH-38,B5-0487,S-03722,5,487,逻辑,逻辑,luóji,logic,,,unique,False,1,P1,,,,
BATCH-38,B5-0488,S-03723,5,488,落实,落实,luòshí,put into effect,,,unique,False,1,P1,,,,
BATCH-38,B5-0489,S-03724,5,489,码头,码头,mǎtóu,wharf,,,unique,False,1,P1,,,,
BATCH-38,B5-0490,S-03725,5,490,骂,骂,mà,scold,,,unique,False,1,P1,,,,
BATCH-38,B5-0491,S-03726,5,491,买卖,买卖,mǎi mài,buy and sell; business; transaction,,,unique,False,1,P1,,,,
BATCH-38,B5-0492,S-03727,5,492,漫长,漫长,màncháng,Very long,,,unique,False,1,P1,,,,
BATCH-38,B5-0493,S-03728,5,493,漫画,漫画,mànhuà,Cartoon,,,unique,False,1,P1,,,,
BATCH-38,B5-0494,S-03729,5,494,毛笔,毛笔,máo bǐ,writing brush; Chinese brush,,,unique,False,1,P1,,,,
BATCH-38,B5-0495,S-03730,5,495,矛盾,矛盾,máodùn,contradiction,,,unique,False,1,P1,,,,
BATCH-38,B5-0496,S-03731,5,496,冒,冒,mào,give off; risk; bold; boldly,,,unique,False,1,P1,,,,
BATCH-38,B5-0497,S-03732,5,497,贸易,贸易,màoyì,Trade,,,unique,False,1,P1,,,,
BATCH-38,B5-0498,S-03733,5,498,煤,煤,méi,coal,,,unique,False,1,P1,,,,
BATCH-38,B5-0499,S-03734,5,499,煤气,煤气,méi qì,coal gas; gas,,,unique,False,1,P1,,,,
BATCH-38,B5-0500,S-03735,5,500,门诊,门诊,mén zhěn,outpatient service,,,unique,False,1,P1,,,,
BATCH-38,B5-0501,S-03736,5,501,迷人,迷人,mírén,charming,,,unique,False,1,P1,,,,
BATCH-38,B5-0502,S-03737,5,502,迷信,迷信,míxìn,superstition,,,unique,False,1,P1,,,,
BATCH-38,B5-0503,S-03738,5,503,面貌,面貌,miànmào,face,,,unique,False,1,P1,,,,
BATCH-38,B5-0504,S-03739,5,504,面子,面子,miànzi,prestige; face,,,unique,False,1,P1,,,,
BATCH-38,B5-0505,S-03740,5,505,秒,秒,miǎo,seconds,,,unique,False,1,P1,,,,
BATCH-38,B5-0506,S-03741,5,506,敏感,敏感,mǐngǎn,Sensitive,,,unique,False,1,P1,,,,
BATCH-38,B5-0507,S-03742,5,507,明亮,明亮,míng liàng,light; bright; lightness; vividness,,,unique,False,1,P1,,,,
BATCH-38,B5-0508,S-03743,5,508,明明,明明,míngmíng,Obviously,,,unique,False,1,P1,,,,
BATCH-38,B5-0509,S-03744,5,509,命令,命令,mìnglìng,command,,,unique,False,1,P1,,,,
BATCH-38,B5-0510,S-03745,5,510,模范,模范,mófàn,model,,,unique,False,1,P1,,,,
BATCH-38,B5-0511,S-03746,5,511,模仿,模仿,mófǎng,imitate,,,unique,False,1,P1,,,,
BATCH-38,B5-0512,S-03747,5,512,模糊,模糊,móhu,vague,,,unique,False,1,P1,,,,
BATCH-38,B5-0513,S-03748,5,513,模式,模式,móshì,mode; style,,,unique,False,1,P1,,,,
BATCH-38,B5-0514,S-03749,5,514,摩擦,摩擦,mócā,rub; scrape,,,unique,False,1,P1,,,,
BATCH-38,B5-0515,S-03750,5,515,摩托,摩托,mó tuō,motorcycle,,,unique,False,1,P1,,,,
BATCH-38,B5-0516,S-03751,5,516,模样,模样,múyàng,Appearance,,,unique,False,1,P1,,,,
BATCH-38,B5-0517,S-03752,5,517,目光,目光,mùguāng,Eye,,,unique,False,1,P1,,,,
BATCH-38,B5-0518,S-03753,5,518,耐心,耐心,nàixīn,patience,,,unique,False,1,P1,,,,
BATCH-38,B5-0519,S-03754,5,519,男性,男性,nán xìng,man; male; masculinity,,,unique,False,1,P1,,,,
BATCH-38,B5-0520,S-03755,5,520,南北,南北,nán běi,north and south,,,unique,False,1,P1,,,,
BATCH-38,B5-0521,S-03756,5,521,南极,南极,nán jí,South Pole; Antarctic Pole,,,unique,False,1,P1,,,,
BATCH-38,B5-0522,S-03757,5,522,难得,难得,nándé,rare,,,unique,False,1,P1,,,,
BATCH-38,B5-0523,S-03758,5,523,难以,难以,nán yǐ,difficult; hard,,,unique,False,1,P1,,,,
BATCH-38,B5-0524,S-03759,5,524,脑子,脑子,nǎo zi,brain,,,unique,False,1,P1,,,,
BATCH-38,B5-0525,S-03760,5,525,内在,内在,nèizài,inherent,,,unique,False,1,P1,,,,
BATCH-38,B5-0526,S-03761,5,526,能量,能量,néngliàng,energy,,,unique,False,1,P1,,,,
BATCH-38,B5-0527,S-03762,5,527,年度,年度,niándù,year,,,unique,False,1,P1,,,,
BATCH-38,B5-0528,S-03763,5,528,年龄,年龄,niánlíng,Age,,,unique,False,1,P1,,,,
BATCH-38,B5-0529,S-03764,5,529,年前,年前,nián qián,before the New Year; years ago,,,unique,False,1,P1,,,,
BATCH-38,B5-0531,S-03766,5,531,牛仔裤,牛仔裤,niúzǎikù,Jeans,,,unique,False,1,P1,,,,
BATCH-38,B5-0532,S-03767,5,532,农产品,农产品,nóng chǎn pǐn,produce; farm produce; agricultural products,,,unique,False,1,P1,,,,
BATCH-38,B5-0533,S-03768,5,533,女性,女性,nǚ xìng,woman; woman; femininity,,,unique,False,1,P1,,,,
BATCH-38,B5-0534,S-03769,5,534,暖,暖,nuǎn,warm; genial; warm up,,,unique,False,1,P1,,,,
BATCH-38,B5-0535,S-03770,5,535,偶尔,偶尔,ǒu’ěr,occasionally,,,unique,False,1,P1,,,,
BATCH-38,B5-0536,S-03771,5,536,偶然,偶然,ǒurán,accidental,,,unique,False,1,P1,,,,
BATCH-38,B5-0537,S-03772,5,537,偶像,偶像,ǒuxiàng,idol,,,unique,False,1,P1,,,,
BATCH-38,B5-0538,S-03773,5,538,拍摄,拍摄,pāi shè,film; shoot,,,unique,False,1,P1,,,,
BATCH-38,B5-0539,S-03774,5,539,排除,排除,páichú,eliminate; remove; debar,,,unique,False,1,P1,,,,
BATCH-38,B5-0540,S-03775,5,540,旁,旁,páng,side; other; else,,,unique,False,1,P1,,,,
BATCH-38,B5-0541,S-03776,5,541,陪,陪,péi,accompany,,,unique,False,1,P1,,,,
BATCH-38,B5-0542,S-03777,5,542,赔,赔,péi,compensate; pay; stand a loss,,,unique,False,1,P1,,,,
BATCH-38,B5-0543,S-03778,5,543,赔偿,赔偿,péicháng,compensate for,,,unique,False,1,P1,,,,
BATCH-38,B5-0544,S-03779,5,544,配备,配备,pèibèi,Equipment,,,unique,False,1,P1,,,,
BATCH-38,B5-0545,S-03780,5,545,配套,配套,pèitào,form a complete set,,,unique,False,1,P1,,,,
BATCH-38,B5-0546,S-03781,5,546,喷,喷,pēn,spout; gush; spray; sprinkle; spraying; spew,,,unique,False,1,P1,,,,
BATCH-38,B5-0547,S-03782,5,547,盆,盆,pén,"basin, tub",,,unique,False,1,P1,,,,
BATCH-38,B5-0548,S-03783,5,548,披,披,pī,wrap around,,,unique,False,1,P1,,,,
BATCH-38,B5-0549,S-03784,5,549,皮肤,皮肤,pífū,skin,,,unique,False,1,P1,,,,
BATCH-38,B5-0550,S-03785,5,550,皮鞋,皮鞋,píxié,leather shoes,,,unique,False,1,P1,,,,
BATCH-38,B5-0551,S-03786,5,551,脾气,脾气,píqi,Bad temper,,,unique,False,1,P1,,,,
BATCH-38,B5-0552,S-03787,5,552,匹,匹,pǐ,Horse (measure word),,,unique,False,1,P1,,,,
BATCH-38,B5-0553,S-03788,5,553,骗,骗,piàn,fool,,,unique,False,1,P1,,,,
BATCH-39,B5-0554,S-03789,5,554,骗子,骗子,piàn zi,fraud; cheater; swindler,,,unique,False,1,P1,,,,
BATCH-39,B5-0555,S-03790,5,555,拼,拼,pīn,spell; go all out; join together; spelling,,,unique,False,1,P1,,,,
BATCH-39,B5-0556,S-03791,5,556,频道,频道,píndào,channel,,,unique,False,1,P1,,,,
BATCH-39,B5-0557,S-03792,5,557,频繁,频繁,pínfán,frequently,,,unique,False,1,P1,,,,
BATCH-39,B5-0558,S-03793,5,558,品,品,pǐn,savour; taste; judge; blow; species; grade,,,unique,False,1,P1,,,,
BATCH-39,B5-0559,S-03794,5,559,品,品,pǐn （gōng yì pǐn）,article; product (handicraft),,,unique,False,1,P1,,,,
BATCH-39,B5-0560,S-03795,5,560,品种,品种,pǐnzhǒng,Varieties,,,unique,False,1,P1,,,,
BATCH-39,B5-0561,S-03796,5,561,平坦,平坦,píngtǎn,flat,,,unique,False,1,P1,,,,
BATCH-39,B5-0562,S-03797,5,562,平原,平原,píngyuán,plain,,,unique,False,1,P1,,,,
BATCH-39,B5-0563,S-03798,5,563,评估,评估,pínggū,evaluate,,,unique,False,1,P1,,,,
BATCH-39,B5-0564,S-03799,5,564,评论,评论,pínglùn,comment,,,unique,False,1,P1,,,,
BATCH-39,B5-0565,S-03800,5,565,凭,凭,píng,By,,,unique,False,1,P1,,,,
BATCH-39,B5-0566,S-03801,5,566,泼,泼,pō,Splash,,,unique,False,1,P1,,,,
BATCH-39,B5-0567,S-03802,5,567,葡萄,葡萄,pútao,Grape,,,unique,False,1,P1,,,,
BATCH-39,B5-0568,S-03803,5,568,葡萄酒,葡萄酒,pú táo jiǔ,wine; grape wine,,,unique,False,1,P1,,,,
BATCH-39,B5-0569,S-03804,5,569,期望,期望,qīwàng,Expect,,,unique,False,1,P1,,,,
BATCH-39,B5-0570,S-03805,5,570,齐全,齐全,qíquán,complete; all ready,,,unique,False,1,P1,,,,
BATCH-39,B5-0571,S-03806,5,571,其,其,qí,his; her; its; their; he; she; it; they; such; that,,,unique,False,1,P1,,,,
BATCH-39,B5-0572,S-03807,5,572,启动,启动,qǐ dòng,switch on; start,,,unique,False,1,P1,,,,
BATCH-39,B5-0573,S-03808,5,573,启发,启发,qǐfā,Inspire,,,unique,False,1,P1,,,,
BATCH-39,B5-0574,S-03809,5,574,启事,启事,qǐshì,Notice,,,unique,False,1,P1,,,,
BATCH-39,B5-0575,S-03810,5,575,起到,起到,qǐ dào,play; act as,,,unique,False,1,P1,,,,
BATCH-39,B5-0576,S-03811,5,576,起码,起码,qǐmǎ,"Minimum, at least",,,unique,False,1,P1,,,,
BATCH-39,B5-0577,S-03812,5,577,气体,气体,qì tǐ,gas,,,unique,False,1,P1,,,,
BATCH-39,B5-0578,S-03813,5,578,气象,气象,qìxiàng,Meteorological,,,unique,False,1,P1,,,,
BATCH-39,B5-0580,S-03815,5,580,签订,签订,qiān dìng,conclude and sign; sign,,,unique,False,1,P1,,,,
BATCH-39,B5-0581,S-03816,5,581,签名,签名,qiān míng,signature; sign one’s name; autograph,,,unique,False,1,P1,,,,
BATCH-39,B5-0582,S-03817,5,582,签约,签约,qiān yuē,sign up; sign a contract,,,unique,False,1,P1,,,,
BATCH-39,B5-0583,S-03818,5,583,签证,签证,qiānzhèng,visa,,,unique,False,1,P1,,,,
BATCH-39,B5-0584,S-03819,5,584,签字,签字,qiān zì,sign; affix one’s signature; sign a signature,,,unique,False,1,P1,,,,
BATCH-39,B5-0585,S-03820,5,585,前景,前景,qiánjǐng,prospect,,,unique,False,1,P1,,,,
BATCH-39,B5-0586,S-03821,5,586,前提,前提,qiántí,precondition,,,unique,False,1,P1,,,,
BATCH-39,B5-0587,S-03822,5,587,欠,欠,qiàn,owe,,,unique,False,1,P1,,,,
BATCH-39,B5-0588,S-03823,5,588,枪,枪,qiāng,gun,,,unique,False,1,P1,,,,
BATCH-39,B5-0589,S-03824,5,589,强度,强度,qiáng dù,strength; intensity,,,unique,False,1,P1,,,,
BATCH-39,B5-0590,S-03825,5,590,墙壁,墙壁,qiáng bì,wall,,,unique,False,1,P1,,,,
BATCH-39,B5-0591,S-03826,5,591,抢,抢,qiǎng,rob,,,unique,False,1,P1,,,,
BATCH-39,B5-0592,S-03827,5,592,抢救,抢救,qiǎngjiù,rescue,,,unique,False,1,P1,,,,
BATCH-39,B5-0593,S-03828,5,593,强迫,强迫,qiǎngpò,Force,,,unique,False,1,P1,,,,
BATCH-39,B5-0594,S-03829,5,594,悄悄,悄悄,qiāoqiāo,quietly,,,unique,False,1,P1,,,,
BATCH-39,B5-0595,S-03830,5,595,敲,敲,qiāo,knock,,,unique,False,1,P1,,,,
BATCH-39,B5-0596,S-03831,5,596,敲门,敲门,qiāo mén,knock on the door,,,unique,False,1,P1,,,,
BATCH-39,B5-0597,S-03832,5,597,瞧,瞧,qiáo,look zither; a general name for certain musical,,,unique,False,1,P1,,,,
BATCH-39,B5-0598,S-03833,5,598,琴,琴,qín,instruments,,,unique,False,1,P1,,,,
BATCH-39,B5-0599,S-03834,5,599,勤奋,勤奋,qínfèn,hardworking,,,unique,False,1,P1,,,,
BATCH-39,B5-0600,S-03835,5,600,青,青,qīng,young,,,unique,False,1,P1,,,,
BATCH-39,B5-0601,S-03836,5,601,清晨,清晨,qīngchén,Early morning,,,unique,False,1,P1,,,,
BATCH-39,B5-0602,S-03837,5,602,清理,清理,qīnglǐ,Clear,,,unique,False,1,P1,,,,
BATCH-39,B5-0603,S-03838,5,603,情节,情节,qíngjié,plot,,,unique,False,1,P1,,,,
BATCH-39,B5-0604,S-03839,5,604,情形,情形,qíngxíng,Situation,,,unique,False,1,P1,,,,
BATCH-39,B5-0605,S-03840,5,605,晴朗,晴朗,qínglǎng,sunny,,,unique,False,1,P1,,,,
BATCH-39,B5-0606,S-03841,5,606,区域,区域,qūyù,region,,,unique,False,1,P1,,,,
BATCH-39,B5-0607,S-03842,5,607,全都,全都,quán dōu,all; without exception,,,unique,False,1,P1,,,,
BATCH-39,B5-0608,S-03843,5,608,全世界,全世界,quán shì jiè,worldwide; entire world,,,unique,False,1,P1,,,,
BATCH-39,B5-0609,S-03844,5,609,泉,泉,quán,spring; fountain,,,unique,False,1,P1,,,,
BATCH-39,B5-0610,S-03845,5,610,劝,劝,quàn,persuade,,,unique,False,1,P1,,,,
BATCH-39,B5-0611,S-03846,5,611,缺乏,缺乏,quēfá,Lack,,,unique,False,1,P1,,,,
BATCH-39,B5-0612,S-03847,5,612,确立,确立,quèlì,establish,,,unique,False,1,P1,,,,
BATCH-39,B5-0613,S-03848,5,613,群体,群体,qún tǐ,group; colony,,,unique,False,1,P1,,,,
BATCH-39,B5-0614,S-03849,5,614,群众,群众,qúnzhòng,The masses,,,unique,False,1,P1,,,,
BATCH-39,B5-0615,S-03850,5,615,染,染,rǎn,dye,,,unique,False,1,P1,,,,
BATCH-39,B5-0616,S-03851,5,616,绕,绕,rào,Around,,,unique,False,1,P1,,,,
BATCH-39,B5-0617,S-03852,5,617,热量,热量,rè liàng,calories; heat; quantity of heat,,,unique,False,1,P1,,,,
BATCH-39,B5-0618,S-03853,5,618,热门,热门,rèmén,Hot,,,unique,False,1,P1,,,,
BATCH-39,B5-0619,S-03854,5,619,人间,人间,rénjiān,Human world,,,unique,False,1,P1,,,,
BATCH-39,B5-0620,S-03855,5,620,人力,人力,rén lì,manpower; manual labour,,,unique,False,1,P1,,,,
BATCH-39,B5-0621,S-03856,5,621,人士,人士,rénshì,Personage,,,unique,False,1,P1,,,,
BATCH-39,B5-0622,S-03857,5,622,人物,人物,rénwù,character,,,unique,False,1,P1,,,,
BATCH-39,B5-0623,S-03858,5,623,忍,忍,rěn,endure; tolerate; put up with; have the heart to,,,unique,False,1,P1,,,,
BATCH-39,B5-0624,S-03859,5,624,忍不住,忍不住,rěnbuzhù,Unable to bear,,,unique,False,1,P1,,,,
BATCH-39,B5-0625,S-03860,5,625,忍受,忍受,rěnshòu,bear,,,unique,False,1,P1,,,,
BATCH-39,B5-0626,S-03861,5,626,认,认,rèn,recognize; know; make out; identify; adopt;,,,unique,False,1,P1,,,,
BATCH-39,B5-0627,S-03862,5,627,认定,认定,rèndìng,cognizance,,,unique,False,1,P1,,,,
BATCH-39,B5-0628,S-03863,5,628,扔,扔,rēng,throw,,,unique,False,1,P1,,,,
BATCH-39,B5-0629,S-03864,5,629,仍旧,仍旧,réngjiù,still,,,unique,False,1,P1,,,,
BATCH-39,B5-0630,S-03865,5,630,如此,如此,rú cǐ,so; such; in this way; like that,,,unique,False,1,P1,,,,
BATCH-39,B5-0631,S-03866,5,631,如同,如同,rú tóng,as; like,,,unique,False,1,P1,,,,
BATCH-39,B5-0632,S-03867,5,632,如下,如下,rú xià,as follows; as below,,,unique,False,1,P1,,,,
BATCH-39,B5-0633,S-03868,5,633,入门,入门,rù mén,introduction to a subject; elementary course,,,unique,False,1,P1,,,,
BATCH-39,B5-0634,S-03869,5,634,软,软,ruǎn,soft,,,unique,False,1,P1,,,,
BATCH-39,B5-0635,S-03870,5,635,软件,软件,ruǎnjiàn,Software,,,unique,False,1,P1,,,,
BATCH-39,B5-0636,S-03871,5,636,洒,洒,sǎ,sprinkle,,,unique,False,1,P1,,,,
BATCH-39,B5-0637,S-03872,5,637,散,散,sǎn,fall apart; scattered,,,same_form_different_sense_or_pos,False,1,P1,,,,
BATCH-39,B5-0638,S-03873,5,638,散文,散文,sǎnwén,Prose,,,unique,False,1,P1,,,,
BATCH-39,B5-0639,S-03874,5,639,杀,杀,shā,kill,,,unique,False,1,P1,,,,
BATCH-39,B5-0640,S-03875,5,640,杀毒,杀毒,shā dú,antivirus; kill virus,,,unique,False,1,P1,,,,
BATCH-39,B5-0641,S-03876,5,641,沙漠,沙漠,shāmò,Desert,,,unique,False,1,P1,,,,
BATCH-39,B5-0642,S-03877,5,642,傻,傻,shǎ,silly,,,unique,False,1,P1,,,,
BATCH-39,B5-0643,S-03878,5,643,山区,山区,shān qū,mountain area,,,unique,False,1,P1,,,,
BATCH-39,B5-0644,S-03879,5,644,扇,扇,shān,fan; slap; flap; flutter; fan up,,,unique,False,1,P1,,,,
BATCH-39,B5-0645,S-03880,5,645,扇,扇,shàn,fan; leaf; (measure word),,,unique,False,1,P1,,,,
BATCH-39,B5-0646,S-03881,5,646,扇子,扇子,shànzi,Fan,,,unique,False,1,P1,,,,
BATCH-39,B5-0647,S-03882,5,647,商标,商标,shāngbiāo,trademark,,,unique,False,1,P1,,,,
BATCH-39,B5-0648,S-03883,5,648,上级,上级,shàngjí,Superior up and down; top and bottom; high and low; old,,,unique,False,1,P1,,,,
BATCH-39,B5-0649,S-03884,5,649,上下,上下,shàng xià,and young,,,unique,False,1,P1,,,,
BATCH-39,B5-0650,S-03885,5,650,上涨,上涨,shàng zhǎng,rise; go up,,,unique,False,1,P1,,,,
BATCH-39,B5-0651,S-03886,5,651,稍,稍,shāo,a little; a bit; trifle; somewhat,,,unique,False,1,P1,,,,
BATCH-39,B5-0652,S-03887,5,652,稍微,稍微,shāowēi,slightly,,,unique,False,1,P1,,,,
BATCH-39,B5-0653,S-03888,5,653,蛇,蛇,shé,snake,,,unique,False,1,P1,,,,
BATCH-39,B5-0654,S-03889,5,654,舍不得,舍不得,shěbude,Hate to part with or use,,,unique,False,1,P1,,,,
BATCH-40,B5-0655,S-03890,5,655,舍得,舍得,shě de,be willing to part with; not begrudge,,,unique,False,1,P1,,,,
BATCH-40,B5-0656,S-03891,5,656,设想,设想,shèxiǎng,imagine， conceive,,,unique,False,1,P1,,,,
BATCH-40,B5-0657,S-03892,5,657,社,社,shè,society; organized body,,,unique,False,1,P1,,,,
BATCH-40,B5-0658,S-03893,5,658,社区,社区,shèqū,Community,,,unique,False,1,P1,,,,
BATCH-40,B5-0659,S-03894,5,659,射,射,shè,shoot; fire; discharge in a jet; send out,,,unique,False,1,P1,,,,
BATCH-40,B5-0660,S-03895,5,660,射击,射击,shèjī,Shooting,,,unique,False,1,P1,,,,
BATCH-40,B5-0661,S-03896,5,661,摄像,摄像,shè xiàng,camera; camera shooting,,,unique,False,1,P1,,,,
BATCH-40,B5-0662,S-03897,5,662,摄像机,摄像机,shè xiàng jī,video camera,,,unique,False,1,P1,,,,
BATCH-40,B5-0663,S-03898,5,663,摄影,摄影,shèyǐng,Photography,,,unique,False,1,P1,,,,
BATCH-40,B5-0664,S-03899,5,664,摄影师,摄影师,shè yǐng shī,photographer; cameraman,,,unique,False,1,P1,,,,
BATCH-40,B5-0665,S-03900,5,665,伸,伸,shēn,stretch,,,unique,False,1,P1,,,,
BATCH-40,B5-0666,S-03901,5,666,深处,深处,shēn chù,deep; depths; recess; profundity,,,unique,False,1,P1,,,,
BATCH-40,B5-0667,S-03902,5,667,深度,深度,shēn dù,depth; deepness god; deity; divinity; spirit; expression; look;,,,unique,False,1,P1,,,,
BATCH-40,B5-0668,S-03903,5,668,神,神,shén,supernatural; magical,,,unique,False,1,P1,,,,
BATCH-40,B5-0669,S-03904,5,669,神经,神经,shénjīng,nerve,,,unique,False,1,P1,,,,
BATCH-40,B5-0670,S-03905,5,670,神奇,神奇,shénqí,Magical,,,unique,False,1,P1,,,,
BATCH-40,B5-0671,S-03906,5,671,神情,神情,shén qíng,expression; look,,,unique,False,1,P1,,,,
BATCH-40,B5-0672,S-03907,5,672,升高,升高,shēng gāo,hoist; elevate; lift; escalate; exaltation,,,unique,False,1,P1,,,,
BATCH-40,B5-0673,S-03908,5,673,生成,生成,shēng chéng,generate; produce,,,unique,False,1,P1,,,,
BATCH-40,B5-0674,S-03909,5,674,声,声,shēng,sound; voice; reputation; tone,,,unique,False,1,P1,,,,
BATCH-40,B5-0675,S-03910,5,675,胜负,胜负,shèngfù,victory and defeat,,,unique,False,1,P1,,,,
BATCH-40,B5-0676,S-03911,5,676,剩,剩,shèng,Left,,,unique,False,1,P1,,,,
BATCH-40,B5-0677,S-03912,5,677,剩下,剩下,shèng xià,be left over; remain,,,unique,False,1,P1,,,,
BATCH-40,B5-0678,S-03913,5,678,失误,失误,shīwù,An error,,,unique,False,1,P1,,,,
BATCH-40,B5-0679,S-03914,5,679,师傅,师傅,shīfu,Master worker,,,unique,False,1,P1,,,,
BATCH-40,B5-0680,S-03915,5,680,诗歌,诗歌,shī gē,poem; poetry,,,unique,False,1,P1,,,,
BATCH-40,B5-0681,S-03916,5,681,十足,十足,shízú,100 percent,,,unique,False,1,P1,,,,
BATCH-40,B5-0682,S-03917,5,682,时常,时常,shícháng,often,,,unique,False,1,P1,,,,
BATCH-40,B5-0683,S-03918,5,683,时光,时光,shíguāng,time,,,unique,False,1,P1,,,,
BATCH-40,B5-0684,S-03919,5,684,时机,时机,shíjī,Opportunity,,,unique,False,1,P1,,,,
BATCH-40,B5-0685,S-03920,5,685,时事,时事,shíshì,current affairs,,,unique,False,1,P1,,,,
BATCH-40,B5-0686,S-03921,5,686,实惠,实惠,shíhuì,substantial,,,unique,False,1,P1,,,,
BATCH-40,B5-0687,S-03922,5,687,拾,拾,shí,"pick up, collect",,,unique,False,1,P1,,,,
BATCH-40,B5-0688,S-03923,5,688,使得,使得,shǐ de,make; cause; usable; workable,,,unique,False,1,P1,,,,
BATCH-40,B5-0689,S-03924,5,689,示范,示范,shìfàn,lead the way; demonstrate,,,unique,False,1,P1,,,,
BATCH-40,B5-0690,S-03925,5,690,式,式,shì,type; style; pattern; form; ceremony; formula,,,unique,False,1,P1,,,,
BATCH-40,B5-0691,S-03926,5,691,势力,势力,shìlì,Power,,,unique,False,1,P1,,,,
BATCH-40,B5-0692,S-03927,5,692,试图,试图,shìtú,Try,,,unique,False,1,P1,,,,
BATCH-40,B5-0693,S-03928,5,693,视频,视频,shìpín,video,,,unique,False,1,P1,,,,
BATCH-40,B5-0694,S-03929,5,694,视为,视为,shì wéi,treat; regard as,,,unique,False,1,P1,,,,
BATCH-40,B5-0695,S-03930,5,695,收购,收购,shōu gòu,purchase; acquisition; buy,,,unique,False,1,P1,,,,
BATCH-40,B5-0696,S-03931,5,696,收集,收集,shōu jí,gather; collect; collection,,,unique,False,1,P1,,,,
BATCH-40,B5-0697,S-03932,5,697,收拾,收拾,shōushi,Tidy,,,unique,False,1,P1,,,,
BATCH-40,B5-0698,S-03933,5,698,手段,手段,shǒu duàn,means; measure; trick; artifice,,,unique,False,1,P1,,,,
BATCH-40,B5-0699,S-03934,5,699,手法,手法,shǒufǎ,technique,,,unique,False,1,P1,,,,
BATCH-40,B5-0700,S-03935,5,700,寿司,寿司,shòu sī,sushi,,,unique,False,1,P1,,,,
BATCH-40,B5-0701,S-03936,5,701,受灾,受灾,shòu zāi,disaster; the afflicted,,,unique,False,1,P1,,,,
BATCH-40,B5-0702,S-03937,5,702,瘦,瘦,shòu,thin,,,unique,False,1,P1,,,,
BATCH-40,B5-0703,S-03938,5,703,书法,书法,shūfǎ,Calligraphy,,,unique,False,1,P1,,,,
BATCH-40,B5-0704,S-03939,5,704,书柜,书柜,shū guì,bookcase,,,unique,False,1,P1,,,,
BATCH-40,B5-0705,S-03940,5,705,书桌,书桌,shū zhuō,desk; writing desk,,,unique,False,1,P1,,,,
BATCH-40,B5-0706,S-03941,5,706,输出,输出,shū chū,output; export; efference,,,unique,False,1,P1,,,,
BATCH-40,B5-0707,S-03942,5,707,蔬菜,蔬菜,shūcài,Vegetables,,,unique,False,1,P1,,,,
BATCH-40,B5-0708,S-03943,5,708,熟悉,熟悉,shúxī,be familiar with,,,unique,False,1,P1,,,,
BATCH-40,B5-0709,S-03944,5,709,鼠,鼠,shǔ,mouse; rat,,,unique,False,1,P1,,,,
BATCH-40,B5-0710,S-03945,5,710,鼠标,鼠标,shǔbiāo,mouse,,,unique,False,1,P1,,,,
BATCH-40,B5-0711,S-03946,5,711,数目,数目,shù mù,number; amount,,,unique,False,1,P1,,,,
BATCH-40,B5-0712,S-03947,5,712,摔,摔,shuāi,fall; break; throw; fling; lose one’s balance,,,unique,False,1,P1,,,,
BATCH-40,B5-0713,S-03948,5,713,摔倒,摔倒,shuāidǎo,fall,,,unique,False,1,P1,,,,
BATCH-40,B5-0714,S-03949,5,714,率领,率领,shuàilǐng,Lead,,,unique,False,1,P1,,,,
BATCH-40,B5-0715,S-03950,5,715,双手,双手,shuāng shǒu,both hands; pair of hands,,,unique,False,1,P1,,,,
BATCH-40,B5-0716,S-03951,5,716,水产品,水产品,shuǐ chǎn pǐn,aquatic product,,,unique,False,1,P1,,,,
BATCH-40,B5-0717,S-03952,5,717,水分,水分,shuǐ fèn,moisture,,,unique,False,1,P1,,,,
BATCH-40,B5-0718,S-03953,5,718,水库,水库,shuǐ kù,reservoir,,,unique,False,1,P1,,,,
BATCH-40,B5-0719,S-03954,5,719,水灾,水灾,shuǐ zāi,flood; inundation,,,unique,False,1,P1,,,,
BATCH-40,B5-0720,S-03955,5,720,睡眠,睡眠,shuì mián,sleep; slumber,,,unique,False,1,P1,,,,
BATCH-40,B5-0721,S-03956,5,721,说法,说法,shuō fǎ,way of saying a thing; statement; version;,,,unique,False,1,P1,,,,
BATCH-40,B5-0722,S-03957,5,722,硕士,硕士,shuòshì,master,,,unique,False,1,P1,,,,
BATCH-40,B5-0723,S-03958,5,723,私人,私人,sīrén,private,,,unique,False,1,P1,,,,
BATCH-40,B5-0724,S-03959,5,724,思维,思维,sīwéi,thinking,,,unique,False,1,P1,,,,
BATCH-40,B5-0725,S-03960,5,725,四周,四周,sì zhōu,all around,,,unique,False,1,P1,,,,
BATCH-40,B5-0726,S-03961,5,726,搜,搜,sōu,search; search out,,,unique,False,1,P1,,,,
BATCH-40,B5-0727,S-03962,5,727,搜索,搜索,sōusuǒ,search,,,unique,False,1,P1,,,,
BATCH-40,B5-0728,S-03963,5,728,宿舍,宿舍,sùshè,"dormitory sour, sweet, bitter, hot ; ups and downs; joys and",,,unique,False,1,P1,,,,
BATCH-40,B5-0729,S-03964,5,729,酸甜苦辣,酸甜苦辣,suān tián kǔ là,sorrows of life,,,unique,False,1,P1,,,,
BATCH-40,B5-0730,S-03965,5,730,随后,随后,suí hòu,follow; soon afterwards,,,unique,False,1,P1,,,,
BATCH-40,B5-0731,S-03966,5,731,随意,随意,suíyì,random; casual,,,unique,False,1,P1,,,,
BATCH-40,B5-0732,S-03967,5,732,随着,随着,suízhe,along with,,,unique,False,1,P1,,,,
BATCH-40,B5-0733,S-03968,5,733,岁月,岁月,suìyuè,Years,,,unique,False,1,P1,,,,
BATCH-40,B5-0734,S-03969,5,734,碎,碎,suì,broken,,,unique,False,1,P1,,,,
BATCH-40,B5-0735,S-03970,5,735,损害,损害,sǔn hài,harm; damage; injure; hurt,,,unique,False,1,P1,,,,
BATCH-40,B5-0736,S-03971,5,736,损失,损失,sǔnshī,loss,,,unique,False,1,P1,,,,
BATCH-40,B5-0737,S-03972,5,737,所在,所在,suǒ zài,place; location; where,,,unique,False,1,P1,,,,
BATCH-40,B5-0738,S-03973,5,738,锁,锁,suǒ,lock,,,unique,False,1,P1,,,,
BATCH-40,B5-0739,S-03974,5,739,台风,台风,táifēng,Typhoon,,,unique,False,1,P1,,,,
BATCH-40,B5-0740,S-03975,5,740,抬,抬,tái,Lift,,,unique,False,1,P1,,,,
BATCH-40,B5-0741,S-03976,5,741,抬头,抬头,tái tóu,look up; gain ground; raise one’s head,,,unique,False,1,P1,,,,
BATCH-40,B5-0742,S-03977,5,742,太空,太空,tàikōng,Space,,,unique,False,1,P1,,,,
BATCH-40,B5-0743,S-03978,5,743,弹,弹,tán,shoot; catapult; fluff; flick; flip; play; leap,,,unique,False,1,P1,,,,
BATCH-40,B5-0744,S-03979,5,744,逃,逃,táo,flee,,,unique,False,1,P1,,,,
BATCH-40,B5-0745,S-03980,5,745,逃跑,逃跑,táo pǎo,run away; flee; take flight; take to one’s heels,,,unique,False,1,P1,,,,
BATCH-40,B5-0746,S-03981,5,746,逃走,逃走,táo zǒu,escape; flee,,,unique,False,1,P1,,,,
BATCH-40,B5-0747,S-03982,5,747,桃,桃,táo,peach,,,unique,False,1,P1,,,,
BATCH-40,B5-0748,S-03983,5,748,桃花,桃花,táo huā,peach blossom,,,unique,False,1,P1,,,,
BATCH-40,B5-0749,S-03984,5,749,桃树,桃树,táo shù,peach tree,,,unique,False,1,P1,,,,
BATCH-40,B5-0750,S-03985,5,750,讨厌,讨厌,tǎoyàn,Hate,,,unique,False,1,P1,,,,
BATCH-40,B5-0751,S-03986,5,751,特定,特定,tèdìng,given,,,unique,False,1,P1,,,,
BATCH-40,B5-0752,S-03987,5,752,特性,特性,tè xìng,characteristic; property; feature; peculiarity;,,,unique,False,1,P1,,,,
BATCH-40,B5-0753,S-03988,5,753,特有,特有,tè yǒu,peculiar; characteristic,,,unique,False,1,P1,,,,
BATCH-40,B5-0754,S-03989,5,754,提倡,提倡,tíchàng,promote,,,unique,False,1,P1,,,,
BATCH-41,B5-0755,S-03990,5,755,提起,提起,tí qǐ,mention; speak of; raise; lift,,,unique,False,1,P1,,,,
BATCH-41,B5-0756,S-03991,5,756,提示,提示,tíshì,hint,,,unique,False,1,P1,,,,
BATCH-41,B5-0757,S-03992,5,757,题材,题材,tícái,theme,,,unique,False,1,P1,,,,
BATCH-41,B5-0758,S-03993,5,758,体积,体积,tǐjī,volume,,,unique,False,1,P1,,,,
BATCH-41,B5-0759,S-03994,5,759,体力,体力,tǐ lì,physical strength; physical power,,,unique,False,1,P1,,,,
BATCH-41,B5-0760,S-03995,5,760,天才,天才,tiāncái,genius,,,unique,False,1,P1,,,,
BATCH-41,B5-0761,S-03996,5,761,天然气,天然气,tiānránqì,Natural gas,,,unique,False,1,P1,,,,
BATCH-41,B5-0762,S-03997,5,762,天文,天文,tiānwén,Astronomy,,,unique,False,1,P1,,,,
BATCH-41,B5-0763,S-03998,5,763,调节,调节,tiáojié,adjust,,,unique,False,1,P1,,,,
BATCH-41,B5-0764,S-03999,5,764,调解,调解,tiáojiě,mediate,,,unique,False,1,P1,,,,
BATCH-41,B5-0765,S-04000,5,765,厅,厅,tīng,office; hall,,,unique,False,1,P1,,,,
BATCH-41,B5-0766,S-04001,5,766,停留,停留,tíng liú,remain; stay,,,unique,False,1,P1,,,,
BATCH-41,B5-0767,S-04002,5,767,通用,通用,tōngyòng,currency,,,unique,False,1,P1,,,,
BATCH-41,B5-0768,S-04003,5,768,偷,偷,tōu,steal,,,unique,False,1,P1,,,,
BATCH-41,B5-0769,S-04004,5,769,偷偷,偷偷,tōu tōu,secretly; stealthily; covertly; on the sly,,,unique,False,1,P1,,,,
BATCH-41,B5-0770,S-04005,5,770,突破,突破,tūpò,Breach,,,unique,False,1,P1,,,,
BATCH-41,B5-0771,S-04006,5,771,土豆,土豆,tǔdòu,Potato,,,unique,False,1,P1,,,,
BATCH-41,B5-0772,S-04007,5,772,吐,吐,tǔ,"spit, say",,,unique,False,1,P1,,,,
BATCH-41,B5-0773,S-04008,5,773,吐,吐,tù,vomit,,,unique,False,1,P1,,,,
BATCH-41,B5-0774,S-04009,5,774,兔,兔,tù,rabbit; hare,,,unique,False,1,P1,,,,
BATCH-41,B5-0775,S-04010,5,775,团长,团长,tuán zhǎng,regimental commander; head of a delegation,,,unique,False,1,P1,,,,
BATCH-41,B5-0776,S-04011,5,776,推行,推行,tuī xíng,practise; carry out; pursue,,,unique,False,1,P1,,,,
BATCH-41,B5-0777,S-04012,5,777,脱离,脱离,tuōlí,Be divorced from,,,unique,False,1,P1,,,,
BATCH-41,B5-0778,S-04013,5,778,外界,外界,wàijiè,outside,,,unique,False,1,P1,,,,
BATCH-41,B5-0779,S-04014,5,779,完了,完了,wán le,come to an end; be over; completion of a term,,,unique,False,1,P1,,,,
BATCH-41,B5-0780,S-04015,5,780,微博,微博,wēi bó,Weibo (a Chinese social media app),,,unique,False,1,P1,,,,
BATCH-41,B5-0781,S-04016,5,781,为难,为难,wéinán,Embarrassed,,,unique,False,1,P1,,,,
BATCH-41,B5-0782,S-04017,5,782,为期,为期,wéiqī,by a definite date,,,unique,False,1,P1,,,,
BATCH-41,B5-0783,S-04018,5,783,为止,为止,wéi zhǐ,up to; till,,,unique,False,1,P1,,,,
BATCH-41,B5-0784,S-04019,5,784,为主,为主,wéi zhǔ,mainly; give priority,,,unique,False,1,P1,,,,
BATCH-41,B5-0785,S-04020,5,785,违法,违法,wéi fǎ,break the law; be illegal,,,unique,False,1,P1,,,,
BATCH-41,B5-0786,S-04021,5,786,违反,违反,wéifǎn,Violation,,,unique,False,1,P1,,,,
BATCH-41,B5-0787,S-04022,5,787,违规,违规,wéi guī,violation; get out of line,,,unique,False,1,P1,,,,
BATCH-41,B5-0788,S-04023,5,788,围绕,围绕,wéirào,around,,,unique,False,1,P1,,,,
BATCH-41,B5-0789,S-04024,5,789,唯一,唯一,wéiyī,Only,,,unique,False,1,P1,,,,
BATCH-41,B5-0790,S-04025,5,790,委托,委托,wěituō,Entrust,,,unique,False,1,P1,,,,
BATCH-41,B5-0791,S-04026,5,791,卫星,卫星,wèixīng,satellite,,,unique,False,1,P1,,,,
BATCH-41,B5-0792,S-04027,5,792,胃,胃,wèi,stomach,,,unique,False,1,P1,,,,
BATCH-41,B5-0793,S-04028,5,793,慰问,慰问,wèiwèn,Condolences,,,unique,False,1,P1,,,,
BATCH-41,B5-0794,S-04029,5,794,温和,温和,wēnhé,mild,,,unique,False,1,P1,,,,
BATCH-41,B5-0795,S-04030,5,795,文艺,文艺,wényì,literature,,,unique,False,1,P1,,,,
BATCH-41,B5-0796,S-04031,5,796,卧室,卧室,wòshì,Bedroom,,,unique,False,1,P1,,,,
BATCH-41,B5-0797,S-04032,5,797,握,握,wò,hold; grasp; take by the hand,,,unique,False,1,P1,,,,
BATCH-41,B5-0798,S-04033,5,798,污染,污染,wūrǎn,contaminated,,,unique,False,1,P1,,,,
BATCH-41,B5-0799,S-04034,5,799,污水,污水,wū shuǐ,sewage; slops; foul water; polluted water,,,unique,False,1,P1,,,,
BATCH-41,B5-0800,S-04035,5,800,屋,屋,wū,house; room,,,unique,False,1,P1,,,,
BATCH-41,B5-0801,S-04036,5,801,无奈,无奈,wúnài,cannot help but,,,unique,False,1,P1,,,,
BATCH-41,B5-0802,S-04037,5,802,无疑,无疑,wú yí,undoubtedly; no doubt,,,unique,False,1,P1,,,,
BATCH-41,B5-0803,S-04038,5,803,舞,舞,wǔ,dance; dancing; flourish; wield,,,unique,False,1,P1,,,,
BATCH-41,B5-0804,S-04039,5,804,物价,物价,wù jià,(commodity) prices,,,unique,False,1,P1,,,,
BATCH-41,B5-0805,S-04040,5,805,物业,物业,wùyè,property,,,unique,False,1,P1,,,,
BATCH-41,B5-0806,S-04041,5,806,物质,物质,wùzhì,material,,,unique,False,1,P1,,,,
BATCH-41,B5-0807,S-04042,5,807,误解,误解,wùjiě,misunderstand,,,unique,False,1,P1,,,,
BATCH-41,B5-0808,S-04043,5,808,西红柿,西红柿,xīhóngshì,Tomato,,,unique,False,1,P1,,,,
BATCH-41,B5-0809,S-04044,5,809,西装,西装,xī zhuāng,suit; Western-style clothes,,,unique,False,1,P1,,,,
BATCH-41,B5-0810,S-04045,5,810,喜剧,喜剧,xǐ jù,comedy,,,unique,False,1,P1,,,,
BATCH-41,B5-0811,S-04046,5,811,戏,戏,xì,play; sport; joke; make fun of; drama; play,,,unique,False,1,P1,,,,
BATCH-41,B5-0812,S-04047,5,812,戏剧,戏剧,xìjù,Theatre,,,unique,False,1,P1,,,,
BATCH-41,B5-0813,S-04048,5,813,吓,吓,xià,scare,,,unique,False,1,P1,,,,
BATCH-41,B5-0814,S-04049,5,814,先后,先后,xiān hòu,successively; one after another,,,unique,False,1,P1,,,,
BATCH-41,B5-0815,S-04050,5,815,先前,先前,xiānqián,previously,,,unique,False,1,P1,,,,
BATCH-41,B5-0816,S-04051,5,816,鲜艳,鲜艳,xiānyàn,Colorful,,,unique,False,1,P1,,,,
BATCH-41,B5-0817,S-04052,5,817,闲,闲,xián,not busy; idle; unoccupied; leisure; stay idle,,,unique,False,1,P1,,,,
BATCH-41,B5-0818,S-04053,5,818,显,显,xiǎn,show; appear; obvious; noticeable; illustrious,,,unique,False,1,P1,,,,
BATCH-41,B5-0819,S-04054,5,819,现有,现有,xiàn yǒu,existing; now available; existence,,,unique,False,1,P1,,,,
BATCH-41,B5-0820,S-04055,5,820,现状,现状,xiànzhuàng,Present situation,,,unique,False,1,P1,,,,
BATCH-41,B5-0821,S-04056,5,821,线索,线索,xiànsuǒ,Clue offer; present; dedicate; donate; show; put on;,,,unique,False,1,P1,,,,
BATCH-41,B5-0822,S-04057,5,822,献,献,xiàn,display country; countryside; village; rural area; home,,,unique,False,1,P1,,,,
BATCH-41,B5-0823,S-04058,5,823,乡,乡,xiāng,village,,,unique,False,1,P1,,,,
BATCH-41,B5-0824,S-04059,5,824,乡村,乡村,xiāng cūn,country; village; countryside; rural area; rural,,,unique,False,1,P1,,,,
BATCH-41,B5-0825,S-04060,5,825,相等,相等,xiāngděng,Equal,,,unique,False,1,P1,,,,
BATCH-41,B5-0826,S-04061,5,826,相应,相应,xiāngyìng,Corresponding,,,unique,False,1,P1,,,,
BATCH-41,B5-0827,S-04062,5,827,香肠,香肠,xiāngcháng,sausage,,,unique,False,1,P1,,,,
BATCH-41,B5-0828,S-04063,5,828,详细,详细,xiángxì,detailed,,,unique,False,1,P1,,,,
BATCH-41,B5-0829,S-04064,5,829,享受,享受,xiǎngshòu,enjoy,,,unique,False,1,P1,,,,
BATCH-41,B5-0830,S-04065,5,830,向导,向导,xiàngdǎo,Guide,,,unique,False,1,P1,,,,
BATCH-41,B5-0831,S-04066,5,831,向前,向前,xiàng qián,forward; onward; ahead,,,unique,False,1,P1,,,,
BATCH-41,B5-0832,S-04067,5,832,向上,向上,xiàng shàng,upward; up,,,unique,False,1,P1,,,,
BATCH-41,B5-0833,S-04068,5,833,相声,相声,xiàngsheng,crosstalk,,,unique,False,1,P1,,,,
BATCH-41,B5-0834,S-04069,5,834,象征,象征,xiàngzhēng,Symbolize,,,unique,False,1,P1,,,,
BATCH-41,B5-0835,S-04070,5,835,消除,消除,xiāochú,eliminate,,,unique,False,1,P1,,,,
BATCH-41,B5-0836,S-04071,5,836,消毒,消毒,xiāodú,Disinfection,,,unique,False,1,P1,,,,
BATCH-41,B5-0837,S-04072,5,837,消防,消防,xiāofáng,Fire control,,,unique,False,1,P1,,,,
BATCH-41,B5-0838,S-04073,5,838,消费者,消费者,xiāo fèi zhě,consumer; customer,,,unique,False,1,P1,,,,
BATCH-41,B5-0839,S-04074,5,839,消极,消极,xiāojí,negative,,,unique,False,1,P1,,,,
BATCH-41,B5-0840,S-04075,5,840,小偷儿,小偷儿,xiǎo tōur,thief,,,unique,False,1,P1,,,,
BATCH-41,B5-0841,S-04076,5,841,歇,歇,xiē,Rest,,,unique,False,1,P1,,,,
BATCH-41,B5-0842,S-04077,5,842,协议,协议,xiéyì,Agreement,,,unique,False,1,P1,,,,
BATCH-41,B5-0843,S-04078,5,843,协议书,协议书,xié yì shū,agreement; protocol; written agreement,,,unique,False,1,P1,,,,
BATCH-41,B5-0844,S-04079,5,844,斜,斜,xié,oblique,,,unique,False,1,P1,,,,
BATCH-41,B5-0845,S-04080,5,845,心态,心态,xīntài,mentality,,,unique,False,1,P1,,,,
BATCH-41,B5-0846,S-04081,5,846,心疼,心疼,xīnténg,Distressed,,,unique,False,1,P1,,,,
BATCH-41,B5-0847,S-04082,5,847,辛苦,辛苦,xīnkǔ,hard,,,unique,False,1,P1,,,,
BATCH-41,B5-0848,S-04083,5,848,欣赏,欣赏,xīnshǎng,Appreciate,,,unique,False,1,P1,,,,
BATCH-41,B5-0849,S-04084,5,849,信念,信念,xìnniàn,belief,,,unique,False,1,P1,,,,
BATCH-41,B5-0850,S-04085,5,850,信箱,信箱,xìn xiāng,letter box; mailbox; post box,,,unique,False,1,P1,,,,
BATCH-41,B5-0851,S-04086,5,851,行驶,行驶,xíng shǐ,go; ply; travel,,,unique,False,1,P1,,,,
BATCH-41,B5-0852,S-04087,5,852,形态,形态,xíngtài,Form,,,unique,False,1,P1,,,,
BATCH-41,B5-0853,S-04088,5,853,性能,性能,xìngnéng,performance,,,unique,False,1,P1,,,,
BATCH-41,B5-0854,S-04089,5,854,雄伟,雄伟,xióngwěi,Magnificent,,,unique,False,1,P1,,,,
BATCH-42,B5-0855,S-04090,5,855,熊,熊,xióng,bear; rebuke; scold,,,unique,False,1,P1,,,,
BATCH-42,B5-0856,S-04091,5,856,休闲,休闲,xiūxián,Leisure time,,,unique,False,1,P1,,,,
BATCH-42,B5-0857,S-04092,5,857,修复,修复,xiūfù,repair,,,unique,False,1,P1,,,,
BATCH-42,B5-0858,S-04093,5,858,修建,修建,xiūjiàn,build,,,unique,False,1,P1,,,,
BATCH-42,B5-0859,S-04094,5,859,修养,修养,xiūyǎng,"training, mastery",,,unique,False,1,P1,,,,
BATCH-42,B5-0860,S-04095,5,860,虚心,虚心,xūxīn,With an open mind; modest,,,unique,False,1,P1,,,,
BATCH-42,B5-0861,S-04096,5,861,许可,许可,xǔkě,Permit,,,unique,False,1,P1,,,,
BATCH-42,B5-0862,S-04097,5,862,选修,选修,xuǎn xiū,elective; take as an elective course,,,unique,False,1,P1,,,,
BATCH-42,B5-0863,S-04098,5,863,学科,学科,xué kē,branch of learning; subject; discipline,,,unique,False,1,P1,,,,
BATCH-42,B5-0864,S-04099,5,864,学位,学位,xuéwèi,Academic degree,,,unique,False,1,P1,,,,
BATCH-42,B5-0865,S-04100,5,865,学者,学者,xué zhě,scholar; learned man; man of learning,,,unique,False,1,P1,,,,
BATCH-42,B5-0866,S-04101,5,866,寻求,寻求,xún qiú,quest; seek; look for; explore,,,unique,False,1,P1,,,,
BATCH-42,B5-0867,S-04102,5,867,询问,询问,xúnwèn,inquiry,,,unique,False,1,P1,,,,
BATCH-42,B5-0868,S-04103,5,868,押金,押金,yājīn,deposit,,,unique,False,1,P1,,,,
BATCH-42,B5-0869,S-04104,5,869,鸭子,鸭子,yā zi,duck,,,unique,False,1,P1,,,,
BATCH-42,B5-0870,S-04105,5,870,亚军,亚军,yàjūn,Runner-up,,,unique,False,1,P1,,,,
BATCH-42,B5-0871,S-04106,5,871,延伸,延伸,yánshēn,extend,,,unique,False,1,P1,,,,
BATCH-42,B5-0872,S-04107,5,872,严厉,严厉,yánlì,severe,,,unique,False,1,P1,,,,
BATCH-42,B5-0873,S-04108,5,873,严肃,严肃,yánsù,serious,,,unique,False,1,P1,,,,
BATCH-42,B5-0874,S-04109,5,874,言语,言语,yán yǔ,speech; parole; verbal,,,unique,False,1,P1,,,,
BATCH-42,B5-0875,S-04110,5,875,研究所,研究所,yán jiū suǒ,research institute; graduate school,,,unique,False,1,P1,,,,
BATCH-42,B5-0876,S-04111,5,876,眼光,眼光,yǎnguāng,Eye,,,unique,False,1,P1,,,,
BATCH-42,B5-0877,S-04112,5,877,邀请,邀请,yāoqǐng,Invitation,,,unique,False,1,P1,,,,
BATCH-42,B5-0878,S-04113,5,878,摇头,摇头,yáo tóu,shake one’s head,,,unique,False,1,P1,,,,
BATCH-42,B5-0879,S-04114,5,879,咬,咬,yǎo,bite,,,unique,False,1,P1,,,,
BATCH-42,B5-0880,S-04115,5,880,也好,也好,yě hǎo,may as well; no matter whether,,,unique,False,1,P1,,,,
BATCH-42,B5-0881,S-04116,5,881,业务,业务,yèwù,business,,,unique,False,1,P1,,,,
BATCH-42,B5-0882,S-04117,5,882,夜间,夜间,yè jiān,nighttime; at night,,,unique,False,1,P1,,,,
BATCH-42,B5-0883,S-04118,5,883,一流,一流,yīliú,First-class,,,unique,False,1,P1,,,,
BATCH-42,B5-0884,S-04119,5,884,依法,依法,yī fǎ,according to the law; legal,,,unique,False,1,P1,,,,
BATCH-42,B5-0885,S-04120,5,885,依旧,依旧,yījiù,still,,,unique,False,1,P1,,,,
BATCH-42,B5-0886,S-04121,5,886,依据,依据,yījù,Basis,,,unique,False,1,P1,,,,
BATCH-42,B5-0887,S-04122,5,887,依照,依照,yī zhào,according to; in the light of:,,,unique,False,1,P1,,,,
BATCH-42,B5-0888,S-04123,5,888,一辈子,一辈子,yíbèizi,A lifetime,,,unique,False,1,P1,,,,
BATCH-42,B5-0889,S-04124,5,889,一带,一带,yí dài,area; surroundings; region; district,,,unique,False,1,P1,,,,
BATCH-42,B5-0890,S-04125,5,890,一旦,一旦,yídàn,once; in case,,,unique,False,1,P1,,,,
BATCH-42,B5-0891,S-04126,5,891,一句话,一句话,yí jù huà,in a word; in short; one sentence,,,unique,False,1,P1,,,,
BATCH-42,B5-0892,S-04127,5,892,一路,一路,yí lù,all the way; take the same route,,,unique,False,1,P1,,,,
BATCH-42,B5-0894,S-04129,5,894,一下子,一下子,yí xià zi,all of a sudden; all at once; for a while,,,unique,False,1,P1,,,,
BATCH-42,B5-0895,S-04130,5,895,一向,一向,yíxiàng,Always,,,unique,False,1,P1,,,,
BATCH-42,B5-0896,S-04131,5,896,乙,乙,yǐ,second; second heavenly stem,,,unique,False,1,P1,,,,
BATCH-42,B5-0897,S-04132,5,897,以便,以便,yǐbiàn,so that,,,unique,False,1,P1,,,,
BATCH-42,B5-0898,S-04133,5,898,以往,以往,yǐwǎng,Past,,,unique,False,1,P1,,,,
BATCH-42,B5-0899,S-04134,5,899,一口气,一口气,yì kǒu qì,one breath; in one breath,,,unique,False,1,P1,,,,
BATCH-42,B5-0900,S-04135,5,900,一身,一身,yì shēn,the whole body; all over the body,,,unique,False,1,P1,,,,
BATCH-42,B5-0901,S-04136,5,901,意识,意识,yìshí,consciousness,,,unique,False,1,P1,,,,
BATCH-42,B5-0902,S-04137,5,902,意味着,意味着,yìwèizhe,Signify,,,unique,False,1,P1,,,,
BATCH-42,B5-0903,S-04138,5,903,意志,意志,yìzhì,will,,,unique,False,1,P1,,,,
BATCH-42,B5-0904,S-04139,5,904,因而,因而,yīn’ér,thus,,,unique,False,1,P1,,,,
BATCH-42,B5-0905,S-04140,5,905,饮料,饮料,yǐnliào,Drinks,,,unique,False,1,P1,,,,
BATCH-42,B5-0906,S-04141,5,906,饮食,饮食,yǐnshí,diet,,,unique,False,1,P1,,,,
BATCH-42,B5-0907,S-04142,5,907,印刷,印刷,yìnshuā,printing,,,unique,False,1,P1,,,,
BATCH-42,B5-0908,S-04143,5,908,应,应,yīng,answer; respond; agree; should; ought to,,,same_form_different_sense_or_pos,False,1,P1,,,,
BATCH-42,B5-0909,S-04144,5,909,硬,硬,yìng,hard,,,unique,False,1,P1,,,,
BATCH-42,B5-0910,S-04145,5,910,硬件,硬件,yìngjiàn,Hardware,,,unique,False,1,P1,,,,
BATCH-42,B5-0911,S-04146,5,911,拥抱,拥抱,yōngbào,embrace,,,unique,False,1,P1,,,,
BATCH-42,B5-0912,S-04147,5,912,拥有,拥有,yōngyǒu,Have,,,unique,False,1,P1,,,,
BATCH-42,B5-0913,S-04148,5,913,用不着,用不着,yòng bù zháo,no need; have no use for,,,unique,False,1,P1,,,,
BATCH-42,B5-0914,S-04149,5,914,用户,用户,yònghù,user,,,unique,False,1,P1,,,,
BATCH-42,B5-0915,S-04150,5,915,用来,用来,yòng lái,be used for; used to,,,unique,False,1,P1,,,,
BATCH-42,B5-0916,S-04151,5,916,用于,用于,yòng yú,use for; used in; use on,,,unique,False,1,P1,,,,
BATCH-42,B5-0917,S-04152,5,917,优惠,优惠,yōuhuì,preferential; favorable,,,unique,False,1,P1,,,,
BATCH-42,B5-0918,S-04153,5,918,优先,优先,yōuxiān,first,,,unique,False,1,P1,,,,
BATCH-42,B5-0919,S-04154,5,919,幽默,幽默,yōumò,Humor,,,unique,False,1,P1,,,,
BATCH-42,B5-0920,S-04155,5,920,尤其,尤其,yóuqí,especially,,,unique,False,1,P1,,,,
BATCH-42,B5-0921,S-04156,5,921,由此,由此,yóu cǐ,from this; therefrom; thus,,,unique,False,1,P1,,,,
BATCH-42,B5-0922,S-04157,5,922,犹豫,犹豫,yóuyù,Hesitate,,,unique,False,1,P1,,,,
BATCH-42,B5-0923,S-04158,5,923,游泳池,游泳池,yóu yǒng chí,swimming pool,,,unique,False,1,P1,,,,
BATCH-42,B5-0924,S-04159,5,924,友谊,友谊,yǒuyì,friendship,,,unique,False,1,P1,,,,
BATCH-42,B5-0925,S-04160,5,925,有毒,有毒,yǒu dú,poisonous; venomous,,,unique,False,1,P1,,,,
BATCH-42,B5-0926,S-04161,5,926,有害,有害,yǒu hài,harmful; pernicious; detrimental,,,unique,False,1,P1,,,,
BATCH-42,B5-0927,S-04162,5,927,有力,有力,yǒu lì,strong; powerful; forceful; energetic; vigorous,,,unique,False,1,P1,,,,
BATCH-42,B5-0928,S-04163,5,928,有利于,有利于,yǒu lì yú,in favour of; make for; to the benefit of; avail,,,unique,False,1,P1,,,,
BATCH-42,B5-0929,S-04164,5,929,有着,有着,yǒu zhe,have; possess,,,unique,False,1,P1,,,,
BATCH-42,B5-0930,S-04165,5,930,羽毛球,羽毛球,yǔmáoqiú,Badminton,,,unique,False,1,P1,,,,
BATCH-42,B5-0931,S-04166,5,931,羽绒服,羽绒服,yǔróngfú,Down Jackets,,,unique,False,1,P1,,,,
BATCH-42,B5-0932,S-04167,5,932,雨水,雨水,yǔ shuǐ,rainwater; rainfall; rain,,,unique,False,1,P1,,,,
BATCH-42,B5-0933,S-04168,5,933,预备,预备,yù bèi,prepare; get ready; preparation,,,unique,False,1,P1,,,,
BATCH-42,B5-0934,S-04169,5,934,预期,预期,yùqī,expect; anticipate,,,unique,False,1,P1,,,,
BATCH-42,B5-0935,S-04170,5,935,元旦,元旦,uándàn,the New year’s Day,,,unique,False,1,P1,,,,
BATCH-42,B5-0936,S-04171,5,936,园林,园林,yuánlín,Gardens,,,unique,False,1,P1,,,,
BATCH-42,B5-0937,S-04172,5,937,原理,原理,yuánlǐ,principle,,,unique,False,1,P1,,,,
BATCH-42,B5-0938,S-04173,5,938,原始,原始,yuánshǐ,Original,,,unique,False,1,P1,,,,
BATCH-42,B5-0939,S-04174,5,939,原先,原先,yuánxiān,Original,,,unique,False,1,P1,,,,
BATCH-42,B5-0940,S-04175,5,940,原有,原有,yuán yǒu,original,,,unique,False,1,P1,,,,
BATCH-42,B5-0941,S-04176,5,941,远处,远处,yuǎn chù,distance; far away,,,unique,False,1,P1,,,,
BATCH-42,B5-0942,S-04177,5,942,怨,怨,yuàn,blame ; complain; resentment; enmity,,,unique,False,1,P1,,,,
BATCH-42,B5-0943,S-04178,5,943,愿,愿,yuàn,will; wish; desire; hope; willing,,,unique,False,1,P1,,,,
BATCH-42,B5-0944,S-04179,5,944,约束,约束,yuēshù,bind; restrain,,,unique,False,1,P1,,,,
BATCH-42,B5-0945,S-04180,5,945,月饼,月饼,yuè bǐng,moon cake,,,unique,False,1,P1,,,,
BATCH-42,B5-0946,S-04181,5,946,月球,月球,yuè qiú,Moon,,,unique,False,1,P1,,,,
BATCH-42,B5-0947,S-04182,5,947,阅览室,阅览室,yuè lǎn shì,reading room,,,unique,False,1,P1,,,,
BATCH-42,B5-0948,S-04183,5,948,运,运,yùn,transport; luck; fortune; carry; move; wield,,,unique,False,1,P1,,,,
BATCH-42,B5-0949,S-04184,5,949,运行,运行,yùnxíng,run; working,,,unique,False,1,P1,,,,
BATCH-42,B5-0950,S-04185,5,950,灾,灾,zāi,disaster; calamity; adversity; personal misfortune,,,unique,False,1,P1,,,,
BATCH-42,B5-0951,S-04186,5,951,灾害,灾害,zāihài,disaster,,,unique,False,1,P1,,,,
BATCH-42,B5-0952,S-04187,5,952,灾难,灾难,zāinàn,disaster,,,unique,False,1,P1,,,,
BATCH-42,B5-0953,S-04188,5,953,灾区,灾区,zāi qū,disaster area,,,unique,False,1,P1,,,,
BATCH-42,B5-0954,S-04189,5,954,再次,再次,zài cì,once more; once again; one more time,,,unique,False,1,P1,,,,
BATCH-42,B5-0955,S-04190,5,955,再也,再也,zài yě,never; anymore; no longer,,,unique,False,1,P1,,,,
BATCH-43,B5-0956,S-04191,5,956,在场,在场,zài chǎng,be on the scene; be on the spot,,,unique,False,1,P1,,,,
BATCH-43,B5-0957,S-04192,5,957,在内,在内,zài nèi,including; inside; internally,,,unique,False,1,P1,,,,
BATCH-43,B5-0958,S-04193,5,958,暂时,暂时,zànshí,temporary,,,unique,False,1,P1,,,,
BATCH-43,B5-0959,S-04194,5,959,暂停,暂停,zàn tíng,pause; suspend; time out,,,unique,False,1,P1,,,,
BATCH-43,B5-0960,S-04195,5,960,糟,糟,zāo,dregs; waste; spoil; bad; in a mess,,,unique,False,1,P1,,,,
BATCH-43,B5-0961,S-04196,5,961,糟糕,糟糕,zāogāo,terrible,,,unique,False,1,P1,,,,
BATCH-43,B5-0962,S-04197,5,962,早期,早期,zǎo qī,early phase; early stage,,,unique,False,1,P1,,,,
BATCH-43,B5-0963,S-04198,5,963,增,增,zēng,increase; gain; add; expand,,,unique,False,1,P1,,,,
BATCH-43,B5-0964,S-04199,5,964,增产,增产,zēng chǎn,increase production,,,unique,False,1,P1,,,,
BATCH-43,B5-0965,S-04200,5,965,增大,增大,zēng dà,enlargement; magnify; increase,,,unique,False,1,P1,,,,
BATCH-43,B5-0966,S-04201,5,966,增多,增多,zēng duō,increase; grow in number,,,unique,False,1,P1,,,,
BATCH-43,B5-0967,S-04202,5,967,增强,增强,zēng qiáng,strengthen; enhance; heighten,,,unique,False,1,P1,,,,
BATCH-43,B5-0968,S-04203,5,968,赠,赠,zèng,give as a present; present as a gift,,,unique,False,1,P1,,,,
BATCH-43,B5-0969,S-04204,5,969,赠送,赠送,zèngsòng,Give,,,unique,False,1,P1,,,,
BATCH-43,B5-0970,S-04205,5,970,摘,摘,zhāi,pick,,,unique,False,1,P1,,,,
BATCH-43,B5-0971,S-04206,5,971,展览,展览,zhǎnlǎn,exhibition,,,unique,False,1,P1,,,,
BATCH-43,B5-0972,S-04207,5,972,展示,展示,zhǎnshì,Exhibit,,,unique,False,1,P1,,,,
BATCH-43,B5-0973,S-04208,5,973,展现,展现,zhǎnxiàn,To show,,,unique,False,1,P1,,,,
BATCH-43,B5-0974,S-04209,5,974,占领,占领,zhànlǐng,occupy,,,unique,False,1,P1,,,,
BATCH-43,B5-0975,S-04210,5,975,占有,占有,zhàn yǒu,own; possess; have; occupy; hold; having,,,unique,False,1,P1,,,,
BATCH-43,B5-0976,S-04211,5,976,涨,涨,zhǎng,rise,,,unique,False,1,P1,,,,
BATCH-43,B5-0977,S-04212,5,977,涨价,涨价,zhǎng jià,rise in price; inflation of prices; mark up,,,unique,False,1,P1,,,,
BATCH-43,B5-0978,S-04213,5,978,掌握,掌握,zhǎngwò,master,,,unique,False,1,P1,,,,
BATCH-43,B5-0979,S-04214,5,979,招生,招生,zhāo shēng,enroll new students; recruit students,,,unique,False,1,P1,,,,
BATCH-43,B5-0980,S-04215,5,980,招手,招手,zhāo shǒu,beckon; wave; beck,,,unique,False,1,P1,,,,
BATCH-43,B5-0981,S-04216,5,981,珍贵,珍贵,zhēnguì,precious,,,unique,False,1,P1,,,,
BATCH-43,B5-0982,S-04217,5,982,珍惜,珍惜,zhēnxī,cherish,,,unique,False,1,P1,,,,
BATCH-43,B5-0983,S-04218,5,983,珍珠,珍珠,zhēnzhū,Pearl,,,unique,False,1,P1,,,,
BATCH-43,B5-0984,S-04219,5,984,真诚,真诚,zhēn chéng,sincere; genuine; true; genuineness,,,unique,False,1,P1,,,,
BATCH-43,B5-0985,S-04220,5,985,真理,真理,zhēnlǐ,Truth,,,unique,False,1,P1,,,,
BATCH-43,B5-0986,S-04221,5,986,真相,真相,zhēnxiàng,fact; truth,,,unique,False,1,P1,,,,
BATCH-43,B5-0987,S-04222,5,987,诊断,诊断,zhěnduàn,Diagnosis,,,unique,False,1,P1,,,,
BATCH-43,B5-0988,S-04223,5,988,振动,振动,zhèndòng,Vibration,,,unique,False,1,P1,,,,
BATCH-43,B5-0989,S-04224,5,989,震惊,震惊,zhènjīng,shock,,,unique,False,1,P1,,,,
BATCH-43,B5-0990,S-04225,5,990,争议,争议,zhēngyì,dispute,,,unique,False,1,P1,,,,
BATCH-43,B5-0991,S-04226,5,991,正版,正版,zhèng bǎn,genuine; legal copy,,,unique,False,1,P1,,,,
BATCH-43,B5-0992,S-04227,5,992,正规,正规,zhèngguī,regular,,,unique,False,1,P1,,,,
BATCH-43,B5-0993,S-04228,5,993,正如,正如,zhèng rú,just as; exactly as,,,unique,False,1,P1,,,,
BATCH-43,B5-0994,S-04229,5,994,正义,正义,zhèngyì,justice,,,unique,False,1,P1,,,,
BATCH-43,B5-0995,S-04230,5,995,证实,证实,zhèngshí,Confirm,,,unique,False,1,P1,,,,
BATCH-43,B5-0996,S-04231,5,996,证书,证书,zhèngshū,certificate,,,unique,False,1,P1,,,,
BATCH-43,B5-0997,S-04232,5,997,挣,挣,zhèng,"earn, make",,,unique,False,1,P1,,,,
BATCH-43,B5-0998,S-04233,5,998,挣钱,挣钱,zhèng qián,make money; earn money,,,unique,False,1,P1,,,,
BATCH-43,B5-0999,S-04234,5,999,之内,之内,zhī nèi,in; within,,,unique,False,1,P1,,,,
BATCH-43,B5-1000,S-04235,5,1000,之外,之外,zhī wài,outside; except,,,unique,False,1,P1,,,,
BATCH-43,B5-1001,S-04236,5,1001,之下,之下,zhī xià,under,,,unique,False,1,P1,,,,
BATCH-43,B5-1002,S-04237,5,1002,之中,之中,zhī zhōng,in; in the midst of; among,,,unique,False,1,P1,,,,
BATCH-43,B5-1003,S-04238,5,1003,支出,支出,zhīchū,payout; expend,,,unique,False,1,P1,,,,
BATCH-43,B5-1004,S-04239,5,1004,支配,支配,zhīpèi,Control,,,unique,False,1,P1,,,,
BATCH-43,B5-1005,S-04240,5,1005,执行,执行,zhíxíng,implement,,,unique,False,1,P1,,,,
BATCH-43,B5-1006,S-04241,5,1006,直线,直线,zhí xiàn,straight line,,,unique,False,1,P1,,,,
BATCH-43,B5-1007,S-04242,5,1007,值班,值班,zhíbān,Be on duty,,,unique,False,1,P1,,,,
BATCH-43,B5-1008,S-04243,5,1008,职能,职能,zhínéng,function,,,unique,False,1,P1,,,,
BATCH-43,B5-1009,S-04244,5,1009,职位,职位,zhíwèi,position,,,unique,False,1,P1,,,,
BATCH-43,B5-1010,S-04245,5,1010,职务,职务,zhíwù,post,,,unique,False,1,P1,,,,
BATCH-43,B5-1011,S-04246,5,1011,只不过,只不过,zhǐ bú guò,only; just; merely,,,unique,False,1,P1,,,,
BATCH-43,B5-1012,S-04247,5,1012,只见,只见,zhǐ jiàn,only see; see,,,unique,False,1,P1,,,,
BATCH-43,B5-1013,S-04248,5,1013,指标,指标,zhǐbiāo,index,,,unique,False,1,P1,,,,
BATCH-43,B5-1014,S-04249,5,1014,指甲,指甲,zhǐjia,nail,,,unique,False,1,P1,,,,
BATCH-43,B5-1015,S-04250,5,1015,指示,指示,zhǐshì,Instructions,,,unique,False,1,P1,,,,
BATCH-43,B5-1016,S-04251,5,1016,指责,指责,zhǐzé,Accuse,,,unique,False,1,P1,,,,
BATCH-43,B5-1017,S-04252,5,1017,至,至,zhì,to; till; until; extremely,,,unique,False,1,P1,,,,
BATCH-43,B5-1018,S-04253,5,1018,制成,制成,zhì chéng,make into; be made from,,,unique,False,1,P1,,,,
BATCH-43,B5-1019,S-04254,5,1019,制约,制约,zhìyuē,restrict,,,unique,False,1,P1,,,,
BATCH-43,B5-1020,S-04255,5,1020,治安,治安,zhì’ān,public security,,,unique,False,1,P1,,,,
BATCH-43,B5-1021,S-04256,5,1021,治理,治理,zhìlǐ,Government,,,unique,False,1,P1,,,,
BATCH-43,B5-1022,S-04257,5,1022,中断,中断,zhōngduàn,interrupt,,,unique,False,1,P1,,,,
BATCH-43,B5-1023,S-04258,5,1023,中秋节,中秋节,zhōng qiū jié,Mid-Autumn Festival,,,unique,False,1,P1,,,,
BATCH-43,B5-1024,S-04259,5,1024,中央,中央,zhōngyāng,center,,,unique,False,1,P1,,,,
BATCH-43,B5-1025,S-04260,5,1025,中药,中药,zhōng yào,traditional Chinese medicine,,,unique,False,1,P1,,,,
BATCH-43,B5-1026,S-04261,5,1026,终点,终点,zhōngdiǎn,End,,,unique,False,1,P1,,,,
BATCH-43,B5-1027,S-04262,5,1027,终身,终身,zhōngshēn,lifelong,,,unique,False,1,P1,,,,
BATCH-43,B5-1028,S-04263,5,1028,终止,终止,zhōngzhǐ,termination,,,unique,False,1,P1,,,,
BATCH-43,B5-1029,S-04264,5,1029,中毒,中毒,zhòng dú,poisoning; be poisoned,,,unique,False,1,P1,,,,
BATCH-43,B5-1030,S-04265,5,1030,众多,众多,zhòng duō,multitudinous; numerous; many,,,unique,False,1,P1,,,,
BATCH-43,B5-1031,S-04266,5,1031,周期,周期,zhōuqī,period cycle,,,unique,False,1,P1,,,,
BATCH-43,B5-1032,S-04267,5,1032,竹子,竹子,zhúzi,Bamboo,,,unique,False,1,P1,,,,
BATCH-43,B5-1033,S-04268,5,1033,主办,主办,zhǔbàn,Host,,,unique,False,1,P1,,,,
BATCH-43,B5-1034,S-04269,5,1034,主导,主导,zhǔdǎo,leading,,,unique,False,1,P1,,,,
BATCH-43,B5-1035,S-04270,5,1035,主观,主观,zhǔguān,subjective,,,unique,False,1,P1,,,,
BATCH-43,B5-1036,S-04271,5,1036,主管,主管,zhǔguǎn,Executive director,,,unique,False,1,P1,,,,
BATCH-43,B5-1037,S-04272,5,1037,主体,主体,zhǔ tǐ,main body; main part; principal part; subject,,,unique,False,1,P1,,,,
BATCH-43,B5-1038,S-04273,5,1038,助理,助理,zhùlǐ,assistant,,,unique,False,1,P1,,,,
BATCH-43,B5-1039,S-04274,5,1039,助手,助手,zhùshǒu,assistant,,,unique,False,1,P1,,,,
BATCH-43,B5-1040,S-04275,5,1040,注册,注册,zhùcè,register,,,unique,False,1,P1,,,,
BATCH-43,B5-1041,S-04276,5,1041,注射,注射,zhùshè,injection,,,unique,False,1,P1,,,,
BATCH-43,B5-1042,S-04277,5,1042,注视,注视,zhùshì,Gaze,,,unique,False,1,P1,,,,
BATCH-43,B5-1043,S-04278,5,1043,注重,注重,zhùzhòng,pay attention to,,,unique,False,1,P1,,,,
BATCH-43,B5-1044,S-04279,5,1044,祝贺,祝贺,zhùhè,Congratulate,,,unique,False,1,P1,,,,
BATCH-43,B5-1045,S-04280,5,1045,专辑,专辑,zhuān jí,album,,,unique,False,1,P1,,,,
BATCH-43,B5-1046,S-04281,5,1046,专利,专利,zhuānlì,patent,,,unique,False,1,P1,,,,
BATCH-43,B5-1047,S-04282,5,1047,转化,转化,zhuǎn huà,change; transform,,,unique,False,1,P1,,,,
BATCH-43,B5-1048,S-04283,5,1048,转换,转换,zhuǎn huàn,conversion; change; transform; convert,,,unique,False,1,P1,,,,
BATCH-43,B5-1049,S-04284,5,1049,转让,转让,zhuǎnràng,make over; transfer,,,unique,False,1,P1,,,,
BATCH-43,B5-1050,S-04285,5,1050,转向,转向,zhuǎn xiàng,turn to; sheer off; change direction,,,unique,False,1,P1,,,,
BATCH-43,B5-1051,S-04286,5,1051,装饰,装饰,zhuāngshì,decorate,,,unique,False,1,P1,,,,
BATCH-43,B5-1052,S-04287,5,1052,撞,撞,zhuàng,Hit,,,unique,False,1,P1,,,,
BATCH-43,B5-1053,S-04288,5,1053,资本,资本,zīběn,capital,,,unique,False,1,P1,,,,
BATCH-43,B5-1054,S-04289,5,1054,资产,资产,zīchǎn,capital; asset,,,unique,False,1,P1,,,,
BATCH-43,B5-1055,S-04290,5,1055,资助,资助,zīzhù,give financial aid,,,unique,False,1,P1,,,,
BATCH-44,B5-1056,S-04291,5,1056,子弹,子弹,zǐdàn,Bullet,,,unique,False,1,P1,,,,
BATCH-44,B5-1057,S-04292,5,1057,仔细,仔细,zǐxì,careful,,,unique,False,1,P1,,,,
BATCH-44,B5-1058,S-04293,5,1058,紫,紫,zǐ,purple,,,unique,False,1,P1,,,,
BATCH-44,B5-1059,S-04294,5,1059,自豪,自豪,zìháo,Proud,,,unique,False,1,P1,,,,
BATCH-44,B5-1060,S-04295,5,1060,自杀,自杀,zì shā,suicide; commit suicide,,,unique,False,1,P1,,,,
BATCH-44,B5-1061,S-04296,5,1061,自愿,自愿,zìyuàn,voluntarily,,,unique,False,1,P1,,,,
BATCH-44,B5-1062,S-04297,5,1062,总裁,总裁,zǒngcái,CEO,,,unique,False,1,P1,,,,
BATCH-44,B5-1063,S-04298,5,1063,总数,总数,zǒng shù,tote; sum; totality,,,unique,False,1,P1,,,,
BATCH-44,B5-1064,S-04299,5,1064,总算,总算,zǒngsuàn,finally,,,unique,False,1,P1,,,,
BATCH-44,B5-1065,S-04300,5,1065,总体,总体,zǒng tǐ,overall; total; entire; totality,,,unique,False,1,P1,,,,
BATCH-44,B5-1066,S-04301,5,1066,阻碍,阻碍,zǔ’ài,hinder,,,unique,False,1,P1,,,,
BATCH-44,B5-1067,S-04302,5,1067,组织,组织,zǔzhī,organization,,,unique,False,1,P1,,,,
BATCH-44,B5-1068,S-04303,5,1068,醉,醉,zuì,drunk,,,unique,False,1,P1,,,,
BATCH-44,B5-1069,S-04304,5,1069,尊敬,尊敬,zūnjìng,respect,,,unique,False,1,P1,,,,
BATCH-44,B5-1070,S-04305,5,1070,尊重,尊重,zūnzhòng,respect,,,unique,False,1,P1,,,,
BATCH-44,B5-1071,S-04306,5,1071,遵守,遵守,zūnshǒu,comply with,,,unique,False,1,P1,,,,
